0 verbose cli /usr/local/bin/node /usr/local/bin/npm
1 info using npm@10.9.3
2 info using node@v22.19.0
3 silly config load:file:/usr/local/lib/node_modules/npm/npmrc
4 silly config load:file:/Users/murilovieira/Documents/Projeto-Hexis/.npmrc
5 silly config load:file:/Users/murilovieira/.npmrc
6 silly config load:file:/Users/murilovieira/.npm-global/etc/npmrc
7 verbose title npm install next@latest react@latest react-dom@latest
8 verbose argv "install" "next@latest" "react@latest" "react-dom@latest" "--cache" "./.npm-cache"
9 verbose logfile logs-max:10 dir:/Users/murilovieira/Documents/Projeto-Hexis/.npm-cache/_logs/2026-01-12T20_28_42_858Z-
10 verbose logfile /Users/murilovieira/Documents/Projeto-Hexis/.npm-cache/_logs/2026-01-12T20_28_42_858Z-debug-0.log
11 silly logfile done cleaning log files
12 silly packumentCache heap:2197815296 maxSize:549453824 maxEntrySize:274726912
13 silly packumentCache corgi:https://registry.npmjs.org/next cache-miss
14 silly packumentCache corgi:https://registry.npmjs.org/react cache-miss
15 silly packumentCache corgi:https://registry.npmjs.org/react-dom cache-miss
16 http fetch GET 200 https://registry.npmjs.org/npm 351ms
17 http fetch GET 200 https://registry.npmjs.org/react-dom 356ms (cache miss)
18 silly packumentCache corgi:https://registry.npmjs.org/react-dom set size:undefined disposed:false
19 http fetch GET 200 https://registry.npmjs.org/react 434ms (cache miss)
20 silly packumentCache corgi:https://registry.npmjs.org/react set size:undefined disposed:false
21 http fetch GET 200 https://registry.npmjs.org/next 545ms (cache miss)
22 silly packumentCache corgi:https://registry.npmjs.org/next set size:undefined disposed:false
23 silly idealTree buildDeps
24 silly fetch manifest next@16.1.1
25 silly packumentCache full:https://registry.npmjs.org/next cache-miss
26 http fetch GET 200 https://registry.npmjs.org/next 770ms (cache miss)
27 silly packumentCache full:https://registry.npmjs.org/next set size:undefined disposed:false
28 silly fetch manifest @opentelemetry/api@^1.1.0
29 silly packumentCache full:https://registry.npmjs.org/@opentelemetry%2fapi cache-miss
30 http fetch GET 200 https://registry.npmjs.org/@opentelemetry%2fapi 78ms (cache miss)
31 silly packumentCache full:https://registry.npmjs.org/@opentelemetry%2fapi set size:undefined disposed:false
32 silly fetch manifest @playwright/test@^1.51.1
33 silly packumentCache full:https://registry.npmjs.org/@playwright%2ftest cache-miss
34 http fetch GET 200 https://registry.npmjs.org/@playwright%2ftest 268ms (cache miss)
35 silly packumentCache full:https://registry.npmjs.org/@playwright%2ftest set size:undefined disposed:false
36 silly fetch manifest babel-plugin-react-compiler@*
37 silly packumentCache full:https://registry.npmjs.org/babel-plugin-react-compiler cache-miss
38 http fetch GET 200 https://registry.npmjs.org/babel-plugin-react-compiler 73ms (cache miss)
39 silly packumentCache full:https://registry.npmjs.org/babel-plugin-react-compiler set size:undefined disposed:false
40 silly fetch manifest react@19.2.3
41 silly packumentCache full:https://registry.npmjs.org/react cache-miss
42 http fetch GET 200 https://registry.npmjs.org/react 154ms (cache miss)
43 silly packumentCache full:https://registry.npmjs.org/react set size:undefined disposed:false
44 silly fetch manifest react-dom@19.2.3
45 silly packumentCache full:https://registry.npmjs.org/react-dom cache-miss
46 http fetch GET 200 https://registry.npmjs.org/react-dom 316ms (cache miss)
47 silly packumentCache full:https://registry.npmjs.org/react-dom set size:undefined disposed:false
48 silly fetch manifest sass@^1.3.0
49 silly packumentCache full:https://registry.npmjs.org/sass cache-miss
50 http fetch GET 200 https://registry.npmjs.org/sass 62ms (cache miss)
51 silly packumentCache full:https://registry.npmjs.org/sass set size:undefined disposed:false
52 silly fetch manifest @supabase/supabase-js@^2.39.3
53 silly packumentCache full:https://registry.npmjs.org/@supabase%2fsupabase-js cache-miss
54 http fetch GET 200 https://registry.npmjs.org/@supabase%2fsupabase-js 109ms (cache miss)
55 silly packumentCache full:https://registry.npmjs.org/@supabase%2fsupabase-js set size:undefined disposed:false
56 silly fetch manifest @supabase/ssr@^0.1.0
57 silly packumentCache full:https://registry.npmjs.org/@supabase%2fssr cache-miss
58 http fetch GET 200 https://registry.npmjs.org/@supabase%2fssr 55ms (cache miss)
59 silly packumentCache full:https://registry.npmjs.org/@supabase%2fssr set size:undefined disposed:false
60 silly fetch manifest typescript@^5.4.5
61 silly packumentCache full:https://registry.npmjs.org/typescript cache-miss
62 http fetch GET 200 https://registry.npmjs.org/typescript 268ms (cache miss)
63 silly packumentCache full:https://registry.npmjs.org/typescript set size:undefined disposed:false
64 silly fetch manifest @types/node@^20.12.7
65 silly packumentCache full:https://registry.npmjs.org/@types%2fnode cache-miss
66 http fetch GET 200 https://registry.npmjs.org/@types%2fnode 180ms (cache miss)
67 silly packumentCache full:https://registry.npmjs.org/@types%2fnode set size:undefined disposed:false
68 silly fetch manifest @types/react@^18.3.1
69 silly packumentCache full:https://registry.npmjs.org/@types%2freact cache-miss
70 http fetch GET 200 https://registry.npmjs.org/@types%2freact 188ms (cache miss)
71 silly packumentCache full:https://registry.npmjs.org/@types%2freact set size:undefined disposed:false
72 silly fetch manifest @types/react-dom@^18.3.0
73 silly packumentCache full:https://registry.npmjs.org/@types%2freact-dom cache-miss
74 http fetch GET 200 https://registry.npmjs.org/@types%2freact-dom 69ms (cache miss)
75 silly packumentCache full:https://registry.npmjs.org/@types%2freact-dom set size:undefined disposed:false
76 silly fetch manifest eslint@^8.57.0
77 silly packumentCache full:https://registry.npmjs.org/eslint cache-miss
78 http fetch GET 200 https://registry.npmjs.org/eslint 198ms (cache miss)
79 silly packumentCache full:https://registry.npmjs.org/eslint set size:undefined disposed:false
80 silly fetch manifest eslint-config-next@14.2.5
81 silly packumentCache full:https://registry.npmjs.org/eslint-config-next cache-miss
82 http fetch GET 200 https://registry.npmjs.org/eslint-config-next 254ms (cache miss)
83 silly packumentCache full:https://registry.npmjs.org/eslint-config-next set size:undefined disposed:false
84 silly placeDep ROOT @supabase/ssr@0.1.0 OK for: projeto-hexis@0.1.0 want: ^0.1.0
85 silly placeDep ROOT @supabase/supabase-js@2.90.1 OK for: @supabase/ssr@0.1.0 want: ^2.33.1
86 silly placeDep ROOT @types/node@20.19.28 OK for: projeto-hexis@0.1.0 want: ^20.12.7
87 silly placeDep ROOT @types/react@18.3.27 OK for: projeto-hexis@0.1.0 want: ^18.3.1
88 silly placeDep ROOT @types/react-dom@18.3.7 OK for: projeto-hexis@0.1.0 want: ^18.3.0
89 silly placeDep ROOT eslint@8.57.1 OK for: projeto-hexis@0.1.0 want: ^8.57.0
90 silly placeDep ROOT eslint-config-next@14.2.5 OK for: projeto-hexis@0.1.0 want: 14.2.5
91 silly placeDep ROOT next@16.1.1 OK for: projeto-hexis@0.1.0 want: 16.1.1
92 silly placeDep ROOT react@19.2.3 OK for: next@16.1.1 want: ^18.2.0 || 19.0.0-rc-de68d2f4-20241204 || ^19.0.0
93 silly placeDep ROOT react-dom@19.2.3 OK for: next@16.1.1 want: ^18.2.0 || 19.0.0-rc-de68d2f4-20241204 || ^19.0.0
94 silly placeDep ROOT react@19.2.3 REPLACE for: projeto-hexis@0.1.0 want: 19.2.3
95 silly placeDep ROOT react-dom@19.2.3 REPLACE for: projeto-hexis@0.1.0 want: 19.2.3
96 silly placeDep ROOT typescript@5.9.3 OK for: projeto-hexis@0.1.0 want: ^5.4.5
97 silly fetch manifest ramda@^0.29.0
98 silly packumentCache full:https://registry.npmjs.org/ramda cache-miss
99 silly fetch manifest cookie@^0.5.0
100 silly packumentCache full:https://registry.npmjs.org/cookie cache-miss
101 silly fetch manifest @supabase/auth-js@2.90.1
102 silly packumentCache full:https://registry.npmjs.org/@supabase%2fauth-js cache-miss
103 silly fetch manifest @supabase/storage-js@2.90.1
104 silly packumentCache full:https://registry.npmjs.org/@supabase%2fstorage-js cache-miss
105 silly fetch manifest @supabase/realtime-js@2.90.1
106 silly packumentCache full:https://registry.npmjs.org/@supabase%2frealtime-js cache-miss
107 silly fetch manifest @supabase/functions-js@2.90.1
108 silly packumentCache full:https://registry.npmjs.org/@supabase%2ffunctions-js cache-miss
109 silly fetch manifest @supabase/postgrest-js@2.90.1
110 silly packumentCache full:https://registry.npmjs.org/@supabase%2fpostgrest-js cache-miss
111 http fetch GET 200 https://registry.npmjs.org/ramda 42ms (cache miss)
112 silly packumentCache full:https://registry.npmjs.org/ramda set size:undefined disposed:false
113 silly fetch manifest undici-types@~6.21.0
114 silly packumentCache full:https://registry.npmjs.org/undici-types cache-miss
115 http fetch GET 200 https://registry.npmjs.org/cookie 56ms (cache miss)
116 silly packumentCache full:https://registry.npmjs.org/cookie set size:undefined disposed:false
117 silly fetch manifest csstype@^3.2.2
118 silly packumentCache full:https://registry.npmjs.org/csstype cache-miss
119 http fetch GET 200 https://registry.npmjs.org/@supabase%2fauth-js 70ms (cache miss)
120 silly packumentCache full:https://registry.npmjs.org/@supabase%2fauth-js set size:undefined disposed:false
121 silly fetch manifest @types/prop-types@*
122 silly packumentCache full:https://registry.npmjs.org/@types%2fprop-types cache-miss
123 http fetch GET 200 https://registry.npmjs.org/undici-types 52ms (cache miss)
124 silly packumentCache full:https://registry.npmjs.org/undici-types set size:undefined disposed:false
125 silly fetch manifest ajv@^6.12.4
126 silly packumentCache full:https://registry.npmjs.org/ajv cache-miss
127 http fetch GET 200 https://registry.npmjs.org/csstype 47ms (cache miss)
128 silly packumentCache full:https://registry.npmjs.org/csstype set size:undefined disposed:false
129 silly fetch manifest levn@^0.4.1
130 silly packumentCache full:https://registry.npmjs.org/levn cache-miss
131 http fetch GET 200 https://registry.npmjs.org/@supabase%2ffunctions-js 127ms (cache miss)
132 silly packumentCache full:https://registry.npmjs.org/@supabase%2ffunctions-js set size:undefined disposed:false
133 silly fetch manifest chalk@^4.0.0
134 silly packumentCache full:https://registry.npmjs.org/chalk cache-miss
135 http fetch GET 200 https://registry.npmjs.org/@supabase%2frealtime-js 131ms (cache miss)
136 silly packumentCache full:https://registry.npmjs.org/@supabase%2frealtime-js set size:undefined disposed:false
137 silly fetch manifest debug@^4.3.2
138 silly packumentCache full:https://registry.npmjs.org/debug cache-miss
139 http fetch GET 200 https://registry.npmjs.org/@types%2fprop-types 63ms (cache miss)
140 silly packumentCache full:https://registry.npmjs.org/@types%2fprop-types set size:undefined disposed:false
141 silly fetch manifest espree@^9.6.1
142 silly packumentCache full:https://registry.npmjs.org/espree cache-miss
143 http fetch GET 200 https://registry.npmjs.org/levn 35ms (cache miss)
144 silly packumentCache full:https://registry.npmjs.org/levn set size:undefined disposed:false
145 silly fetch manifest ignore@^5.2.0
146 silly packumentCache full:https://registry.npmjs.org/ignore cache-miss
147 http fetch GET 200 https://registry.npmjs.org/ajv 69ms (cache miss)
148 silly packumentCache full:https://registry.npmjs.org/ajv set size:undefined disposed:false
149 silly fetch manifest esquery@^1.4.2
150 silly packumentCache full:https://registry.npmjs.org/esquery cache-miss
151 http fetch GET 200 https://registry.npmjs.org/chalk 49ms (cache miss)
152 silly packumentCache full:https://registry.npmjs.org/chalk set size:undefined disposed:false
153 silly fetch manifest esutils@^2.0.2
154 silly packumentCache full:https://registry.npmjs.org/esutils cache-miss
155 http fetch GET 200 https://registry.npmjs.org/ignore 42ms (cache miss)
156 silly packumentCache full:https://registry.npmjs.org/ignore set size:undefined disposed:false
157 silly fetch manifest find-up@^5.0.0
158 silly packumentCache full:https://registry.npmjs.org/find-up cache-miss
159 http fetch GET 200 https://registry.npmjs.org/debug 54ms (cache miss)
160 silly packumentCache full:https://registry.npmjs.org/debug set size:undefined disposed:false
161 silly fetch manifest globals@^13.19.0
162 silly packumentCache full:https://registry.npmjs.org/globals cache-miss
163 http fetch GET 200 https://registry.npmjs.org/espree 58ms (cache miss)
164 silly packumentCache full:https://registry.npmjs.org/espree set size:undefined disposed:false
165 silly fetch manifest is-glob@^4.0.0
166 silly packumentCache full:https://registry.npmjs.org/is-glob cache-miss
167 http fetch GET 200 https://registry.npmjs.org/esquery 39ms (cache miss)
168 silly packumentCache full:https://registry.npmjs.org/esquery set size:undefined disposed:false
169 silly fetch manifest js-yaml@^4.1.0
170 silly packumentCache full:https://registry.npmjs.org/js-yaml cache-miss
171 http fetch GET 200 https://registry.npmjs.org/find-up 31ms (cache miss)
172 silly packumentCache full:https://registry.npmjs.org/find-up set size:undefined disposed:false
173 silly fetch manifest doctrine@^3.0.0
174 silly packumentCache full:https://registry.npmjs.org/doctrine cache-miss
175 http fetch GET 200 https://registry.npmjs.org/esutils 41ms (cache miss)
176 silly packumentCache full:https://registry.npmjs.org/esutils set size:undefined disposed:false
177 silly fetch manifest graphemer@^1.4.0
178 silly packumentCache full:https://registry.npmjs.org/graphemer cache-miss
179 http fetch GET 200 https://registry.npmjs.org/is-glob 31ms (cache miss)
180 silly packumentCache full:https://registry.npmjs.org/is-glob set size:undefined disposed:false
181 silly fetch manifest minimatch@^3.1.2
182 silly packumentCache full:https://registry.npmjs.org/minimatch cache-miss
183 http fetch GET 200 https://registry.npmjs.org/globals 46ms (cache miss)
184 silly packumentCache full:https://registry.npmjs.org/globals set size:undefined disposed:false
185 silly fetch manifest @eslint/js@8.57.1
186 silly packumentCache full:https://registry.npmjs.org/@eslint%2fjs cache-miss
187 http fetch GET 200 https://registry.npmjs.org/@supabase%2fstorage-js 242ms (cache miss)
188 silly packumentCache full:https://registry.npmjs.org/@supabase%2fstorage-js set size:undefined disposed:false
189 silly fetch manifest optionator@^0.9.3
190 silly packumentCache full:https://registry.npmjs.org/optionator cache-miss
191 http fetch GET 200 https://registry.npmjs.org/doctrine 38ms (cache miss)
192 silly packumentCache full:https://registry.npmjs.org/doctrine set size:undefined disposed:false
193 silly fetch manifest strip-ansi@^6.0.1
194 silly packumentCache full:https://registry.npmjs.org/strip-ansi cache-miss
195 http fetch GET 200 https://registry.npmjs.org/js-yaml 52ms (cache miss)
196 silly packumentCache full:https://registry.npmjs.org/js-yaml set size:undefined disposed:false
197 silly fetch manifest text-table@^0.2.0
198 silly packumentCache full:https://registry.npmjs.org/text-table cache-miss
199 http fetch GET 200 https://registry.npmjs.org/minimatch 47ms (cache miss)
200 silly packumentCache full:https://registry.npmjs.org/minimatch set size:undefined disposed:false
201 silly fetch manifest cross-spawn@^7.0.2
202 silly packumentCache full:https://registry.npmjs.org/cross-spawn cache-miss
203 http fetch GET 200 https://registry.npmjs.org/graphemer 58ms (cache miss)
204 silly packumentCache full:https://registry.npmjs.org/graphemer set size:undefined disposed:false
205 silly fetch manifest glob-parent@^6.0.2
206 silly packumentCache full:https://registry.npmjs.org/glob-parent cache-miss
207 http fetch GET 200 https://registry.npmjs.org/@supabase%2fpostgrest-js 285ms (cache miss)
208 silly packumentCache full:https://registry.npmjs.org/@supabase%2fpostgrest-js set size:undefined disposed:false
209 silly fetch manifest imurmurhash@^0.1.4
210 silly packumentCache full:https://registry.npmjs.org/imurmurhash cache-miss
211 http fetch GET 200 https://registry.npmjs.org/optionator 55ms (cache miss)
212 silly packumentCache full:https://registry.npmjs.org/optionator set size:undefined disposed:false
213 silly fetch manifest eslint-scope@^7.2.2
214 silly packumentCache full:https://registry.npmjs.org/eslint-scope cache-miss
215 http fetch GET 200 https://registry.npmjs.org/@eslint%2fjs 63ms (cache miss)
216 silly packumentCache full:https://registry.npmjs.org/@eslint%2fjs set size:undefined disposed:false
217 silly fetch manifest lodash.merge@^4.6.2
218 silly packumentCache full:https://registry.npmjs.org/lodash.merge cache-miss
219 http fetch GET 200 https://registry.npmjs.org/text-table 38ms (cache miss)
220 silly packumentCache full:https://registry.npmjs.org/text-table set size:undefined disposed:false
221 silly fetch manifest is-path-inside@^3.0.3
222 silly packumentCache full:https://registry.npmjs.org/is-path-inside cache-miss
223 http fetch GET 200 https://registry.npmjs.org/strip-ansi 55ms (cache miss)
224 silly packumentCache full:https://registry.npmjs.org/strip-ansi set size:undefined disposed:false
225 silly fetch manifest fast-deep-equal@^3.1.3
226 silly packumentCache full:https://registry.npmjs.org/fast-deep-equal cache-miss
227 http fetch GET 200 https://registry.npmjs.org/cross-spawn 40ms (cache miss)
228 silly packumentCache full:https://registry.npmjs.org/cross-spawn set size:undefined disposed:false
229 silly fetch manifest natural-compare@^1.4.0
230 silly packumentCache full:https://registry.npmjs.org/natural-compare cache-miss
231 http fetch GET 200 https://registry.npmjs.org/glob-parent 43ms (cache miss)
232 silly packumentCache full:https://registry.npmjs.org/glob-parent set size:undefined disposed:false
233 silly fetch manifest @eslint/eslintrc@^2.1.4
234 silly packumentCache full:https://registry.npmjs.org/@eslint%2feslintrc cache-miss
235 http fetch GET 200 https://registry.npmjs.org/imurmurhash 45ms (cache miss)
236 silly packumentCache full:https://registry.npmjs.org/imurmurhash set size:undefined disposed:false
237 silly fetch manifest @nodelib/fs.walk@^1.2.8
238 silly packumentCache full:https://registry.npmjs.org/@nodelib%2ffs.walk cache-miss
239 http fetch GET 200 https://registry.npmjs.org/lodash.merge 40ms (cache miss)
240 silly packumentCache full:https://registry.npmjs.org/lodash.merge set size:undefined disposed:false
241 silly fetch manifest file-entry-cache@^6.0.1
242 silly packumentCache full:https://registry.npmjs.org/file-entry-cache cache-miss
243 http fetch GET 200 https://registry.npmjs.org/eslint-scope 47ms (cache miss)
244 silly packumentCache full:https://registry.npmjs.org/eslint-scope set size:undefined disposed:false
245 silly fetch manifest eslint-visitor-keys@^3.4.3
246 silly packumentCache full:https://registry.npmjs.org/eslint-visitor-keys cache-miss
247 http fetch GET 200 https://registry.npmjs.org/natural-compare 33ms (cache miss)
248 silly packumentCache full:https://registry.npmjs.org/natural-compare set size:undefined disposed:false
249 silly fetch manifest escape-string-regexp@^4.0.0
250 silly packumentCache full:https://registry.npmjs.org/escape-string-regexp cache-miss
251 http fetch GET 200 https://registry.npmjs.org/is-path-inside 48ms (cache miss)
252 silly packumentCache full:https://registry.npmjs.org/is-path-inside set size:undefined disposed:false
253 silly fetch manifest @ungap/structured-clone@^1.2.0
254 silly packumentCache full:https://registry.npmjs.org/@ungap%2fstructured-clone cache-miss
255 http fetch GET 200 https://registry.npmjs.org/fast-deep-equal 39ms (cache miss)
256 silly packumentCache full:https://registry.npmjs.org/fast-deep-equal set size:undefined disposed:false
257 silly fetch manifest @eslint-community/regexpp@^4.6.1
258 silly packumentCache full:https://registry.npmjs.org/@eslint-community%2fregexpp cache-miss
259 http fetch GET 200 https://registry.npmjs.org/escape-string-regexp 32ms (cache miss)
260 silly packumentCache full:https://registry.npmjs.org/escape-string-regexp set size:undefined disposed:false
261 silly fetch manifest @humanwhocodes/config-array@^0.13.0
262 silly packumentCache full:https://registry.npmjs.org/@humanwhocodes%2fconfig-array cache-miss
263 http fetch GET 200 https://registry.npmjs.org/@nodelib%2ffs.walk 51ms (cache miss)
264 silly packumentCache full:https://registry.npmjs.org/@nodelib%2ffs.walk set size:undefined disposed:false
265 silly fetch manifest @eslint-community/eslint-utils@^4.2.0
266 silly packumentCache full:https://registry.npmjs.org/@eslint-community%2feslint-utils cache-miss
267 http fetch GET 200 https://registry.npmjs.org/@eslint%2feslintrc 66ms (cache miss)
268 silly packumentCache full:https://registry.npmjs.org/@eslint%2feslintrc set size:undefined disposed:false
269 silly fetch manifest @humanwhocodes/module-importer@^1.0.1
270 silly packumentCache full:https://registry.npmjs.org/@humanwhocodes%2fmodule-importer cache-miss
271 http fetch GET 200 https://registry.npmjs.org/file-entry-cache 51ms (cache miss)
272 silly packumentCache full:https://registry.npmjs.org/file-entry-cache set size:undefined disposed:false
273 silly fetch manifest json-stable-stringify-without-jsonify@^1.0.1
274 silly packumentCache full:https://registry.npmjs.org/json-stable-stringify-without-jsonify cache-miss
275 http fetch GET 200 https://registry.npmjs.org/@ungap%2fstructured-clone 46ms (cache miss)
276 silly packumentCache full:https://registry.npmjs.org/@ungap%2fstructured-clone set size:undefined disposed:false
277 silly fetch manifest eslint-plugin-react@^7.33.2
278 silly packumentCache full:https://registry.npmjs.org/eslint-plugin-react cache-miss
279 http fetch GET 200 https://registry.npmjs.org/eslint-visitor-keys 55ms (cache miss)
280 silly packumentCache full:https://registry.npmjs.org/eslint-visitor-keys set size:undefined disposed:false
281 silly fetch manifest eslint-plugin-import@^2.28.1
282 silly packumentCache full:https://registry.npmjs.org/eslint-plugin-import cache-miss
283 http fetch GET 200 https://registry.npmjs.org/json-stable-stringify-without-jsonify 31ms (cache miss)
284 silly packumentCache full:https://registry.npmjs.org/json-stable-stringify-without-jsonify set size:undefined disposed:false
285 silly fetch manifest eslint-plugin-jsx-a11y@^6.7.1
286 silly packumentCache full:https://registry.npmjs.org/eslint-plugin-jsx-a11y cache-miss
287 http fetch GET 200 https://registry.npmjs.org/@eslint-community%2fregexpp 76ms (cache miss)
288 silly packumentCache full:https://registry.npmjs.org/@eslint-community%2fregexpp set size:undefined disposed:false
289 silly fetch manifest @rushstack/eslint-patch@^1.3.3
290 silly packumentCache full:https://registry.npmjs.org/@rushstack%2feslint-patch cache-miss
291 http fetch GET 200 https://registry.npmjs.org/@humanwhocodes%2fconfig-array 49ms (cache miss)
292 silly packumentCache full:https://registry.npmjs.org/@humanwhocodes%2fconfig-array set size:undefined disposed:false
293 silly fetch manifest @next/eslint-plugin-next@14.2.5
294 silly packumentCache full:https://registry.npmjs.org/@next%2feslint-plugin-next cache-miss
295 http fetch GET 200 https://registry.npmjs.org/@eslint-community%2feslint-utils 57ms (cache miss)
296 silly packumentCache full:https://registry.npmjs.org/@eslint-community%2feslint-utils set size:undefined disposed:false
297 silly fetch manifest @typescript-eslint/parser@^5.4.2 || ^6.0.0 || 7.0.0 - 7.2.0
298 silly packumentCache full:https://registry.npmjs.org/@typescript-eslint%2fparser cache-miss
299 http fetch GET 200 https://registry.npmjs.org/@humanwhocodes%2fmodule-importer 67ms (cache miss)
300 silly packumentCache full:https://registry.npmjs.org/@humanwhocodes%2fmodule-importer set size:undefined disposed:false
301 silly fetch manifest eslint-plugin-react-hooks@^4.5.0 || 5.0.0-canary-7118f5dd7-20230705
302 silly packumentCache full:https://registry.npmjs.org/eslint-plugin-react-hooks cache-miss
303 http fetch GET 200 https://registry.npmjs.org/eslint-plugin-react 64ms (cache miss)
304 silly packumentCache full:https://registry.npmjs.org/eslint-plugin-react set size:undefined disposed:false
305 silly fetch manifest eslint-import-resolver-node@^0.3.6
306 silly packumentCache full:https://registry.npmjs.org/eslint-import-resolver-node cache-miss
307 http fetch GET 200 https://registry.npmjs.org/eslint-plugin-jsx-a11y 42ms (cache miss)
308 silly packumentCache full:https://registry.npmjs.org/eslint-plugin-jsx-a11y set size:undefined disposed:false
309 silly fetch manifest eslint-import-resolver-typescript@^3.5.2
310 silly packumentCache full:https://registry.npmjs.org/eslint-import-resolver-typescript cache-miss
311 http fetch GET 200 https://registry.npmjs.org/eslint-plugin-import 95ms (cache miss)
312 silly packumentCache full:https://registry.npmjs.org/eslint-plugin-import set size:undefined disposed:false
313 silly fetch manifest postcss@8.4.31
314 silly packumentCache full:https://registry.npmjs.org/postcss cache-miss
315 http fetch GET 200 https://registry.npmjs.org/eslint-import-resolver-typescript 56ms (cache miss)
316 silly packumentCache full:https://registry.npmjs.org/eslint-import-resolver-typescript set size:undefined disposed:false
317 silly fetch manifest @next/env@16.1.1
318 silly packumentCache full:https://registry.npmjs.org/@next%2fenv cache-miss
319 http fetch GET 200 https://registry.npmjs.org/eslint-import-resolver-node 78ms (cache miss)
320 silly packumentCache full:https://registry.npmjs.org/eslint-import-resolver-node set size:undefined disposed:false
321 silly fetch manifest styled-jsx@5.1.6
322 silly packumentCache full:https://registry.npmjs.org/styled-jsx cache-miss
323 http fetch GET 200 https://registry.npmjs.org/postcss 375ms (cache miss)
324 silly packumentCache full:https://registry.npmjs.org/postcss set size:undefined disposed:false
325 silly fetch manifest @swc/helpers@0.5.15
326 silly packumentCache full:https://registry.npmjs.org/@swc%2fhelpers cache-miss
327 http fetch GET 200 https://registry.npmjs.org/@rushstack%2feslint-patch 451ms (cache miss)
328 silly packumentCache full:https://registry.npmjs.org/@rushstack%2feslint-patch set size:undefined disposed:false
329 silly fetch manifest caniuse-lite@^1.0.30001579
330 silly packumentCache full:https://registry.npmjs.org/caniuse-lite cache-miss
331 http fetch GET 200 https://registry.npmjs.org/@typescript-eslint%2fparser 616ms (cache miss)
332 silly packumentCache full:https://registry.npmjs.org/@typescript-eslint%2fparser set size:undefined disposed:false
333 silly fetch manifest baseline-browser-mapping@^2.8.3
334 silly packumentCache full:https://registry.npmjs.org/baseline-browser-mapping cache-miss
335 http fetch GET 200 https://registry.npmjs.org/styled-jsx 612ms (cache miss)
336 silly packumentCache full:https://registry.npmjs.org/styled-jsx set size:undefined disposed:false
337 silly fetch manifest sharp@^0.34.4
338 silly packumentCache full:https://registry.npmjs.org/sharp cache-miss
339 http fetch GET 200 https://registry.npmjs.org/@swc%2fhelpers 282ms (cache miss)
340 silly packumentCache full:https://registry.npmjs.org/@swc%2fhelpers set size:undefined disposed:false
341 silly fetch manifest @next/swc-darwin-x64@16.1.1
342 silly packumentCache full:https://registry.npmjs.org/@next%2fswc-darwin-x64 cache-miss
343 http fetch GET 200 https://registry.npmjs.org/eslint-plugin-react-hooks 709ms (cache miss)
344 silly packumentCache full:https://registry.npmjs.org/eslint-plugin-react-hooks set size:undefined disposed:false
345 silly fetch manifest @next/swc-darwin-arm64@16.1.1
346 silly packumentCache full:https://registry.npmjs.org/@next%2fswc-darwin-arm64 cache-miss
347 http fetch GET 200 https://registry.npmjs.org/baseline-browser-mapping 60ms (cache miss)
348 silly packumentCache full:https://registry.npmjs.org/baseline-browser-mapping set size:undefined disposed:false
349 silly fetch manifest @next/swc-linux-x64-gnu@16.1.1
350 silly packumentCache full:https://registry.npmjs.org/@next%2fswc-linux-x64-gnu cache-miss
351 http fetch GET 200 https://registry.npmjs.org/caniuse-lite 328ms (cache miss)
352 silly packumentCache full:https://registry.npmjs.org/caniuse-lite set size:undefined disposed:false
353 silly fetch manifest @next/swc-linux-x64-musl@16.1.1
354 silly packumentCache full:https://registry.npmjs.org/@next%2fswc-linux-x64-musl cache-miss
355 http fetch GET 200 https://registry.npmjs.org/sharp 59ms (cache miss)
356 silly packumentCache full:https://registry.npmjs.org/sharp set size:undefined disposed:false
357 silly fetch manifest @next/swc-win32-x64-msvc@16.1.1
358 silly packumentCache full:https://registry.npmjs.org/@next%2fswc-win32-x64-msvc cache-miss
359 http fetch GET 200 https://registry.npmjs.org/@next%2feslint-plugin-next 797ms (cache miss)
360 silly packumentCache full:https://registry.npmjs.org/@next%2feslint-plugin-next set size:undefined disposed:false
361 silly fetch manifest @next/swc-linux-arm64-gnu@16.1.1
362 silly packumentCache full:https://registry.npmjs.org/@next%2fswc-linux-arm64-gnu cache-miss
363 http fetch GET 200 https://registry.npmjs.org/@next%2fenv 724ms (cache miss)
364 silly packumentCache full:https://registry.npmjs.org/@next%2fenv set size:undefined disposed:false
365 silly fetch manifest @next/swc-linux-arm64-musl@16.1.1
366 silly packumentCache full:https://registry.npmjs.org/@next%2fswc-linux-arm64-musl cache-miss
367 http fetch GET 200 https://registry.npmjs.org/@next%2fswc-darwin-arm64 592ms (cache miss)
368 silly packumentCache full:https://registry.npmjs.org/@next%2fswc-darwin-arm64 set size:undefined disposed:false
369 silly fetch manifest @next/swc-win32-arm64-msvc@16.1.1
370 silly packumentCache full:https://registry.npmjs.org/@next%2fswc-win32-arm64-msvc cache-miss
371 http fetch GET 200 https://registry.npmjs.org/@next%2fswc-linux-arm64-musl 530ms (cache miss)
372 silly packumentCache full:https://registry.npmjs.org/@next%2fswc-linux-arm64-musl set size:undefined disposed:false
373 silly fetch manifest scheduler@^0.27.0
374 silly packumentCache full:https://registry.npmjs.org/scheduler cache-miss
375 http fetch GET 200 https://registry.npmjs.org/@next%2fswc-win32-x64-msvc 604ms (cache miss)
376 silly packumentCache full:https://registry.npmjs.org/@next%2fswc-win32-x64-msvc set size:undefined disposed:false
377 silly fetch manifest scheduler@^0.27.0
378 silly packumentCache full:https://registry.npmjs.org/scheduler cache-miss
379 http fetch GET 200 https://registry.npmjs.org/@next%2fswc-linux-x64-musl 624ms (cache miss)
380 silly packumentCache full:https://registry.npmjs.org/@next%2fswc-linux-x64-musl set size:undefined disposed:false
381 http fetch GET 200 https://registry.npmjs.org/@next%2fswc-darwin-x64 701ms (cache miss)
382 silly packumentCache full:https://registry.npmjs.org/@next%2fswc-darwin-x64 set size:undefined disposed:false
383 http fetch GET 200 https://registry.npmjs.org/@next%2fswc-linux-x64-gnu 682ms (cache miss)
384 silly packumentCache full:https://registry.npmjs.org/@next%2fswc-linux-x64-gnu set size:undefined disposed:false
385 http fetch GET 200 https://registry.npmjs.org/@next%2fswc-linux-arm64-gnu 658ms (cache miss)
386 silly packumentCache full:https://registry.npmjs.org/@next%2fswc-linux-arm64-gnu set size:undefined disposed:false
387 http fetch GET 200 https://registry.npmjs.org/scheduler 278ms (cache miss)
388 silly packumentCache full:https://registry.npmjs.org/scheduler set size:undefined disposed:false
389 http fetch GET 200 https://registry.npmjs.org/scheduler 321ms (cache miss)
390 silly packumentCache full:https://registry.npmjs.org/scheduler set size:undefined disposed:false
391 http fetch GET 200 https://registry.npmjs.org/@next%2fswc-win32-arm64-msvc 473ms (cache miss)
392 silly packumentCache full:https://registry.npmjs.org/@next%2fswc-win32-arm64-msvc set size:undefined disposed:false
393 silly placeDep ROOT cookie@0.5.0 OK for: @supabase/ssr@0.1.0 want: ^0.5.0
394 silly placeDep ROOT ramda@0.29.1 OK for: @supabase/ssr@0.1.0 want: ^0.29.0
395 silly placeDep ROOT @supabase/auth-js@2.90.1 OK for: @supabase/supabase-js@2.90.1 want: 2.90.1
396 silly placeDep ROOT @supabase/functions-js@2.90.1 OK for: @supabase/supabase-js@2.90.1 want: 2.90.1
397 silly placeDep ROOT @supabase/postgrest-js@2.90.1 OK for: @supabase/supabase-js@2.90.1 want: 2.90.1
398 silly placeDep ROOT @supabase/realtime-js@2.90.1 OK for: @supabase/supabase-js@2.90.1 want: 2.90.1
399 silly placeDep ROOT @supabase/storage-js@2.90.1 OK for: @supabase/supabase-js@2.90.1 want: 2.90.1
400 silly fetch manifest tslib@2.8.1
401 silly packumentCache full:https://registry.npmjs.org/tslib cache-miss
402 silly fetch manifest tslib@2.8.1
403 silly packumentCache full:https://registry.npmjs.org/tslib cache-miss
404 silly fetch manifest tslib@2.8.1
405 silly packumentCache full:https://registry.npmjs.org/tslib cache-miss
406 silly fetch manifest ws@^8.18.2
407 silly packumentCache full:https://registry.npmjs.org/ws cache-miss
408 silly fetch manifest tslib@2.8.1
409 silly packumentCache full:https://registry.npmjs.org/tslib cache-miss
410 silly fetch manifest @types/ws@^8.18.1
411 silly packumentCache full:https://registry.npmjs.org/@types%2fws cache-miss
412 silly fetch manifest @types/phoenix@^1.6.6
413 silly packumentCache full:https://registry.npmjs.org/@types%2fphoenix cache-miss
414 http fetch GET 200 https://registry.npmjs.org/tslib 86ms (cache miss)
415 silly packumentCache full:https://registry.npmjs.org/tslib set size:undefined disposed:false
416 silly fetch manifest iceberg-js@^0.8.1
417 silly packumentCache full:https://registry.npmjs.org/iceberg-js cache-miss
418 http fetch GET 200 https://registry.npmjs.org/tslib 88ms (cache miss)
419 silly packumentCache full:https://registry.npmjs.org/tslib set size:undefined disposed:false
420 http fetch GET 200 https://registry.npmjs.org/tslib 89ms (cache miss)
421 silly packumentCache full:https://registry.npmjs.org/tslib set size:undefined disposed:false
422 http fetch GET 200 https://registry.npmjs.org/@types%2fphoenix 96ms (cache miss)
423 silly packumentCache full:https://registry.npmjs.org/@types%2fphoenix set size:undefined disposed:false
424 http fetch GET 200 https://registry.npmjs.org/tslib 99ms (cache miss)
425 silly packumentCache full:https://registry.npmjs.org/tslib set size:undefined disposed:false
426 http fetch GET 200 https://registry.npmjs.org/@types%2fws 99ms (cache miss)
427 silly packumentCache full:https://registry.npmjs.org/@types%2fws set size:undefined disposed:false
428 http fetch GET 200 https://registry.npmjs.org/ws 109ms (cache miss)
429 silly packumentCache full:https://registry.npmjs.org/ws set size:undefined disposed:false
430 http fetch GET 200 https://registry.npmjs.org/iceberg-js 81ms (cache miss)
431 silly packumentCache full:https://registry.npmjs.org/iceberg-js set size:undefined disposed:false
432 silly placeDep ROOT tslib@2.8.1 OK for: @supabase/auth-js@2.90.1 want: 2.8.1
433 silly fetch manifest bufferutil@^4.0.1
434 silly packumentCache full:https://registry.npmjs.org/bufferutil cache-miss
435 http fetch GET 200 https://registry.npmjs.org/bufferutil 45ms (cache miss)
436 silly packumentCache full:https://registry.npmjs.org/bufferutil set size:undefined disposed:false
437 silly fetch manifest utf-8-validate@>=5.0.2
438 silly packumentCache full:https://registry.npmjs.org/utf-8-validate cache-miss
439 http fetch GET 200 https://registry.npmjs.org/utf-8-validate 57ms (cache miss)
440 silly packumentCache full:https://registry.npmjs.org/utf-8-validate set size:undefined disposed:false
441 silly placeDep ROOT @types/phoenix@1.6.7 OK for: @supabase/realtime-js@2.90.1 want: ^1.6.6
442 silly placeDep ROOT @types/ws@8.18.1 OK for: @supabase/realtime-js@2.90.1 want: ^8.18.1
443 silly placeDep ROOT ws@8.19.0 OK for: @supabase/realtime-js@2.90.1 want: ^8.18.2
444 silly placeDep ROOT iceberg-js@0.8.1 OK for: @supabase/storage-js@2.90.1 want: ^0.8.1
445 silly placeDep ROOT undici-types@6.21.0 OK for: @types/node@20.19.28 want: ~6.21.0
446 silly placeDep ROOT @types/prop-types@15.7.15 OK for: @types/react@18.3.27 want: *
447 silly placeDep ROOT csstype@3.2.3 OK for: @types/react@18.3.27 want: ^3.2.2
448 silly fetch manifest eslint@^6.0.0 || ^7.0.0 || >=8.0.0
449 silly packumentCache full:https://registry.npmjs.org/eslint cache-miss
450 http cache https://registry.npmjs.org/eslint 8ms (cache hit)
451 silly packumentCache full:https://registry.npmjs.org/eslint set size:1886875 disposed:false
452 silly fetch manifest jiti@*
453 silly packumentCache full:https://registry.npmjs.org/jiti cache-miss
454 http fetch GET 200 https://registry.npmjs.org/jiti 58ms (cache miss)
455 silly packumentCache full:https://registry.npmjs.org/jiti set size:undefined disposed:false
456 silly placeDep ROOT @eslint-community/eslint-utils@4.9.1 OK for: eslint@8.57.1 want: ^4.2.0
457 silly placeDep ROOT @eslint-community/regexpp@4.12.2 OK for: eslint@8.57.1 want: ^4.6.1
458 silly placeDep ROOT @eslint/eslintrc@2.1.4 OK for: eslint@8.57.1 want: ^2.1.4
459 silly placeDep ROOT @eslint/js@8.57.1 OK for: eslint@8.57.1 want: 8.57.1
460 silly placeDep ROOT @humanwhocodes/config-array@0.13.0 OK for: eslint@8.57.1 want: ^0.13.0
461 silly placeDep ROOT @humanwhocodes/module-importer@1.0.1 OK for: eslint@8.57.1 want: ^1.0.1
462 silly placeDep ROOT @nodelib/fs.walk@1.2.8 OK for: eslint@8.57.1 want: ^1.2.8
463 silly placeDep ROOT @ungap/structured-clone@1.3.0 OK for: eslint@8.57.1 want: ^1.2.0
464 silly placeDep ROOT ajv@6.12.6 OK for: eslint@8.57.1 want: ^6.12.4
465 silly placeDep ROOT chalk@4.1.2 OK for: eslint@8.57.1 want: ^4.0.0
466 silly placeDep ROOT cross-spawn@7.0.6 OK for: eslint@8.57.1 want: ^7.0.2
467 silly placeDep ROOT debug@4.4.3 OK for: eslint@8.57.1 want: ^4.3.2
468 silly placeDep ROOT doctrine@3.0.0 OK for: eslint@8.57.1 want: ^3.0.0
469 silly placeDep ROOT escape-string-regexp@4.0.0 OK for: eslint@8.57.1 want: ^4.0.0
470 silly placeDep ROOT eslint-scope@7.2.2 OK for: eslint@8.57.1 want: ^7.2.2
471 silly placeDep ROOT eslint-visitor-keys@3.4.3 OK for: eslint@8.57.1 want: ^3.4.3
472 silly placeDep ROOT espree@9.6.1 OK for: eslint@8.57.1 want: ^9.6.1
473 silly placeDep ROOT esquery@1.7.0 OK for: eslint@8.57.1 want: ^1.4.2
474 silly placeDep ROOT esutils@2.0.3 OK for: eslint@8.57.1 want: ^2.0.2
475 silly placeDep ROOT fast-deep-equal@3.1.3 OK for: eslint@8.57.1 want: ^3.1.3
476 silly placeDep ROOT file-entry-cache@6.0.1 OK for: eslint@8.57.1 want: ^6.0.1
477 silly placeDep ROOT find-up@5.0.0 OK for: eslint@8.57.1 want: ^5.0.0
478 silly placeDep ROOT glob-parent@6.0.2 OK for: eslint@8.57.1 want: ^6.0.2
479 silly placeDep ROOT globals@13.24.0 OK for: eslint@8.57.1 want: ^13.19.0
480 silly placeDep ROOT graphemer@1.4.0 OK for: eslint@8.57.1 want: ^1.4.0
481 silly placeDep ROOT ignore@5.3.2 OK for: eslint@8.57.1 want: ^5.2.0
482 silly placeDep ROOT imurmurhash@0.1.4 OK for: eslint@8.57.1 want: ^0.1.4
483 silly placeDep ROOT is-glob@4.0.3 OK for: eslint@8.57.1 want: ^4.0.0
484 silly placeDep ROOT is-path-inside@3.0.3 OK for: eslint@8.57.1 want: ^3.0.3
485 silly placeDep ROOT js-yaml@4.1.1 OK for: eslint@8.57.1 want: ^4.1.0
486 silly placeDep ROOT json-stable-stringify-without-jsonify@1.0.1 OK for: eslint@8.57.1 want: ^1.0.1
487 silly placeDep ROOT levn@0.4.1 OK for: eslint@8.57.1 want: ^0.4.1
488 silly placeDep ROOT lodash.merge@4.6.2 OK for: eslint@8.57.1 want: ^4.6.2
489 silly placeDep ROOT minimatch@3.1.2 OK for: eslint@8.57.1 want: ^3.1.2
490 silly placeDep ROOT natural-compare@1.4.0 OK for: eslint@8.57.1 want: ^1.4.0
491 silly placeDep ROOT optionator@0.9.4 OK for: eslint@8.57.1 want: ^0.9.3
492 silly placeDep ROOT strip-ansi@6.0.1 OK for: eslint@8.57.1 want: ^6.0.1
493 silly placeDep ROOT text-table@0.2.0 OK for: eslint@8.57.1 want: ^0.2.0
494 silly fetch manifest espree@^9.6.0
495 silly packumentCache full:https://registry.npmjs.org/espree cache-miss
496 silly fetch manifest import-fresh@^3.2.1
497 silly packumentCache full:https://registry.npmjs.org/import-fresh cache-miss
498 silly fetch manifest strip-json-comments@^3.1.1
499 silly packumentCache full:https://registry.npmjs.org/strip-json-comments cache-miss
500 silly fetch manifest debug@^4.3.1
501 silly packumentCache full:https://registry.npmjs.org/debug cache-miss
502 silly fetch manifest minimatch@^3.0.5
503 silly packumentCache full:https://registry.npmjs.org/minimatch cache-miss
504 silly fetch manifest @humanwhocodes/object-schema@^2.0.3
505 silly packumentCache full:https://registry.npmjs.org/@humanwhocodes%2fobject-schema cache-miss
506 silly fetch manifest fastq@^1.6.0
507 silly packumentCache full:https://registry.npmjs.org/fastq cache-miss
508 http cache https://registry.npmjs.org/minimatch 7ms (cache hit)
509 silly packumentCache full:https://registry.npmjs.org/minimatch set size:303959 disposed:false
510 silly fetch manifest @nodelib/fs.scandir@2.1.5
511 silly packumentCache full:https://registry.npmjs.org/@nodelib%2ffs.scandir cache-miss
512 http cache https://registry.npmjs.org/debug 11ms (cache hit)
513 silly packumentCache full:https://registry.npmjs.org/debug set size:195840 disposed:false
514 silly fetch manifest uri-js@^4.2.2
515 silly packumentCache full:https://registry.npmjs.org/uri-js cache-miss
516 http cache https://registry.npmjs.org/espree 14ms (cache hit)
517 silly packumentCache full:https://registry.npmjs.org/espree set size:317497 disposed:false
518 silly fetch manifest fast-deep-equal@^3.1.1
519 silly packumentCache full:https://registry.npmjs.org/fast-deep-equal cache-miss
520 http cache https://registry.npmjs.org/fast-deep-equal 3ms (cache hit)
521 silly packumentCache full:https://registry.npmjs.org/fast-deep-equal set size:48634 disposed:false
522 silly fetch manifest json-schema-traverse@^0.4.1
523 silly packumentCache full:https://registry.npmjs.org/json-schema-traverse cache-miss
524 http fetch GET 200 https://registry.npmjs.org/import-fresh 37ms (cache miss)
525 silly packumentCache full:https://registry.npmjs.org/import-fresh set size:undefined disposed:false
526 silly fetch manifest fast-json-stable-stringify@^2.0.0
527 silly packumentCache full:https://registry.npmjs.org/fast-json-stable-stringify cache-miss
528 http fetch GET 200 https://registry.npmjs.org/strip-json-comments 46ms (cache miss)
529 silly packumentCache full:https://registry.npmjs.org/strip-json-comments set size:undefined disposed:false
530 silly fetch manifest ansi-styles@^4.1.0
531 silly packumentCache full:https://registry.npmjs.org/ansi-styles cache-miss
532 http fetch GET 200 https://registry.npmjs.org/fastq 47ms (cache miss)
533 silly packumentCache full:https://registry.npmjs.org/fastq set size:undefined disposed:false
534 silly fetch manifest supports-color@^7.1.0
535 silly packumentCache full:https://registry.npmjs.org/supports-color cache-miss
536 http fetch GET 200 https://registry.npmjs.org/uri-js 44ms (cache miss)
537 silly packumentCache full:https://registry.npmjs.org/uri-js set size:undefined disposed:false
538 silly fetch manifest which@^2.0.1
539 silly packumentCache full:https://registry.npmjs.org/which cache-miss
540 http fetch GET 200 https://registry.npmjs.org/json-schema-traverse 40ms (cache miss)
541 silly packumentCache full:https://registry.npmjs.org/json-schema-traverse set size:undefined disposed:false
542 silly fetch manifest path-key@^3.1.0
543 silly packumentCache full:https://registry.npmjs.org/path-key cache-miss
544 http fetch GET 200 https://registry.npmjs.org/@nodelib%2ffs.scandir 55ms (cache miss)
545 silly packumentCache full:https://registry.npmjs.org/@nodelib%2ffs.scandir set size:undefined disposed:false
546 silly fetch manifest shebang-command@^2.0.0
547 silly packumentCache full:https://registry.npmjs.org/shebang-command cache-miss
548 http fetch GET 200 https://registry.npmjs.org/@humanwhocodes%2fobject-schema 76ms (cache miss)
549 silly packumentCache full:https://registry.npmjs.org/@humanwhocodes%2fobject-schema set size:undefined disposed:false
550 silly fetch manifest ms@^2.1.3
551 silly packumentCache full:https://registry.npmjs.org/ms cache-miss
552 http fetch GET 200 https://registry.npmjs.org/fast-json-stable-stringify 42ms (cache miss)
553 silly packumentCache full:https://registry.npmjs.org/fast-json-stable-stringify set size:undefined disposed:false
554 silly fetch manifest esrecurse@^4.3.0
555 silly packumentCache full:https://registry.npmjs.org/esrecurse cache-miss
556 http fetch GET 200 https://registry.npmjs.org/ansi-styles 51ms (cache miss)
557 silly packumentCache full:https://registry.npmjs.org/ansi-styles set size:undefined disposed:false
558 silly fetch manifest estraverse@^5.2.0
559 silly packumentCache full:https://registry.npmjs.org/estraverse cache-miss
560 http fetch GET 200 https://registry.npmjs.org/path-key 38ms (cache miss)
561 silly packumentCache full:https://registry.npmjs.org/path-key set size:undefined disposed:false
562 silly fetch manifest acorn@^8.9.0
563 silly packumentCache full:https://registry.npmjs.org/acorn cache-miss
564 http fetch GET 200 https://registry.npmjs.org/supports-color 52ms (cache miss)
565 silly packumentCache full:https://registry.npmjs.org/supports-color set size:undefined disposed:false
566 silly fetch manifest acorn-jsx@^5.3.2
567 silly packumentCache full:https://registry.npmjs.org/acorn-jsx cache-miss
568 http fetch GET 200 https://registry.npmjs.org/which 46ms (cache miss)
569 silly packumentCache full:https://registry.npmjs.org/which set size:undefined disposed:false
570 silly fetch manifest estraverse@^5.1.0
571 silly packumentCache full:https://registry.npmjs.org/estraverse cache-miss
572 http fetch GET 200 https://registry.npmjs.org/shebang-command 47ms (cache miss)
573 silly packumentCache full:https://registry.npmjs.org/shebang-command set size:undefined disposed:false
574 silly fetch manifest flat-cache@^3.0.4
575 silly packumentCache full:https://registry.npmjs.org/flat-cache cache-miss
576 http fetch GET 200 https://registry.npmjs.org/esrecurse 42ms (cache miss)
577 silly packumentCache full:https://registry.npmjs.org/esrecurse set size:undefined disposed:false
578 silly fetch manifest locate-path@^6.0.0
579 silly packumentCache full:https://registry.npmjs.org/locate-path cache-miss
580 http fetch GET 200 https://registry.npmjs.org/estraverse 37ms (cache miss)
581 silly packumentCache full:https://registry.npmjs.org/estraverse set size:undefined disposed:false
582 silly fetch manifest path-exists@^4.0.0
583 silly packumentCache full:https://registry.npmjs.org/path-exists cache-miss
584 http fetch GET 200 https://registry.npmjs.org/ms 61ms (cache miss)
585 silly packumentCache full:https://registry.npmjs.org/ms set size:undefined disposed:false
586 silly fetch manifest is-glob@^4.0.3
587 silly packumentCache full:https://registry.npmjs.org/is-glob cache-miss
588 http cache https://registry.npmjs.org/is-glob 5ms (cache hit)
589 silly packumentCache full:https://registry.npmjs.org/is-glob set size:40530 disposed:false
590 silly fetch manifest type-fest@^0.20.2
591 silly packumentCache full:https://registry.npmjs.org/type-fest cache-miss
592 http fetch GET 200 https://registry.npmjs.org/estraverse 42ms (cache miss)
593 silly packumentCache full:https://registry.npmjs.org/estraverse set size:undefined disposed:false
594 silly fetch manifest is-extglob@^2.1.1
595 silly packumentCache full:https://registry.npmjs.org/is-extglob cache-miss
596 http fetch GET 200 https://registry.npmjs.org/acorn-jsx 50ms (cache miss)
597 silly packumentCache full:https://registry.npmjs.org/acorn-jsx set size:undefined disposed:false
598 silly fetch manifest argparse@^2.0.1
599 silly packumentCache full:https://registry.npmjs.org/argparse cache-miss
600 http fetch GET 200 https://registry.npmjs.org/flat-cache 42ms (cache miss)
601 silly packumentCache full:https://registry.npmjs.org/flat-cache set size:undefined disposed:false
602 silly fetch manifest prelude-ls@^1.2.1
603 silly packumentCache full:https://registry.npmjs.org/prelude-ls cache-miss
604 http fetch GET 200 https://registry.npmjs.org/acorn 58ms (cache miss)
605 silly packumentCache full:https://registry.npmjs.org/acorn set size:undefined disposed:false
606 silly fetch manifest type-check@~0.4.0
607 silly packumentCache full:https://registry.npmjs.org/type-check cache-miss
608 http fetch GET 200 https://registry.npmjs.org/locate-path 40ms (cache miss)
609 silly packumentCache full:https://registry.npmjs.org/locate-path set size:undefined disposed:false
610 silly fetch manifest brace-expansion@^1.1.7
611 silly packumentCache full:https://registry.npmjs.org/brace-expansion cache-miss
612 http fetch GET 200 https://registry.npmjs.org/path-exists 38ms (cache miss)
613 silly packumentCache full:https://registry.npmjs.org/path-exists set size:undefined disposed:false
614 silly fetch manifest prelude-ls@^1.2.1
615 silly packumentCache full:https://registry.npmjs.org/prelude-ls cache-miss
616 http fetch GET 200 https://registry.npmjs.org/is-extglob 32ms (cache miss)
617 silly packumentCache full:https://registry.npmjs.org/is-extglob set size:undefined disposed:false
618 silly fetch manifest deep-is@^0.1.3
619 silly packumentCache full:https://registry.npmjs.org/deep-is cache-miss
620 http fetch GET 200 https://registry.npmjs.org/argparse 34ms (cache miss)
621 silly packumentCache full:https://registry.npmjs.org/argparse set size:undefined disposed:false
622 silly fetch manifest word-wrap@^1.2.5
623 silly packumentCache full:https://registry.npmjs.org/word-wrap cache-miss
624 http fetch GET 200 https://registry.npmjs.org/prelude-ls 38ms (cache miss)
625 silly packumentCache full:https://registry.npmjs.org/prelude-ls set size:undefined disposed:false
626 silly fetch manifest type-check@^0.4.0
627 silly packumentCache full:https://registry.npmjs.org/type-check cache-miss
628 http fetch GET 200 https://registry.npmjs.org/brace-expansion 35ms (cache miss)
629 silly packumentCache full:https://registry.npmjs.org/brace-expansion set size:undefined disposed:false
630 silly fetch manifest fast-levenshtein@^2.0.6
631 silly packumentCache full:https://registry.npmjs.org/fast-levenshtein cache-miss
632 http fetch GET 200 https://registry.npmjs.org/type-check 43ms (cache miss)
633 silly packumentCache full:https://registry.npmjs.org/type-check set size:undefined disposed:false
634 silly fetch manifest ansi-regex@^5.0.1
635 silly packumentCache full:https://registry.npmjs.org/ansi-regex cache-miss
636 http fetch GET 200 https://registry.npmjs.org/deep-is 42ms (cache miss)
637 silly packumentCache full:https://registry.npmjs.org/deep-is set size:undefined disposed:false
638 http fetch GET 200 https://registry.npmjs.org/prelude-ls 49ms (cache miss)
639 silly packumentCache full:https://registry.npmjs.org/prelude-ls set size:undefined disposed:false
640 http fetch GET 200 https://registry.npmjs.org/word-wrap 39ms (cache miss)
641 silly packumentCache full:https://registry.npmjs.org/word-wrap set size:undefined disposed:false
642 http fetch GET 200 https://registry.npmjs.org/type-check 37ms (cache miss)
643 silly packumentCache full:https://registry.npmjs.org/type-check set size:undefined disposed:false
644 http fetch GET 200 https://registry.npmjs.org/fast-levenshtein 34ms (cache miss)
645 silly packumentCache full:https://registry.npmjs.org/fast-levenshtein set size:undefined disposed:false
646 http fetch GET 200 https://registry.npmjs.org/type-fest 93ms (cache miss)
647 silly packumentCache full:https://registry.npmjs.org/type-fest set size:undefined disposed:false
648 http fetch GET 200 https://registry.npmjs.org/ansi-regex 40ms (cache miss)
649 silly packumentCache full:https://registry.npmjs.org/ansi-regex set size:undefined disposed:false
650 silly placeDep ROOT import-fresh@3.3.1 OK for: @eslint/eslintrc@2.1.4 want: ^3.2.1
651 silly placeDep ROOT strip-json-comments@3.1.1 OK for: @eslint/eslintrc@2.1.4 want: ^3.1.1
652 silly fetch manifest parent-module@^1.0.0
653 silly packumentCache full:https://registry.npmjs.org/parent-module cache-miss
654 silly fetch manifest resolve-from@^4.0.0
655 silly packumentCache full:https://registry.npmjs.org/resolve-from cache-miss
656 http fetch GET 200 https://registry.npmjs.org/resolve-from 59ms (cache miss)
657 silly packumentCache full:https://registry.npmjs.org/resolve-from set size:undefined disposed:false
658 http fetch GET 200 https://registry.npmjs.org/parent-module 63ms (cache miss)
659 silly packumentCache full:https://registry.npmjs.org/parent-module set size:undefined disposed:false
660 silly placeDep ROOT @humanwhocodes/object-schema@2.0.3 OK for: @humanwhocodes/config-array@0.13.0 want: ^2.0.3
661 silly placeDep ROOT @nodelib/fs.scandir@2.1.5 OK for: @nodelib/fs.walk@1.2.8 want: 2.1.5
662 silly placeDep ROOT fastq@1.20.1 OK for: @nodelib/fs.walk@1.2.8 want: ^1.6.0
663 silly fetch manifest run-parallel@^1.1.9
664 silly packumentCache full:https://registry.npmjs.org/run-parallel cache-miss
665 silly fetch manifest @nodelib/fs.stat@2.0.5
666 silly packumentCache full:https://registry.npmjs.org/@nodelib%2ffs.stat cache-miss
667 silly fetch manifest reusify@^1.0.4
668 silly packumentCache full:https://registry.npmjs.org/reusify cache-miss
669 http fetch GET 200 https://registry.npmjs.org/run-parallel 35ms (cache miss)
670 silly packumentCache full:https://registry.npmjs.org/run-parallel set size:undefined disposed:false
671 http fetch GET 200 https://registry.npmjs.org/reusify 45ms (cache miss)
672 silly packumentCache full:https://registry.npmjs.org/reusify set size:undefined disposed:false
673 http fetch GET 200 https://registry.npmjs.org/@nodelib%2ffs.stat 66ms (cache miss)
674 silly packumentCache full:https://registry.npmjs.org/@nodelib%2ffs.stat set size:undefined disposed:false
675 silly placeDep ROOT @nodelib/fs.stat@2.0.5 OK for: @nodelib/fs.scandir@2.1.5 want: 2.0.5
676 silly placeDep ROOT run-parallel@1.2.0 OK for: @nodelib/fs.scandir@2.1.5 want: ^1.1.9
677 silly fetch manifest queue-microtask@^1.2.2
678 silly packumentCache full:https://registry.npmjs.org/queue-microtask cache-miss
679 http fetch GET 200 https://registry.npmjs.org/queue-microtask 33ms (cache miss)
680 silly packumentCache full:https://registry.npmjs.org/queue-microtask set size:undefined disposed:false
681 silly placeDep ROOT fast-json-stable-stringify@2.1.0 OK for: ajv@6.12.6 want: ^2.0.0
682 silly placeDep ROOT json-schema-traverse@0.4.1 OK for: ajv@6.12.6 want: ^0.4.1
683 silly placeDep ROOT uri-js@4.4.1 OK for: ajv@6.12.6 want: ^4.2.2
684 silly fetch manifest punycode@^2.1.0
685 silly packumentCache full:https://registry.npmjs.org/punycode cache-miss
686 http fetch GET 200 https://registry.npmjs.org/punycode 45ms (cache miss)
687 silly packumentCache full:https://registry.npmjs.org/punycode set size:undefined disposed:false
688 silly placeDep ROOT ansi-styles@4.3.0 OK for: chalk@4.1.2 want: ^4.1.0
689 silly placeDep ROOT supports-color@7.2.0 OK for: chalk@4.1.2 want: ^7.1.0
690 silly fetch manifest color-convert@^2.0.1
691 silly packumentCache full:https://registry.npmjs.org/color-convert cache-miss
692 silly fetch manifest has-flag@^4.0.0
693 silly packumentCache full:https://registry.npmjs.org/has-flag cache-miss
694 http fetch GET 200 https://registry.npmjs.org/has-flag 42ms (cache miss)
695 silly packumentCache full:https://registry.npmjs.org/has-flag set size:undefined disposed:false
696 http fetch GET 200 https://registry.npmjs.org/color-convert 52ms (cache miss)
697 silly packumentCache full:https://registry.npmjs.org/color-convert set size:undefined disposed:false
698 silly placeDep ROOT color-convert@2.0.1 OK for: ansi-styles@4.3.0 want: ^2.0.1
699 silly fetch manifest color-name@~1.1.4
700 silly packumentCache full:https://registry.npmjs.org/color-name cache-miss
701 http fetch GET 200 https://registry.npmjs.org/color-name 38ms (cache miss)
702 silly packumentCache full:https://registry.npmjs.org/color-name set size:undefined disposed:false
703 silly placeDep ROOT color-name@1.1.4 OK for: color-convert@2.0.1 want: ~1.1.4
704 silly placeDep ROOT path-key@3.1.1 OK for: cross-spawn@7.0.6 want: ^3.1.0
705 silly placeDep ROOT shebang-command@2.0.0 OK for: cross-spawn@7.0.6 want: ^2.0.0
706 silly placeDep ROOT which@2.0.2 OK for: cross-spawn@7.0.6 want: ^2.0.1
707 silly fetch manifest shebang-regex@^3.0.0
708 silly packumentCache full:https://registry.npmjs.org/shebang-regex cache-miss
709 silly fetch manifest isexe@^2.0.0
710 silly packumentCache full:https://registry.npmjs.org/isexe cache-miss
711 http fetch GET 200 https://registry.npmjs.org/shebang-regex 39ms (cache miss)
712 silly packumentCache full:https://registry.npmjs.org/shebang-regex set size:undefined disposed:false
713 http fetch GET 200 https://registry.npmjs.org/isexe 47ms (cache miss)
714 silly packumentCache full:https://registry.npmjs.org/isexe set size:undefined disposed:false
715 silly placeDep ROOT ms@2.1.3 OK for: debug@4.4.3 want: ^2.1.3
716 silly fetch manifest eslint@^7.23.0 || ^8.0.0
717 silly packumentCache full:https://registry.npmjs.org/eslint cache-miss
718 http cache https://registry.npmjs.org/eslint 3ms (cache hit)
719 silly packumentCache full:https://registry.npmjs.org/eslint set size:1886875 disposed:false
720 silly fetch manifest eslint-plugin-import-x@*
721 silly packumentCache full:https://registry.npmjs.org/eslint-plugin-import-x cache-miss
722 http fetch GET 200 https://registry.npmjs.org/eslint-plugin-import-x 51ms (cache miss)
723 silly packumentCache full:https://registry.npmjs.org/eslint-plugin-import-x set size:undefined disposed:false
724 silly fetch manifest @typescript-eslint/utils@^8.0.0
725 silly packumentCache full:https://registry.npmjs.org/@typescript-eslint%2futils cache-miss
726 http fetch GET 200 https://registry.npmjs.org/@typescript-eslint%2futils 258ms (cache miss)
727 silly packumentCache full:https://registry.npmjs.org/@typescript-eslint%2futils set size:undefined disposed:false
728 silly fetch manifest typescript@>=3.3.1
729 silly packumentCache full:https://registry.npmjs.org/typescript cache-miss
730 http cache https://registry.npmjs.org/typescript 23ms (cache hit)
731 silly packumentCache full:https://registry.npmjs.org/typescript set size:15118333 disposed:false
732 silly placeDep ROOT @next/eslint-plugin-next@14.2.5 OK for: eslint-config-next@14.2.5 want: 14.2.5
733 silly placeDep ROOT @rushstack/eslint-patch@1.15.0 OK for: eslint-config-next@14.2.5 want: ^1.3.3
734 silly placeDep ROOT @typescript-eslint/parser@7.2.0 OK for: eslint-config-next@14.2.5 want: ^5.4.2 || ^6.0.0 || 7.0.0 - 7.2.0
735 silly placeDep ROOT eslint-import-resolver-node@0.3.9 OK for: eslint-config-next@14.2.5 want: ^0.3.6
736 silly placeDep ROOT eslint-import-resolver-typescript@3.10.1 OK for: eslint-config-next@14.2.5 want: ^3.5.2
737 silly placeDep ROOT eslint-plugin-import@2.32.0 OK for: eslint-config-next@14.2.5 want: ^2.28.1
738 silly placeDep ROOT eslint-plugin-jsx-a11y@6.10.2 OK for: eslint-config-next@14.2.5 want: ^6.7.1
739 silly placeDep ROOT eslint-plugin-react@7.37.5 OK for: eslint-config-next@14.2.5 want: ^7.33.2
740 silly placeDep ROOT eslint-plugin-react-hooks@5.0.0-canary-7118f5dd7-20230705 OK for: eslint-config-next@14.2.5 want: ^4.5.0 || 5.0.0-canary-7118f5dd7-20230705
741 silly fetch manifest glob@10.3.10
742 silly packumentCache full:https://registry.npmjs.org/glob cache-miss
743 silly fetch manifest @typescript-eslint/types@7.2.0
744 silly packumentCache full:https://registry.npmjs.org/@typescript-eslint%2ftypes cache-miss
745 silly fetch manifest @typescript-eslint/visitor-keys@7.2.0
746 silly packumentCache full:https://registry.npmjs.org/@typescript-eslint%2fvisitor-keys cache-miss
747 silly fetch manifest @typescript-eslint/scope-manager@7.2.0
748 silly packumentCache full:https://registry.npmjs.org/@typescript-eslint%2fscope-manager cache-miss
749 silly fetch manifest @typescript-eslint/typescript-estree@7.2.0
750 silly packumentCache full:https://registry.npmjs.org/@typescript-eslint%2ftypescript-estree cache-miss
751 silly fetch manifest debug@^3.2.7
752 silly packumentCache full:https://registry.npmjs.org/debug cache-hit
753 silly fetch manifest is-core-module@^2.13.0
754 silly packumentCache full:https://registry.npmjs.org/is-core-module cache-miss
755 silly fetch manifest resolve@^1.22.4
756 silly packumentCache full:https://registry.npmjs.org/resolve cache-miss
757 http fetch GET 200 https://registry.npmjs.org/is-core-module 50ms (cache miss)
758 silly packumentCache full:https://registry.npmjs.org/is-core-module set size:undefined disposed:false
759 silly fetch manifest tinyglobby@^0.2.13
760 silly packumentCache full:https://registry.npmjs.org/tinyglobby cache-miss
761 http fetch GET 200 https://registry.npmjs.org/resolve 63ms (cache miss)
762 silly packumentCache full:https://registry.npmjs.org/resolve set size:undefined disposed:false
763 silly fetch manifest stable-hash@^0.0.5
764 silly packumentCache full:https://registry.npmjs.org/stable-hash cache-miss
765 http fetch GET 200 https://registry.npmjs.org/stable-hash 85ms (cache miss)
766 silly packumentCache full:https://registry.npmjs.org/stable-hash set size:undefined disposed:false
767 silly fetch manifest get-tsconfig@^4.10.0
768 silly packumentCache full:https://registry.npmjs.org/get-tsconfig cache-miss
769 http fetch GET 200 https://registry.npmjs.org/glob 157ms (cache miss)
770 silly packumentCache full:https://registry.npmjs.org/glob set size:undefined disposed:false
771 silly fetch manifest is-bun-module@^2.0.0
772 silly packumentCache full:https://registry.npmjs.org/is-bun-module cache-miss
773 http fetch GET 200 https://registry.npmjs.org/tinyglobby 135ms (cache miss)
774 silly packumentCache full:https://registry.npmjs.org/tinyglobby set size:undefined disposed:false
775 silly fetch manifest unrs-resolver@^1.6.2
776 silly packumentCache full:https://registry.npmjs.org/unrs-resolver cache-miss
777 http fetch GET 200 https://registry.npmjs.org/is-bun-module 71ms (cache miss)
778 silly packumentCache full:https://registry.npmjs.org/is-bun-module set size:undefined disposed:false
779 silly fetch manifest @nolyfill/is-core-module@1.0.39
780 silly packumentCache full:https://registry.npmjs.org/@nolyfill%2fis-core-module cache-miss
781 http fetch GET 200 https://registry.npmjs.org/unrs-resolver 82ms (cache miss)
782 silly packumentCache full:https://registry.npmjs.org/unrs-resolver set size:undefined disposed:false
783 silly fetch manifest @rtsao/scc@^1.1.0
784 silly packumentCache full:https://registry.npmjs.org/@rtsao%2fscc cache-miss
785 http fetch GET 200 https://registry.npmjs.org/@nolyfill%2fis-core-module 81ms (cache miss)
786 silly packumentCache full:https://registry.npmjs.org/@nolyfill%2fis-core-module set size:undefined disposed:false
787 silly fetch manifest array-includes@^3.1.9
788 silly packumentCache full:https://registry.npmjs.org/array-includes cache-miss
789 http fetch GET 200 https://registry.npmjs.org/@rtsao%2fscc 81ms (cache miss)
790 silly packumentCache full:https://registry.npmjs.org/@rtsao%2fscc set size:undefined disposed:false
791 silly fetch manifest array.prototype.findlastindex@^1.2.6
792 silly packumentCache full:https://registry.npmjs.org/array.prototype.findlastindex cache-miss
793 http fetch GET 200 https://registry.npmjs.org/array.prototype.findlastindex 67ms (cache miss)
794 silly packumentCache full:https://registry.npmjs.org/array.prototype.findlastindex set size:undefined disposed:false
795 silly fetch manifest array.prototype.flat@^1.3.3
796 silly packumentCache full:https://registry.npmjs.org/array.prototype.flat cache-miss
797 http fetch GET 200 https://registry.npmjs.org/array-includes 118ms (cache miss)
798 silly packumentCache full:https://registry.npmjs.org/array-includes set size:undefined disposed:false
799 silly fetch manifest array.prototype.flatmap@^1.3.3
800 silly packumentCache full:https://registry.npmjs.org/array.prototype.flatmap cache-miss
801 http fetch GET 200 https://registry.npmjs.org/array.prototype.flat 58ms (cache miss)
802 silly packumentCache full:https://registry.npmjs.org/array.prototype.flat set size:undefined disposed:false
803 silly fetch manifest doctrine@^2.1.0
804 silly packumentCache full:https://registry.npmjs.org/doctrine cache-miss
805 http cache https://registry.npmjs.org/doctrine 3ms (cache hit)
806 silly packumentCache full:https://registry.npmjs.org/doctrine set size:64052 disposed:false
807 silly fetch manifest eslint-module-utils@^2.12.1
808 silly packumentCache full:https://registry.npmjs.org/eslint-module-utils cache-miss
809 http fetch GET 200 https://registry.npmjs.org/array.prototype.flatmap 55ms (cache miss)
810 silly packumentCache full:https://registry.npmjs.org/array.prototype.flatmap set size:undefined disposed:false
811 silly fetch manifest hasown@^2.0.2
812 silly packumentCache full:https://registry.npmjs.org/hasown cache-miss
813 http fetch GET 200 https://registry.npmjs.org/eslint-module-utils 73ms (cache miss)
814 silly packumentCache full:https://registry.npmjs.org/eslint-module-utils set size:undefined disposed:false
815 silly fetch manifest is-core-module@^2.16.1
816 silly packumentCache full:https://registry.npmjs.org/is-core-module cache-miss
817 http fetch GET 200 https://registry.npmjs.org/hasown 73ms (cache miss)
818 silly packumentCache full:https://registry.npmjs.org/hasown set size:undefined disposed:false
819 silly fetch manifest object.fromentries@^2.0.8
820 silly packumentCache full:https://registry.npmjs.org/object.fromentries cache-miss
821 http cache https://registry.npmjs.org/is-core-module 5ms (cache hit)
822 silly packumentCache full:https://registry.npmjs.org/is-core-module set size:71788 disposed:false
823 silly fetch manifest object.groupby@^1.0.3
824 silly packumentCache full:https://registry.npmjs.org/object.groupby cache-miss
825 http fetch GET 200 https://registry.npmjs.org/@typescript-eslint%2ftypes 573ms (cache miss)
826 silly packumentCache full:https://registry.npmjs.org/@typescript-eslint%2ftypes set size:undefined disposed:false
827 silly fetch manifest object.values@^1.2.1
828 silly packumentCache full:https://registry.npmjs.org/object.values cache-miss
829 http fetch GET 200 https://registry.npmjs.org/object.groupby 64ms (cache miss)
830 silly packumentCache full:https://registry.npmjs.org/object.groupby set size:undefined disposed:false
831 silly fetch manifest semver@^6.3.1
832 silly packumentCache full:https://registry.npmjs.org/semver cache-miss
833 http fetch GET 200 https://registry.npmjs.org/get-tsconfig 480ms (cache miss)
834 silly packumentCache full:https://registry.npmjs.org/get-tsconfig set size:undefined disposed:false
835 silly fetch manifest string.prototype.trimend@^1.0.9
836 silly packumentCache full:https://registry.npmjs.org/string.prototype.trimend cache-miss
837 http fetch GET 200 https://registry.npmjs.org/object.fromentries 73ms (cache miss)
838 silly packumentCache full:https://registry.npmjs.org/object.fromentries set size:undefined disposed:false
839 silly fetch manifest tsconfig-paths@^3.15.0
840 silly packumentCache full:https://registry.npmjs.org/tsconfig-paths cache-miss
841 http fetch GET 200 https://registry.npmjs.org/object.values 38ms (cache miss)
842 silly packumentCache full:https://registry.npmjs.org/object.values set size:undefined disposed:false
843 silly fetch manifest aria-query@^5.3.2
844 silly packumentCache full:https://registry.npmjs.org/aria-query cache-miss
845 http fetch GET 200 https://registry.npmjs.org/@typescript-eslint%2ftypescript-estree 661ms (cache miss)
846 silly packumentCache full:https://registry.npmjs.org/@typescript-eslint%2ftypescript-estree set size:undefined disposed:false
847 silly fetch manifest array-includes@^3.1.8
848 silly packumentCache full:https://registry.npmjs.org/array-includes cache-miss
849 http cache https://registry.npmjs.org/array-includes 10ms (cache hit)
850 silly packumentCache full:https://registry.npmjs.org/array-includes set size:77143 disposed:false
851 silly fetch manifest array.prototype.flatmap@^1.3.2
852 silly packumentCache full:https://registry.npmjs.org/array.prototype.flatmap cache-miss
853 http fetch GET 200 https://registry.npmjs.org/string.prototype.trimend 141ms (cache miss)
854 silly packumentCache full:https://registry.npmjs.org/string.prototype.trimend set size:undefined disposed:false
855 silly fetch manifest ast-types-flow@^0.0.8
856 silly packumentCache full:https://registry.npmjs.org/ast-types-flow cache-miss
857 http fetch GET 200 https://registry.npmjs.org/aria-query 115ms (cache miss)
858 silly packumentCache full:https://registry.npmjs.org/aria-query set size:undefined disposed:false
859 silly fetch manifest axe-core@^4.10.0
860 silly packumentCache full:https://registry.npmjs.org/axe-core cache-miss
861 http fetch GET 200 https://registry.npmjs.org/tsconfig-paths 146ms (cache miss)
862 silly packumentCache full:https://registry.npmjs.org/tsconfig-paths set size:undefined disposed:false
863 silly fetch manifest axobject-query@^4.1.0
864 silly packumentCache full:https://registry.npmjs.org/axobject-query cache-miss
865 http fetch GET 200 https://registry.npmjs.org/semver 151ms (cache miss)
866 silly packumentCache full:https://registry.npmjs.org/semver set size:undefined disposed:false
867 silly fetch manifest damerau-levenshtein@^1.0.8
868 silly packumentCache full:https://registry.npmjs.org/damerau-levenshtein cache-miss
869 http cache https://registry.npmjs.org/array.prototype.flatmap 12ms (cache hit)
870 silly packumentCache full:https://registry.npmjs.org/array.prototype.flatmap set size:51458 disposed:false
871 silly fetch manifest emoji-regex@^9.2.2
872 silly packumentCache full:https://registry.npmjs.org/emoji-regex cache-miss
873 http fetch GET 200 https://registry.npmjs.org/ast-types-flow 41ms (cache miss)
874 silly packumentCache full:https://registry.npmjs.org/ast-types-flow set size:undefined disposed:false
875 silly fetch manifest jsx-ast-utils@^3.3.5
876 silly packumentCache full:https://registry.npmjs.org/jsx-ast-utils cache-miss
877 http fetch GET 200 https://registry.npmjs.org/damerau-levenshtein 43ms (cache miss)
878 silly packumentCache full:https://registry.npmjs.org/damerau-levenshtein set size:undefined disposed:false
879 silly fetch manifest language-tags@^1.0.9
880 silly packumentCache full:https://registry.npmjs.org/language-tags cache-miss
881 http fetch GET 200 https://registry.npmjs.org/axobject-query 47ms (cache miss)
882 silly packumentCache full:https://registry.npmjs.org/axobject-query set size:undefined disposed:false
883 silly fetch manifest safe-regex-test@^1.0.3
884 silly packumentCache full:https://registry.npmjs.org/safe-regex-test cache-miss
885 http fetch GET 200 https://registry.npmjs.org/emoji-regex 49ms (cache miss)
886 silly packumentCache full:https://registry.npmjs.org/emoji-regex set size:undefined disposed:false
887 silly fetch manifest string.prototype.includes@^2.0.1
888 silly packumentCache full:https://registry.npmjs.org/string.prototype.includes cache-miss
889 http fetch GET 200 https://registry.npmjs.org/language-tags 44ms (cache miss)
890 silly packumentCache full:https://registry.npmjs.org/language-tags set size:undefined disposed:false
891 silly fetch manifest array.prototype.findlast@^1.2.5
892 silly packumentCache full:https://registry.npmjs.org/array.prototype.findlast cache-miss
893 http fetch GET 200 https://registry.npmjs.org/safe-regex-test 47ms (cache miss)
894 silly packumentCache full:https://registry.npmjs.org/safe-regex-test set size:undefined disposed:false
895 silly fetch manifest array.prototype.tosorted@^1.1.4
896 silly packumentCache full:https://registry.npmjs.org/array.prototype.tosorted cache-miss
897 http fetch GET 200 https://registry.npmjs.org/jsx-ast-utils 67ms (cache miss)
898 silly packumentCache full:https://registry.npmjs.org/jsx-ast-utils set size:undefined disposed:false
899 silly fetch manifest es-iterator-helpers@^1.2.1
900 silly packumentCache full:https://registry.npmjs.org/es-iterator-helpers cache-miss
901 http fetch GET 200 https://registry.npmjs.org/@typescript-eslint%2fscope-manager 900ms (cache miss)
902 silly packumentCache full:https://registry.npmjs.org/@typescript-eslint%2fscope-manager set size:undefined disposed:false
903 silly fetch manifest estraverse@^5.3.0
904 silly packumentCache full:https://registry.npmjs.org/estraverse cache-miss
905 http fetch GET 200 https://registry.npmjs.org/string.prototype.includes 114ms (cache miss)
906 silly packumentCache full:https://registry.npmjs.org/string.prototype.includes set size:undefined disposed:false
907 silly fetch manifest jsx-ast-utils@^2.4.1 || ^3.0.0
908 silly packumentCache full:https://registry.npmjs.org/jsx-ast-utils cache-miss
909 http cache https://registry.npmjs.org/estraverse 9ms (cache hit)
910 silly packumentCache full:https://registry.npmjs.org/estraverse set size:62412 disposed:false
911 silly fetch manifest object.entries@^1.1.9
912 silly packumentCache full:https://registry.npmjs.org/object.entries cache-miss
913 http fetch GET 200 https://registry.npmjs.org/array.prototype.tosorted 79ms (cache miss)
914 silly packumentCache full:https://registry.npmjs.org/array.prototype.tosorted set size:undefined disposed:false
915 silly fetch manifest prop-types@^15.8.1
916 silly packumentCache full:https://registry.npmjs.org/prop-types cache-miss
917 http fetch GET 200 https://registry.npmjs.org/array.prototype.findlast 87ms (cache miss)
918 silly packumentCache full:https://registry.npmjs.org/array.prototype.findlast set size:undefined disposed:false
919 silly fetch manifest resolve@^2.0.0-next.5
920 silly packumentCache full:https://registry.npmjs.org/resolve cache-miss
921 http cache https://registry.npmjs.org/jsx-ast-utils 9ms (cache hit)
922 silly packumentCache full:https://registry.npmjs.org/jsx-ast-utils set size:115998 disposed:false
923 silly fetch manifest string.prototype.matchall@^4.0.12
924 silly packumentCache full:https://registry.npmjs.org/string.prototype.matchall cache-miss
925 http cache https://registry.npmjs.org/resolve 3ms (cache hit)
926 silly packumentCache full:https://registry.npmjs.org/resolve set size:246681 disposed:false
927 silly fetch manifest string.prototype.repeat@^1.0.0
928 silly packumentCache full:https://registry.npmjs.org/string.prototype.repeat cache-miss
929 http fetch GET 200 https://registry.npmjs.org/es-iterator-helpers 115ms (cache miss)
930 silly packumentCache full:https://registry.npmjs.org/es-iterator-helpers set size:undefined disposed:false
931 http fetch GET 200 https://registry.npmjs.org/object.entries 45ms (cache miss)
932 silly packumentCache full:https://registry.npmjs.org/object.entries set size:undefined disposed:false
933 http fetch GET 200 https://registry.npmjs.org/prop-types 45ms (cache miss)
934 silly packumentCache full:https://registry.npmjs.org/prop-types set size:undefined disposed:false
935 http fetch GET 200 https://registry.npmjs.org/string.prototype.matchall 48ms (cache miss)
936 silly packumentCache full:https://registry.npmjs.org/string.prototype.matchall set size:undefined disposed:false
937 http fetch GET 200 https://registry.npmjs.org/axe-core 236ms (cache miss)
938 silly packumentCache full:https://registry.npmjs.org/axe-core set size:undefined disposed:false
939 http fetch GET 200 https://registry.npmjs.org/string.prototype.repeat 81ms (cache miss)
940 silly packumentCache full:https://registry.npmjs.org/string.prototype.repeat set size:undefined disposed:false
941 http fetch GET 200 https://registry.npmjs.org/@typescript-eslint%2fvisitor-keys 1081ms (cache miss)
942 silly packumentCache full:https://registry.npmjs.org/@typescript-eslint%2fvisitor-keys set size:undefined disposed:false
943 silly placeDep ROOT glob@10.3.10 OK for: @next/eslint-plugin-next@14.2.5 want: 10.3.10
944 silly fetch manifest minipass@^5.0.0 || ^6.0.2 || ^7.0.0
945 silly packumentCache full:https://registry.npmjs.org/minipass cache-miss
946 silly fetch manifest jackspeak@^2.3.5
947 silly packumentCache full:https://registry.npmjs.org/jackspeak cache-miss
948 silly fetch manifest minimatch@^9.0.1
949 silly packumentCache full:https://registry.npmjs.org/minimatch cache-hit
950 silly fetch manifest path-scurry@^1.10.1
951 silly packumentCache full:https://registry.npmjs.org/path-scurry cache-miss
952 silly fetch manifest foreground-child@^3.1.0
953 silly packumentCache full:https://registry.npmjs.org/foreground-child cache-miss
954 http fetch GET 200 https://registry.npmjs.org/jackspeak 37ms (cache miss)
955 silly packumentCache full:https://registry.npmjs.org/jackspeak set size:undefined disposed:false
956 http fetch GET 200 https://registry.npmjs.org/path-scurry 45ms (cache miss)
957 silly packumentCache full:https://registry.npmjs.org/path-scurry set size:undefined disposed:false
958 http fetch GET 200 https://registry.npmjs.org/foreground-child 51ms (cache miss)
959 silly packumentCache full:https://registry.npmjs.org/foreground-child set size:undefined disposed:false
960 http fetch GET 200 https://registry.npmjs.org/minipass 81ms (cache miss)
961 silly packumentCache full:https://registry.npmjs.org/minipass set size:undefined disposed:false
962 silly placeDep ROOT @typescript-eslint/scope-manager@7.2.0 OK for: @typescript-eslint/parser@7.2.0 want: 7.2.0
963 silly placeDep ROOT @typescript-eslint/types@7.2.0 OK for: @typescript-eslint/parser@7.2.0 want: 7.2.0
964 silly placeDep ROOT @typescript-eslint/typescript-estree@7.2.0 OK for: @typescript-eslint/parser@7.2.0 want: 7.2.0
965 silly placeDep ROOT @typescript-eslint/visitor-keys@7.2.0 OK for: @typescript-eslint/parser@7.2.0 want: 7.2.0
966 silly fetch manifest globby@^11.1.0
967 silly packumentCache full:https://registry.npmjs.org/globby cache-miss
968 silly fetch manifest semver@^7.5.4
969 silly packumentCache full:https://registry.npmjs.org/semver cache-miss
970 silly fetch manifest minimatch@9.0.3
971 silly packumentCache full:https://registry.npmjs.org/minimatch cache-hit
972 silly fetch manifest ts-api-utils@^1.0.1
973 silly packumentCache full:https://registry.npmjs.org/ts-api-utils cache-miss
974 http cache https://registry.npmjs.org/semver 2ms (cache hit)
975 silly packumentCache full:https://registry.npmjs.org/semver set size:226907 disposed:false
976 http fetch GET 200 https://registry.npmjs.org/globby 60ms (cache miss)
977 silly packumentCache full:https://registry.npmjs.org/globby set size:undefined disposed:false
978 http fetch GET 200 https://registry.npmjs.org/ts-api-utils 155ms (cache miss)
979 silly packumentCache full:https://registry.npmjs.org/ts-api-utils set size:undefined disposed:false
980 silly fetch manifest typescript@>=4.2.0
981 silly packumentCache full:https://registry.npmjs.org/typescript cache-miss
982 http cache https://registry.npmjs.org/typescript 24ms (cache hit)
983 silly packumentCache full:https://registry.npmjs.org/typescript set size:15118333 disposed:false
984 silly placeDep ROOT globby@11.1.0 OK for: @typescript-eslint/typescript-estree@7.2.0 want: ^11.1.0
985 silly placeDep node_modules/@typescript-eslint/typescript-estree minimatch@9.0.3 OK for: @typescript-eslint/typescript-estree@7.2.0 want: 9.0.3
986 silly placeDep ROOT semver@7.7.3 OK for: @typescript-eslint/typescript-estree@7.2.0 want: ^7.5.4
987 silly placeDep ROOT ts-api-utils@1.4.3 OK for: @typescript-eslint/typescript-estree@7.2.0 want: ^1.0.1
988 silly fetch manifest slash@^3.0.0
989 silly packumentCache full:https://registry.npmjs.org/slash cache-miss
990 silly fetch manifest merge2@^1.4.1
991 silly packumentCache full:https://registry.npmjs.org/merge2 cache-miss
992 silly fetch manifest dir-glob@^3.0.1
993 silly packumentCache full:https://registry.npmjs.org/dir-glob cache-miss
994 silly fetch manifest fast-glob@^3.2.9
995 silly packumentCache full:https://registry.npmjs.org/fast-glob cache-miss
996 silly fetch manifest array-union@^2.1.0
997 silly packumentCache full:https://registry.npmjs.org/array-union cache-miss
998 silly fetch manifest brace-expansion@^2.0.1
999 silly packumentCache full:https://registry.npmjs.org/brace-expansion cache-miss
1000 http cache https://registry.npmjs.org/brace-expansion 2ms (cache hit)
1001 silly packumentCache full:https://registry.npmjs.org/brace-expansion set size:46250 disposed:false
1002 http fetch GET 200 https://registry.npmjs.org/dir-glob 36ms (cache miss)
1003 silly packumentCache full:https://registry.npmjs.org/dir-glob set size:undefined disposed:false
1004 http fetch GET 200 https://registry.npmjs.org/slash 37ms (cache miss)
1005 silly packumentCache full:https://registry.npmjs.org/slash set size:undefined disposed:false
1006 http fetch GET 200 https://registry.npmjs.org/merge2 48ms (cache miss)
1007 silly packumentCache full:https://registry.npmjs.org/merge2 set size:undefined disposed:false
1008 http fetch GET 200 https://registry.npmjs.org/array-union 80ms (cache miss)
1009 silly packumentCache full:https://registry.npmjs.org/array-union set size:undefined disposed:false
1010 http fetch GET 200 https://registry.npmjs.org/fast-glob 90ms (cache miss)
1011 silly packumentCache full:https://registry.npmjs.org/fast-glob set size:undefined disposed:false
1012 silly placeDep node_modules/eslint-import-resolver-node debug@3.2.7 OK for: eslint-import-resolver-node@0.3.9 want: ^3.2.7
1013 silly placeDep ROOT is-core-module@2.16.1 OK for: eslint-import-resolver-node@0.3.9 want: ^2.13.0
1014 silly placeDep ROOT resolve@1.22.11 OK for: eslint-import-resolver-node@0.3.9 want: ^1.22.4
1015 silly fetch manifest path-parse@^1.0.7
1016 silly packumentCache full:https://registry.npmjs.org/path-parse cache-miss
1017 silly fetch manifest supports-preserve-symlinks-flag@^1.0.0
1018 silly packumentCache full:https://registry.npmjs.org/supports-preserve-symlinks-flag cache-miss
1019 http fetch GET 200 https://registry.npmjs.org/path-parse 35ms (cache miss)
1020 silly packumentCache full:https://registry.npmjs.org/path-parse set size:undefined disposed:false
1021 http fetch GET 200 https://registry.npmjs.org/supports-preserve-symlinks-flag 43ms (cache miss)
1022 silly packumentCache full:https://registry.npmjs.org/supports-preserve-symlinks-flag set size:undefined disposed:false
1023 silly placeDep ROOT @nolyfill/is-core-module@1.0.39 OK for: eslint-import-resolver-typescript@3.10.1 want: 1.0.39
1024 silly placeDep ROOT get-tsconfig@4.13.0 OK for: eslint-import-resolver-typescript@3.10.1 want: ^4.10.0
1025 silly placeDep ROOT is-bun-module@2.0.0 OK for: eslint-import-resolver-typescript@3.10.1 want: ^2.0.0
1026 silly placeDep ROOT stable-hash@0.0.5 OK for: eslint-import-resolver-typescript@3.10.1 want: ^0.0.5
1027 silly placeDep ROOT tinyglobby@0.2.15 OK for: eslint-import-resolver-typescript@3.10.1 want: ^0.2.13
1028 silly placeDep ROOT unrs-resolver@1.11.1 OK for: eslint-import-resolver-typescript@3.10.1 want: ^1.6.2
1029 silly fetch manifest resolve-pkg-maps@^1.0.0
1030 silly packumentCache full:https://registry.npmjs.org/resolve-pkg-maps cache-miss
1031 silly fetch manifest fdir@^6.5.0
1032 silly packumentCache full:https://registry.npmjs.org/fdir cache-miss
1033 silly fetch manifest picomatch@^4.0.3
1034 silly packumentCache full:https://registry.npmjs.org/picomatch cache-miss
1035 silly fetch manifest napi-postinstall@^0.3.0
1036 silly packumentCache full:https://registry.npmjs.org/napi-postinstall cache-miss
1037 silly fetch manifest @unrs/resolver-binding-win32-x64-msvc@1.11.1
1038 silly packumentCache full:https://registry.npmjs.org/@unrs%2fresolver-binding-win32-x64-msvc cache-miss
1039 silly fetch manifest @unrs/resolver-binding-win32-arm64-msvc@1.11.1
1040 silly packumentCache full:https://registry.npmjs.org/@unrs%2fresolver-binding-win32-arm64-msvc cache-miss
1041 silly fetch manifest @unrs/resolver-binding-win32-ia32-msvc@1.11.1
1042 silly packumentCache full:https://registry.npmjs.org/@unrs%2fresolver-binding-win32-ia32-msvc cache-miss
1043 http fetch GET 200 https://registry.npmjs.org/resolve-pkg-maps 39ms (cache miss)
1044 silly packumentCache full:https://registry.npmjs.org/resolve-pkg-maps set size:undefined disposed:false
1045 silly fetch manifest @unrs/resolver-binding-linux-x64-gnu@1.11.1
1046 silly packumentCache full:https://registry.npmjs.org/@unrs%2fresolver-binding-linux-x64-gnu cache-miss
1047 http fetch GET 200 https://registry.npmjs.org/picomatch 45ms (cache miss)
1048 silly packumentCache full:https://registry.npmjs.org/picomatch set size:undefined disposed:false
1049 silly fetch manifest @unrs/resolver-binding-linux-x64-musl@1.11.1
1050 silly packumentCache full:https://registry.npmjs.org/@unrs%2fresolver-binding-linux-x64-musl cache-miss
1051 http fetch GET 200 https://registry.npmjs.org/napi-postinstall 49ms (cache miss)
1052 silly packumentCache full:https://registry.npmjs.org/napi-postinstall set size:undefined disposed:false
1053 silly fetch manifest @unrs/resolver-binding-freebsd-x64@1.11.1
1054 silly packumentCache full:https://registry.npmjs.org/@unrs%2fresolver-binding-freebsd-x64 cache-miss
1055 http fetch GET 200 https://registry.npmjs.org/fdir 55ms (cache miss)
1056 silly packumentCache full:https://registry.npmjs.org/fdir set size:undefined disposed:false
1057 silly fetch manifest @unrs/resolver-binding-android-arm64@1.11.1
1058 silly packumentCache full:https://registry.npmjs.org/@unrs%2fresolver-binding-android-arm64 cache-miss
1059 http fetch GET 200 https://registry.npmjs.org/@unrs%2fresolver-binding-win32-x64-msvc 62ms (cache miss)
1060 silly packumentCache full:https://registry.npmjs.org/@unrs%2fresolver-binding-win32-x64-msvc set size:undefined disposed:false
1061 silly fetch manifest @unrs/resolver-binding-linux-arm64-gnu@1.11.1
1062 silly packumentCache full:https://registry.npmjs.org/@unrs%2fresolver-binding-linux-arm64-gnu cache-miss
1063 http fetch GET 200 https://registry.npmjs.org/@unrs%2fresolver-binding-win32-arm64-msvc 70ms (cache miss)
1064 silly packumentCache full:https://registry.npmjs.org/@unrs%2fresolver-binding-win32-arm64-msvc set size:undefined disposed:false
1065 silly fetch manifest @unrs/resolver-binding-linux-arm64-musl@1.11.1
1066 silly packumentCache full:https://registry.npmjs.org/@unrs%2fresolver-binding-linux-arm64-musl cache-miss
1067 http fetch GET 200 https://registry.npmjs.org/@unrs%2fresolver-binding-win32-ia32-msvc 78ms (cache miss)
1068 silly packumentCache full:https://registry.npmjs.org/@unrs%2fresolver-binding-win32-ia32-msvc set size:undefined disposed:false
1069 silly fetch manifest @unrs/resolver-binding-android-arm-eabi@1.11.1
1070 silly packumentCache full:https://registry.npmjs.org/@unrs%2fresolver-binding-android-arm-eabi cache-miss
1071 http fetch GET 200 https://registry.npmjs.org/@unrs%2fresolver-binding-linux-x64-gnu 53ms (cache miss)
1072 silly packumentCache full:https://registry.npmjs.org/@unrs%2fresolver-binding-linux-x64-gnu set size:undefined disposed:false
1073 silly fetch manifest @unrs/resolver-binding-linux-arm-gnueabihf@1.11.1
1074 silly packumentCache full:https://registry.npmjs.org/@unrs%2fresolver-binding-linux-arm-gnueabihf cache-miss
1075 http fetch GET 200 https://registry.npmjs.org/@unrs%2fresolver-binding-freebsd-x64 60ms (cache miss)
1076 silly packumentCache full:https://registry.npmjs.org/@unrs%2fresolver-binding-freebsd-x64 set size:undefined disposed:false
1077 silly fetch manifest @unrs/resolver-binding-linux-arm-musleabihf@1.11.1
1078 silly packumentCache full:https://registry.npmjs.org/@unrs%2fresolver-binding-linux-arm-musleabihf cache-miss
1079 http fetch GET 200 https://registry.npmjs.org/@unrs%2fresolver-binding-linux-x64-musl 68ms (cache miss)
1080 silly packumentCache full:https://registry.npmjs.org/@unrs%2fresolver-binding-linux-x64-musl set size:undefined disposed:false
1081 silly fetch manifest @unrs/resolver-binding-linux-ppc64-gnu@1.11.1
1082 silly packumentCache full:https://registry.npmjs.org/@unrs%2fresolver-binding-linux-ppc64-gnu cache-miss
1083 http fetch GET 200 https://registry.npmjs.org/@unrs%2fresolver-binding-android-arm64 64ms (cache miss)
1084 silly packumentCache full:https://registry.npmjs.org/@unrs%2fresolver-binding-android-arm64 set size:undefined disposed:false
1085 silly fetch manifest @unrs/resolver-binding-linux-riscv64-gnu@1.11.1
1086 silly packumentCache full:https://registry.npmjs.org/@unrs%2fresolver-binding-linux-riscv64-gnu cache-miss
1087 http fetch GET 200 https://registry.npmjs.org/@unrs%2fresolver-binding-linux-arm64-gnu 70ms (cache miss)
1088 silly packumentCache full:https://registry.npmjs.org/@unrs%2fresolver-binding-linux-arm64-gnu set size:undefined disposed:false
1089 silly fetch manifest @unrs/resolver-binding-linux-riscv64-musl@1.11.1
1090 silly packumentCache full:https://registry.npmjs.org/@unrs%2fresolver-binding-linux-riscv64-musl cache-miss
1091 http fetch GET 200 https://registry.npmjs.org/@unrs%2fresolver-binding-android-arm-eabi 68ms (cache miss)
1092 silly packumentCache full:https://registry.npmjs.org/@unrs%2fresolver-binding-android-arm-eabi set size:undefined disposed:false
1093 silly fetch manifest @unrs/resolver-binding-linux-s390x-gnu@1.11.1
1094 silly packumentCache full:https://registry.npmjs.org/@unrs%2fresolver-binding-linux-s390x-gnu cache-miss
1095 http fetch GET 200 https://registry.npmjs.org/@unrs%2fresolver-binding-linux-arm64-musl 79ms (cache miss)
1096 silly packumentCache full:https://registry.npmjs.org/@unrs%2fresolver-binding-linux-arm64-musl set size:undefined disposed:false
1097 silly fetch manifest @unrs/resolver-binding-darwin-x64@1.11.1
1098 silly packumentCache full:https://registry.npmjs.org/@unrs%2fresolver-binding-darwin-x64 cache-miss
1099 http fetch GET 200 https://registry.npmjs.org/@unrs%2fresolver-binding-linux-arm-gnueabihf 65ms (cache miss)
1100 silly packumentCache full:https://registry.npmjs.org/@unrs%2fresolver-binding-linux-arm-gnueabihf set size:undefined disposed:false
1101 silly fetch manifest @unrs/resolver-binding-darwin-arm64@1.11.1
1102 silly packumentCache full:https://registry.npmjs.org/@unrs%2fresolver-binding-darwin-arm64 cache-miss
1103 http fetch GET 200 https://registry.npmjs.org/@unrs%2fresolver-binding-linux-ppc64-gnu 59ms (cache miss)
1104 silly packumentCache full:https://registry.npmjs.org/@unrs%2fresolver-binding-linux-ppc64-gnu set size:undefined disposed:false
1105 silly fetch manifest @unrs/resolver-binding-wasm32-wasi@1.11.1
1106 silly packumentCache full:https://registry.npmjs.org/@unrs%2fresolver-binding-wasm32-wasi cache-miss
1107 http fetch GET 200 https://registry.npmjs.org/@unrs%2fresolver-binding-linux-riscv64-gnu 57ms (cache miss)
1108 silly packumentCache full:https://registry.npmjs.org/@unrs%2fresolver-binding-linux-riscv64-gnu set size:undefined disposed:false
1109 http fetch GET 200 https://registry.npmjs.org/@unrs%2fresolver-binding-linux-arm-musleabihf 73ms (cache miss)
1110 silly packumentCache full:https://registry.npmjs.org/@unrs%2fresolver-binding-linux-arm-musleabihf set size:undefined disposed:false
1111 http fetch GET 200 https://registry.npmjs.org/@unrs%2fresolver-binding-linux-riscv64-musl 55ms (cache miss)
1112 silly packumentCache full:https://registry.npmjs.org/@unrs%2fresolver-binding-linux-riscv64-musl set size:undefined disposed:false
1113 http fetch GET 200 https://registry.npmjs.org/@unrs%2fresolver-binding-darwin-x64 50ms (cache miss)
1114 silly packumentCache full:https://registry.npmjs.org/@unrs%2fresolver-binding-darwin-x64 set size:undefined disposed:false
1115 http fetch GET 200 https://registry.npmjs.org/@unrs%2fresolver-binding-darwin-arm64 48ms (cache miss)
1116 silly packumentCache full:https://registry.npmjs.org/@unrs%2fresolver-binding-darwin-arm64 set size:undefined disposed:false
1117 http fetch GET 200 https://registry.npmjs.org/@unrs%2fresolver-binding-linux-s390x-gnu 78ms (cache miss)
1118 silly packumentCache full:https://registry.npmjs.org/@unrs%2fresolver-binding-linux-s390x-gnu set size:undefined disposed:false
1119 http fetch GET 200 https://registry.npmjs.org/@unrs%2fresolver-binding-wasm32-wasi 58ms (cache miss)
1120 silly packumentCache full:https://registry.npmjs.org/@unrs%2fresolver-binding-wasm32-wasi set size:undefined disposed:false
1121 silly placeDep ROOT @rtsao/scc@1.1.0 OK for: eslint-plugin-import@2.32.0 want: ^1.1.0
1122 silly placeDep ROOT array-includes@3.1.9 OK for: eslint-plugin-import@2.32.0 want: ^3.1.9
1123 silly placeDep ROOT array.prototype.findlastindex@1.2.6 OK for: eslint-plugin-import@2.32.0 want: ^1.2.6
1124 silly placeDep ROOT array.prototype.flat@1.3.3 OK for: eslint-plugin-import@2.32.0 want: ^1.3.3
1125 silly placeDep ROOT array.prototype.flatmap@1.3.3 OK for: eslint-plugin-import@2.32.0 want: ^1.3.3
1126 silly placeDep node_modules/eslint-plugin-import debug@3.2.7 OK for: eslint-plugin-import@2.32.0 want: ^3.2.7
1127 silly placeDep node_modules/eslint-plugin-import doctrine@2.1.0 OK for: eslint-plugin-import@2.32.0 want: ^2.1.0
1128 silly placeDep ROOT eslint-module-utils@2.12.1 OK for: eslint-plugin-import@2.32.0 want: ^2.12.1
1129 silly placeDep ROOT hasown@2.0.2 OK for: eslint-plugin-import@2.32.0 want: ^2.0.2
1130 silly placeDep ROOT object.fromentries@2.0.8 OK for: eslint-plugin-import@2.32.0 want: ^2.0.8
1131 silly placeDep ROOT object.groupby@1.0.3 OK for: eslint-plugin-import@2.32.0 want: ^1.0.3
1132 silly placeDep ROOT object.values@1.2.1 OK for: eslint-plugin-import@2.32.0 want: ^1.2.1
1133 silly placeDep node_modules/eslint-plugin-import semver@6.3.1 OK for: eslint-plugin-import@2.32.0 want: ^6.3.1
1134 silly placeDep ROOT string.prototype.trimend@1.0.9 OK for: eslint-plugin-import@2.32.0 want: ^1.0.9
1135 silly placeDep ROOT tsconfig-paths@3.15.0 OK for: eslint-plugin-import@2.32.0 want: ^3.15.0
1136 silly fetch manifest call-bind@^1.0.8
1137 silly packumentCache full:https://registry.npmjs.org/call-bind cache-miss
1138 silly fetch manifest call-bound@^1.0.4
1139 silly packumentCache full:https://registry.npmjs.org/call-bound cache-miss
1140 silly fetch manifest define-properties@^1.2.1
1141 silly packumentCache full:https://registry.npmjs.org/define-properties cache-miss
1142 silly fetch manifest es-abstract@^1.24.0
1143 silly packumentCache full:https://registry.npmjs.org/es-abstract cache-miss
1144 silly fetch manifest es-object-atoms@^1.1.1
1145 silly packumentCache full:https://registry.npmjs.org/es-object-atoms cache-miss
1146 silly fetch manifest get-intrinsic@^1.3.0
1147 silly packumentCache full:https://registry.npmjs.org/get-intrinsic cache-miss
1148 silly fetch manifest is-string@^1.1.1
1149 silly packumentCache full:https://registry.npmjs.org/is-string cache-miss
1150 http fetch GET 200 https://registry.npmjs.org/es-object-atoms 34ms (cache miss)
1151 silly packumentCache full:https://registry.npmjs.org/es-object-atoms set size:undefined disposed:false
1152 silly fetch manifest math-intrinsics@^1.1.0
1153 silly packumentCache full:https://registry.npmjs.org/math-intrinsics cache-miss
1154 http fetch GET 200 https://registry.npmjs.org/is-string 36ms (cache miss)
1155 silly packumentCache full:https://registry.npmjs.org/is-string set size:undefined disposed:false
1156 silly fetch manifest call-bind@^1.0.8
1157 silly packumentCache full:https://registry.npmjs.org/call-bind cache-miss
1158 http fetch GET 200 https://registry.npmjs.org/call-bind 38ms (cache miss)
1159 silly packumentCache full:https://registry.npmjs.org/call-bind set size:undefined disposed:false
1160 silly fetch manifest call-bound@^1.0.4
1161 silly packumentCache full:https://registry.npmjs.org/call-bound cache-miss
1162 http fetch GET 200 https://registry.npmjs.org/define-properties 38ms (cache miss)
1163 silly packumentCache full:https://registry.npmjs.org/define-properties set size:undefined disposed:false
1164 silly fetch manifest es-abstract@^1.23.9
1165 silly packumentCache full:https://registry.npmjs.org/es-abstract cache-miss
1166 http cache https://registry.npmjs.org/call-bind 3ms (cache hit)
1167 silly packumentCache full:https://registry.npmjs.org/call-bind set size:30096 disposed:false
1168 silly fetch manifest es-errors@^1.3.0
1169 silly packumentCache full:https://registry.npmjs.org/es-errors cache-miss
1170 http fetch GET 200 https://registry.npmjs.org/get-intrinsic 63ms (cache miss)
1171 silly packumentCache full:https://registry.npmjs.org/get-intrinsic set size:undefined disposed:false
1172 silly fetch manifest es-shim-unscopables@^1.1.0
1173 silly packumentCache full:https://registry.npmjs.org/es-shim-unscopables cache-miss
1174 http fetch GET 200 https://registry.npmjs.org/math-intrinsics 37ms (cache miss)
1175 silly packumentCache full:https://registry.npmjs.org/math-intrinsics set size:undefined disposed:false
1176 silly fetch manifest es-abstract@^1.23.5
1177 silly packumentCache full:https://registry.npmjs.org/es-abstract cache-miss
1178 http fetch GET 200 https://registry.npmjs.org/call-bound 74ms (cache miss)
1179 silly packumentCache full:https://registry.npmjs.org/call-bound set size:undefined disposed:false
1180 silly fetch manifest es-shim-unscopables@^1.0.2
1181 silly packumentCache full:https://registry.npmjs.org/es-shim-unscopables cache-miss
1182 http fetch GET 200 https://registry.npmjs.org/call-bound 38ms (cache miss)
1183 silly packumentCache full:https://registry.npmjs.org/call-bound set size:undefined disposed:false
1184 silly fetch manifest es-abstract@^1.23.5
1185 silly packumentCache full:https://registry.npmjs.org/es-abstract cache-miss
1186 http fetch GET 200 https://registry.npmjs.org/es-abstract 79ms (cache miss)
1187 silly packumentCache full:https://registry.npmjs.org/es-abstract set size:undefined disposed:false
1188 silly fetch manifest es-shim-unscopables@^1.0.2
1189 silly packumentCache full:https://registry.npmjs.org/es-shim-unscopables cache-miss
1190 http fetch GET 200 https://registry.npmjs.org/es-errors 55ms (cache miss)
1191 silly packumentCache full:https://registry.npmjs.org/es-errors set size:undefined disposed:false
1192 silly fetch manifest function-bind@^1.1.2
1193 silly packumentCache full:https://registry.npmjs.org/function-bind cache-miss
1194 http fetch GET 200 https://registry.npmjs.org/es-shim-unscopables 41ms (cache miss)
1195 silly packumentCache full:https://registry.npmjs.org/es-shim-unscopables set size:undefined disposed:false
1196 silly fetch manifest call-bind@^1.0.7
1197 silly packumentCache full:https://registry.npmjs.org/call-bind cache-hit
1198 silly fetch manifest es-abstract@^1.23.2
1199 silly packumentCache full:https://registry.npmjs.org/es-abstract cache-miss
1200 http fetch GET 200 https://registry.npmjs.org/es-shim-unscopables 31ms (cache miss)
1201 silly packumentCache full:https://registry.npmjs.org/es-shim-unscopables set size:undefined disposed:false
1202 silly fetch manifest es-object-atoms@^1.0.0
1203 silly packumentCache full:https://registry.npmjs.org/es-object-atoms cache-miss
1204 http fetch GET 200 https://registry.npmjs.org/es-abstract 68ms (cache miss)
1205 silly packumentCache full:https://registry.npmjs.org/es-abstract set size:undefined disposed:false
1206 silly fetch manifest es-abstract@^1.23.2
1207 silly packumentCache full:https://registry.npmjs.org/es-abstract cache-miss
1208 http fetch GET 200 https://registry.npmjs.org/es-shim-unscopables 34ms (cache miss)
1209 silly packumentCache full:https://registry.npmjs.org/es-shim-unscopables set size:undefined disposed:false
1210 silly fetch manifest call-bound@^1.0.3
1211 silly packumentCache full:https://registry.npmjs.org/call-bound cache-miss
1212 http cache https://registry.npmjs.org/es-object-atoms 10ms (cache hit)
1213 silly packumentCache full:https://registry.npmjs.org/es-object-atoms set size:15304 disposed:false
1214 silly fetch manifest call-bound@^1.0.2
1215 silly packumentCache full:https://registry.npmjs.org/call-bound cache-miss
1216 http cache https://registry.npmjs.org/es-abstract 12ms (cache hit)
1217 silly packumentCache full:https://registry.npmjs.org/es-abstract set size:378584 disposed:false
1218 silly fetch manifest json5@^1.0.2
1219 silly packumentCache full:https://registry.npmjs.org/json5 cache-miss
1220 http cache https://registry.npmjs.org/es-abstract 12ms (cache hit)
1221 silly packumentCache full:https://registry.npmjs.org/es-abstract set size:378584 disposed:false
1222 silly packumentCache full:https://registry.npmjs.org/es-abstract dispose
1223 silly fetch manifest minimist@^1.2.6
1224 silly packumentCache full:https://registry.npmjs.org/minimist cache-miss
1225 http cache https://registry.npmjs.org/call-bound 10ms (cache hit)
1226 silly packumentCache full:https://registry.npmjs.org/call-bound set size:15317 disposed:false
1227 silly fetch manifest strip-bom@^3.0.0
1228 silly packumentCache full:https://registry.npmjs.org/strip-bom cache-miss
1229 http fetch GET 200 https://registry.npmjs.org/es-abstract 57ms (cache miss)
1230 silly packumentCache full:https://registry.npmjs.org/es-abstract set size:undefined disposed:true
1231 silly packumentCache full:https://registry.npmjs.org/es-abstract dispose
1232 silly fetch manifest @types/json5@^0.0.29
1233 silly packumentCache full:https://registry.npmjs.org/@types%2fjson5 cache-miss
1234 http cache https://registry.npmjs.org/call-bound 16ms (cache hit)
1235 silly packumentCache full:https://registry.npmjs.org/call-bound set size:15317 disposed:false
1236 silly packumentCache full:https://registry.npmjs.org/call-bound dispose
1237 http fetch GET 200 https://registry.npmjs.org/es-abstract 60ms (cache miss)
1238 silly packumentCache full:https://registry.npmjs.org/es-abstract set size:undefined disposed:true
1239 http fetch GET 200 https://registry.npmjs.org/function-bind 42ms (cache miss)
1240 silly packumentCache full:https://registry.npmjs.org/function-bind set size:undefined disposed:false
1241 http fetch GET 200 https://registry.npmjs.org/minimist 35ms (cache miss)
1242 silly packumentCache full:https://registry.npmjs.org/minimist set size:undefined disposed:false
1243 http fetch GET 200 https://registry.npmjs.org/json5 39ms (cache miss)
1244 silly packumentCache full:https://registry.npmjs.org/json5 set size:undefined disposed:false
1245 http fetch GET 200 https://registry.npmjs.org/strip-bom 48ms (cache miss)
1246 silly packumentCache full:https://registry.npmjs.org/strip-bom set size:undefined disposed:false
1247 http fetch GET 200 https://registry.npmjs.org/@types%2fjson5 55ms (cache miss)
1248 silly packumentCache full:https://registry.npmjs.org/@types%2fjson5 set size:undefined disposed:false
1249 silly placeDep ROOT call-bind@1.0.8 OK for: array-includes@3.1.9 want: ^1.0.8
1250 silly placeDep ROOT call-bound@1.0.4 OK for: array-includes@3.1.9 want: ^1.0.4
1251 silly placeDep ROOT define-properties@1.2.1 OK for: array-includes@3.1.9 want: ^1.2.1
1252 silly placeDep ROOT es-abstract@1.24.1 OK for: array-includes@3.1.9 want: ^1.24.0
1253 silly placeDep ROOT es-object-atoms@1.1.1 OK for: array-includes@3.1.9 want: ^1.1.1
1254 silly placeDep ROOT get-intrinsic@1.3.0 OK for: array-includes@3.1.9 want: ^1.3.0
1255 silly placeDep ROOT is-string@1.1.1 OK for: array-includes@3.1.9 want: ^1.1.1
1256 silly placeDep ROOT math-intrinsics@1.1.0 OK for: array-includes@3.1.9 want: ^1.1.0
1257 silly fetch manifest call-bind-apply-helpers@^1.0.0
1258 silly packumentCache full:https://registry.npmjs.org/call-bind-apply-helpers cache-miss
1259 silly fetch manifest es-define-property@^1.0.0
1260 silly packumentCache full:https://registry.npmjs.org/es-define-property cache-miss
1261 silly fetch manifest get-intrinsic@^1.2.4
1262 silly packumentCache full:https://registry.npmjs.org/get-intrinsic cache-miss
1263 silly fetch manifest set-function-length@^1.2.2
1264 silly packumentCache full:https://registry.npmjs.org/set-function-length cache-miss
1265 silly fetch manifest call-bind-apply-helpers@^1.0.2
1266 silly packumentCache full:https://registry.npmjs.org/call-bind-apply-helpers cache-miss
1267 silly fetch manifest define-data-property@^1.0.1
1268 silly packumentCache full:https://registry.npmjs.org/define-data-property cache-miss
1269 silly fetch manifest has-property-descriptors@^1.0.0
1270 silly packumentCache full:https://registry.npmjs.org/has-property-descriptors cache-miss
1271 http cache https://registry.npmjs.org/get-intrinsic 6ms (cache hit)
1272 silly packumentCache full:https://registry.npmjs.org/get-intrinsic set size:60985 disposed:false
1273 silly fetch manifest object-keys@^1.1.1
1274 silly packumentCache full:https://registry.npmjs.org/object-keys cache-miss
1275 http fetch GET 200 https://registry.npmjs.org/define-data-property 39ms (cache miss)
1276 silly packumentCache full:https://registry.npmjs.org/define-data-property set size:undefined disposed:false
1277 silly fetch manifest array-buffer-byte-length@^1.0.2
1278 silly packumentCache full:https://registry.npmjs.org/array-buffer-byte-length cache-miss
1279 http fetch GET 200 https://registry.npmjs.org/call-bind-apply-helpers 43ms (cache miss)
1280 silly packumentCache full:https://registry.npmjs.org/call-bind-apply-helpers set size:undefined disposed:false
1281 silly fetch manifest arraybuffer.prototype.slice@^1.0.4
1282 silly packumentCache full:https://registry.npmjs.org/arraybuffer.prototype.slice cache-miss
1283 http fetch GET 200 https://registry.npmjs.org/call-bind-apply-helpers 46ms (cache miss)
1284 silly packumentCache full:https://registry.npmjs.org/call-bind-apply-helpers set size:undefined disposed:false
1285 silly fetch manifest available-typed-arrays@^1.0.7
1286 silly packumentCache full:https://registry.npmjs.org/available-typed-arrays cache-miss
1287 http fetch GET 200 https://registry.npmjs.org/set-function-length 47ms (cache miss)
1288 silly packumentCache full:https://registry.npmjs.org/set-function-length set size:undefined disposed:false
1289 silly fetch manifest data-view-buffer@^1.0.2
1290 silly packumentCache full:https://registry.npmjs.org/data-view-buffer cache-miss
1291 http fetch GET 200 https://registry.npmjs.org/es-define-property 50ms (cache miss)
1292 silly packumentCache full:https://registry.npmjs.org/es-define-property set size:undefined disposed:false
1293 silly fetch manifest data-view-byte-length@^1.0.2
1294 silly packumentCache full:https://registry.npmjs.org/data-view-byte-length cache-miss
1295 http fetch GET 200 https://registry.npmjs.org/has-property-descriptors 50ms (cache miss)
1296 silly packumentCache full:https://registry.npmjs.org/has-property-descriptors set size:undefined disposed:false
1297 silly fetch manifest data-view-byte-offset@^1.0.1
1298 silly packumentCache full:https://registry.npmjs.org/data-view-byte-offset cache-miss
1299 http fetch GET 200 https://registry.npmjs.org/object-keys 48ms (cache miss)
1300 silly packumentCache full:https://registry.npmjs.org/object-keys set size:undefined disposed:false
1301 silly fetch manifest es-define-property@^1.0.1
1302 silly packumentCache full:https://registry.npmjs.org/es-define-property cache-miss
1303 http cache https://registry.npmjs.org/es-define-property 2ms (cache hit)
1304 silly packumentCache full:https://registry.npmjs.org/es-define-property set size:8542 disposed:false
1305 silly fetch manifest es-set-tostringtag@^2.1.0
1306 silly packumentCache full:https://registry.npmjs.org/es-set-tostringtag cache-miss
1307 http fetch GET 200 https://registry.npmjs.org/array-buffer-byte-length 42ms (cache miss)
1308 silly packumentCache full:https://registry.npmjs.org/array-buffer-byte-length set size:undefined disposed:false
1309 silly fetch manifest es-to-primitive@^1.3.0
1310 silly packumentCache full:https://registry.npmjs.org/es-to-primitive cache-miss
1311 http fetch GET 200 https://registry.npmjs.org/arraybuffer.prototype.slice 41ms (cache miss)
1312 silly packumentCache full:https://registry.npmjs.org/arraybuffer.prototype.slice set size:undefined disposed:false
1313 silly fetch manifest function.prototype.name@^1.1.8
1314 silly packumentCache full:https://registry.npmjs.org/function.prototype.name cache-miss
1315 http fetch GET 200 https://registry.npmjs.org/data-view-buffer 36ms (cache miss)
1316 silly packumentCache full:https://registry.npmjs.org/data-view-buffer set size:undefined disposed:false
1317 silly fetch manifest get-proto@^1.0.1
1318 silly packumentCache full:https://registry.npmjs.org/get-proto cache-miss
1319 http fetch GET 200 https://registry.npmjs.org/available-typed-arrays 38ms (cache miss)
1320 silly packumentCache full:https://registry.npmjs.org/available-typed-arrays set size:undefined disposed:false
1321 silly fetch manifest get-symbol-description@^1.1.0
1322 silly packumentCache full:https://registry.npmjs.org/get-symbol-description cache-miss
1323 http fetch GET 200 https://registry.npmjs.org/data-view-byte-offset 40ms (cache miss)
1324 silly packumentCache full:https://registry.npmjs.org/data-view-byte-offset set size:undefined disposed:false
1325 silly fetch manifest globalthis@^1.0.4
1326 silly packumentCache full:https://registry.npmjs.org/globalthis cache-miss
1327 http fetch GET 200 https://registry.npmjs.org/es-set-tostringtag 43ms (cache miss)
1328 silly packumentCache full:https://registry.npmjs.org/es-set-tostringtag set size:undefined disposed:false
1329 silly fetch manifest gopd@^1.2.0
1330 silly packumentCache full:https://registry.npmjs.org/gopd cache-miss
1331 http fetch GET 200 https://registry.npmjs.org/es-to-primitive 32ms (cache miss)
1332 silly packumentCache full:https://registry.npmjs.org/es-to-primitive set size:undefined disposed:false
1333 silly fetch manifest has-property-descriptors@^1.0.2
1334 silly packumentCache full:https://registry.npmjs.org/has-property-descriptors cache-miss
1335 http cache https://registry.npmjs.org/has-property-descriptors 1ms (cache hit)
1336 silly packumentCache full:https://registry.npmjs.org/has-property-descriptors set size:12452 disposed:false
1337 silly fetch manifest has-proto@^1.2.0
1338 silly packumentCache full:https://registry.npmjs.org/has-proto cache-miss
1339 http fetch GET 200 https://registry.npmjs.org/data-view-byte-length 69ms (cache miss)
1340 silly packumentCache full:https://registry.npmjs.org/data-view-byte-length set size:undefined disposed:false
1341 silly fetch manifest has-symbols@^1.1.0
1342 silly packumentCache full:https://registry.npmjs.org/has-symbols cache-miss
1343 http fetch GET 200 https://registry.npmjs.org/function.prototype.name 38ms (cache miss)
1344 silly packumentCache full:https://registry.npmjs.org/function.prototype.name set size:undefined disposed:false
1345 silly fetch manifest internal-slot@^1.1.0
1346 silly packumentCache full:https://registry.npmjs.org/internal-slot cache-miss
1347 http fetch GET 200 https://registry.npmjs.org/get-proto 37ms (cache miss)
1348 silly packumentCache full:https://registry.npmjs.org/get-proto set size:undefined disposed:false
1349 silly fetch manifest is-array-buffer@^3.0.5
1350 silly packumentCache full:https://registry.npmjs.org/is-array-buffer cache-miss
1351 http fetch GET 200 https://registry.npmjs.org/get-symbol-description 45ms (cache miss)
1352 silly packumentCache full:https://registry.npmjs.org/get-symbol-description set size:undefined disposed:false
1353 silly fetch manifest is-callable@^1.2.7
1354 silly packumentCache full:https://registry.npmjs.org/is-callable cache-miss
1355 http fetch GET 200 https://registry.npmjs.org/gopd 34ms (cache miss)
1356 silly packumentCache full:https://registry.npmjs.org/gopd set size:undefined disposed:false
1357 silly fetch manifest is-data-view@^1.0.2
1358 silly packumentCache full:https://registry.npmjs.org/is-data-view cache-miss
1359 http fetch GET 200 https://registry.npmjs.org/globalthis 50ms (cache miss)
1360 silly packumentCache full:https://registry.npmjs.org/globalthis set size:undefined disposed:false
1361 silly fetch manifest is-negative-zero@^2.0.3
1362 silly packumentCache full:https://registry.npmjs.org/is-negative-zero cache-miss
1363 http fetch GET 200 https://registry.npmjs.org/has-proto 41ms (cache miss)
1364 silly packumentCache full:https://registry.npmjs.org/has-proto set size:undefined disposed:false
1365 silly fetch manifest is-regex@^1.2.1
1366 silly packumentCache full:https://registry.npmjs.org/is-regex cache-miss
1367 http fetch GET 200 https://registry.npmjs.org/is-array-buffer 39ms (cache miss)
1368 silly packumentCache full:https://registry.npmjs.org/is-array-buffer set size:undefined disposed:false
1369 silly fetch manifest is-set@^2.0.3
1370 silly packumentCache full:https://registry.npmjs.org/is-set cache-miss
1371 http fetch GET 200 https://registry.npmjs.org/internal-slot 42ms (cache miss)
1372 silly packumentCache full:https://registry.npmjs.org/internal-slot set size:undefined disposed:false
1373 silly fetch manifest is-shared-array-buffer@^1.0.4
1374 silly packumentCache full:https://registry.npmjs.org/is-shared-array-buffer cache-miss
1375 http fetch GET 200 https://registry.npmjs.org/has-symbols 56ms (cache miss)
1376 silly packumentCache full:https://registry.npmjs.org/has-symbols set size:undefined disposed:false
1377 silly fetch manifest is-typed-array@^1.1.15
1378 silly packumentCache full:https://registry.npmjs.org/is-typed-array cache-miss
1379 http fetch GET 200 https://registry.npmjs.org/is-negative-zero 44ms (cache miss)
1380 silly packumentCache full:https://registry.npmjs.org/is-negative-zero set size:undefined disposed:false
1381 silly fetch manifest is-weakref@^1.1.1
1382 silly packumentCache full:https://registry.npmjs.org/is-weakref cache-miss
1383 http fetch GET 200 https://registry.npmjs.org/is-callable 61ms (cache miss)
1384 silly packumentCache full:https://registry.npmjs.org/is-callable set size:undefined disposed:false
1385 silly fetch manifest object-inspect@^1.13.4
1386 silly packumentCache full:https://registry.npmjs.org/object-inspect cache-miss
1387 http fetch GET 200 https://registry.npmjs.org/is-data-view 60ms (cache miss)
1388 silly packumentCache full:https://registry.npmjs.org/is-data-view set size:undefined disposed:false
1389 silly fetch manifest object.assign@^4.1.7
1390 silly packumentCache full:https://registry.npmjs.org/object.assign cache-miss
1391 http fetch GET 200 https://registry.npmjs.org/is-regex 41ms (cache miss)
1392 silly packumentCache full:https://registry.npmjs.org/is-regex set size:undefined disposed:false
1393 silly fetch manifest own-keys@^1.0.1
1394 silly packumentCache full:https://registry.npmjs.org/own-keys cache-miss
1395 http fetch GET 200 https://registry.npmjs.org/is-set 39ms (cache miss)
1396 silly packumentCache full:https://registry.npmjs.org/is-set set size:undefined disposed:false
1397 silly fetch manifest regexp.prototype.flags@^1.5.4
1398 silly packumentCache full:https://registry.npmjs.org/regexp.prototype.flags cache-miss
1399 http fetch GET 200 https://registry.npmjs.org/is-shared-array-buffer 44ms (cache miss)
1400 silly packumentCache full:https://registry.npmjs.org/is-shared-array-buffer set size:undefined disposed:false
1401 silly fetch manifest safe-array-concat@^1.1.3
1402 silly packumentCache full:https://registry.npmjs.org/safe-array-concat cache-miss
1403 http fetch GET 200 https://registry.npmjs.org/is-typed-array 46ms (cache miss)
1404 silly packumentCache full:https://registry.npmjs.org/is-typed-array set size:undefined disposed:false
1405 silly fetch manifest safe-push-apply@^1.0.0
1406 silly packumentCache full:https://registry.npmjs.org/safe-push-apply cache-miss
1407 http fetch GET 200 https://registry.npmjs.org/own-keys 37ms (cache miss)
1408 silly packumentCache full:https://registry.npmjs.org/own-keys set size:undefined disposed:false
1409 silly fetch manifest safe-regex-test@^1.1.0
1410 silly packumentCache full:https://registry.npmjs.org/safe-regex-test cache-miss
1411 http fetch GET 200 https://registry.npmjs.org/is-weakref 50ms (cache miss)
1412 silly packumentCache full:https://registry.npmjs.org/is-weakref set size:undefined disposed:false
1413 silly fetch manifest set-proto@^1.0.0
1414 silly packumentCache full:https://registry.npmjs.org/set-proto cache-miss
1415 http cache https://registry.npmjs.org/safe-regex-test 14ms (cache hit)
1416 silly packumentCache full:https://registry.npmjs.org/safe-regex-test set size:17412 disposed:false
1417 silly fetch manifest stop-iteration-iterator@^1.1.0
1418 silly packumentCache full:https://registry.npmjs.org/stop-iteration-iterator cache-miss
1419 http fetch GET 200 https://registry.npmjs.org/safe-array-concat 43ms (cache miss)
1420 silly packumentCache full:https://registry.npmjs.org/safe-array-concat set size:undefined disposed:false
1421 silly fetch manifest string.prototype.trim@^1.2.10
1422 silly packumentCache full:https://registry.npmjs.org/string.prototype.trim cache-miss
1423 http fetch GET 200 https://registry.npmjs.org/regexp.prototype.flags 51ms (cache miss)
1424 silly packumentCache full:https://registry.npmjs.org/regexp.prototype.flags set size:undefined disposed:false
1425 silly fetch manifest string.prototype.trimstart@^1.0.8
1426 silly packumentCache full:https://registry.npmjs.org/string.prototype.trimstart cache-miss
1427 http fetch GET 200 https://registry.npmjs.org/object.assign 60ms (cache miss)
1428 silly packumentCache full:https://registry.npmjs.org/object.assign set size:undefined disposed:false
1429 silly fetch manifest typed-array-buffer@^1.0.3
1430 silly packumentCache full:https://registry.npmjs.org/typed-array-buffer cache-miss
1431 http fetch GET 200 https://registry.npmjs.org/object-inspect 73ms (cache miss)
1432 silly packumentCache full:https://registry.npmjs.org/object-inspect set size:undefined disposed:false
1433 silly fetch manifest typed-array-byte-length@^1.0.3
1434 silly packumentCache full:https://registry.npmjs.org/typed-array-byte-length cache-miss
1435 http fetch GET 200 https://registry.npmjs.org/safe-push-apply 61ms (cache miss)
1436 silly packumentCache full:https://registry.npmjs.org/safe-push-apply set size:undefined disposed:false
1437 silly fetch manifest typed-array-byte-offset@^1.0.4
1438 silly packumentCache full:https://registry.npmjs.org/typed-array-byte-offset cache-miss
1439 http fetch GET 200 https://registry.npmjs.org/typed-array-buffer 35ms (cache miss)
1440 silly packumentCache full:https://registry.npmjs.org/typed-array-buffer set size:undefined disposed:false
1441 silly fetch manifest typed-array-length@^1.0.7
1442 silly packumentCache full:https://registry.npmjs.org/typed-array-length cache-miss
1443 http fetch GET 200 https://registry.npmjs.org/string.prototype.trim 40ms (cache miss)
1444 silly packumentCache full:https://registry.npmjs.org/string.prototype.trim set size:undefined disposed:false
1445 silly fetch manifest unbox-primitive@^1.1.0
1446 silly packumentCache full:https://registry.npmjs.org/unbox-primitive cache-miss
1447 http fetch GET 200 https://registry.npmjs.org/set-proto 63ms (cache miss)
1448 silly packumentCache full:https://registry.npmjs.org/set-proto set size:undefined disposed:false
1449 silly fetch manifest which-typed-array@^1.1.19
1450 silly packumentCache full:https://registry.npmjs.org/which-typed-array cache-miss
1451 http fetch GET 200 https://registry.npmjs.org/stop-iteration-iterator 51ms (cache miss)
1452 silly packumentCache full:https://registry.npmjs.org/stop-iteration-iterator set size:undefined disposed:false
1453 silly fetch manifest has-tostringtag@^1.0.2
1454 silly packumentCache full:https://registry.npmjs.org/has-tostringtag cache-miss
1455 http fetch GET 200 https://registry.npmjs.org/typed-array-byte-length 38ms (cache miss)
1456 silly packumentCache full:https://registry.npmjs.org/typed-array-byte-length set size:undefined disposed:false
1457 http fetch GET 200 https://registry.npmjs.org/string.prototype.trimstart 70ms (cache miss)
1458 silly packumentCache full:https://registry.npmjs.org/string.prototype.trimstart set size:undefined disposed:false
1459 http fetch GET 200 https://registry.npmjs.org/typed-array-byte-offset 41ms (cache miss)
1460 silly packumentCache full:https://registry.npmjs.org/typed-array-byte-offset set size:undefined disposed:false
1461 http fetch GET 200 https://registry.npmjs.org/unbox-primitive 34ms (cache miss)
1462 silly packumentCache full:https://registry.npmjs.org/unbox-primitive set size:undefined disposed:false
1463 http fetch GET 200 https://registry.npmjs.org/typed-array-length 35ms (cache miss)
1464 silly packumentCache full:https://registry.npmjs.org/typed-array-length set size:undefined disposed:false
1465 http fetch GET 200 https://registry.npmjs.org/has-tostringtag 41ms (cache miss)
1466 silly packumentCache full:https://registry.npmjs.org/has-tostringtag set size:undefined disposed:false
1467 http fetch GET 200 https://registry.npmjs.org/which-typed-array 74ms (cache miss)
1468 silly packumentCache full:https://registry.npmjs.org/which-typed-array set size:undefined disposed:false
1469 silly placeDep ROOT es-errors@1.3.0 OK for: array.prototype.findlastindex@1.2.6 want: ^1.3.0
1470 silly placeDep ROOT es-shim-unscopables@1.1.0 OK for: array.prototype.findlastindex@1.2.6 want: ^1.1.0
1471 silly placeDep ROOT call-bind-apply-helpers@1.0.2 OK for: call-bind@1.0.8 want: ^1.0.0
1472 silly placeDep ROOT es-define-property@1.0.1 OK for: call-bind@1.0.8 want: ^1.0.0
1473 silly placeDep ROOT set-function-length@1.2.2 OK for: call-bind@1.0.8 want: ^1.2.2
1474 silly fetch manifest define-data-property@^1.1.4
1475 silly packumentCache full:https://registry.npmjs.org/define-data-property cache-miss
1476 silly fetch manifest gopd@^1.0.1
1477 silly packumentCache full:https://registry.npmjs.org/gopd cache-miss
1478 http cache https://registry.npmjs.org/gopd 2ms (cache hit)
1479 silly packumentCache full:https://registry.npmjs.org/gopd set size:11458 disposed:false
1480 http cache https://registry.npmjs.org/define-data-property 2ms (cache hit)
1481 silly packumentCache full:https://registry.npmjs.org/define-data-property set size:28048 disposed:false
1482 silly placeDep ROOT function-bind@1.1.2 OK for: call-bind-apply-helpers@1.0.2 want: ^1.1.2
1483 silly placeDep ROOT define-data-property@1.1.4 OK for: define-properties@1.2.1 want: ^1.0.1
1484 silly placeDep ROOT has-property-descriptors@1.0.2 OK for: define-properties@1.2.1 want: ^1.0.0
1485 silly placeDep ROOT object-keys@1.1.1 OK for: define-properties@1.2.1 want: ^1.1.1
1486 silly placeDep ROOT gopd@1.2.0 OK for: define-data-property@1.1.4 want: ^1.0.1
1487 silly placeDep ROOT array-buffer-byte-length@1.0.2 OK for: es-abstract@1.24.1 want: ^1.0.2
1488 silly placeDep ROOT arraybuffer.prototype.slice@1.0.4 OK for: es-abstract@1.24.1 want: ^1.0.4
1489 silly placeDep ROOT available-typed-arrays@1.0.7 OK for: es-abstract@1.24.1 want: ^1.0.7
1490 silly placeDep ROOT data-view-buffer@1.0.2 OK for: es-abstract@1.24.1 want: ^1.0.2
1491 silly placeDep ROOT data-view-byte-length@1.0.2 OK for: es-abstract@1.24.1 want: ^1.0.2
1492 silly placeDep ROOT data-view-byte-offset@1.0.1 OK for: es-abstract@1.24.1 want: ^1.0.1
1493 silly placeDep ROOT es-set-tostringtag@2.1.0 OK for: es-abstract@1.24.1 want: ^2.1.0
1494 silly placeDep ROOT es-to-primitive@1.3.0 OK for: es-abstract@1.24.1 want: ^1.3.0
1495 silly placeDep ROOT function.prototype.name@1.1.8 OK for: es-abstract@1.24.1 want: ^1.1.8
1496 silly placeDep ROOT get-proto@1.0.1 OK for: es-abstract@1.24.1 want: ^1.0.1
1497 silly placeDep ROOT get-symbol-description@1.1.0 OK for: es-abstract@1.24.1 want: ^1.1.0
1498 silly placeDep ROOT globalthis@1.0.4 OK for: es-abstract@1.24.1 want: ^1.0.4
1499 silly placeDep ROOT has-proto@1.2.0 OK for: es-abstract@1.24.1 want: ^1.2.0
1500 silly placeDep ROOT has-symbols@1.1.0 OK for: es-abstract@1.24.1 want: ^1.1.0
1501 silly placeDep ROOT internal-slot@1.1.0 OK for: es-abstract@1.24.1 want: ^1.1.0
1502 silly placeDep ROOT is-array-buffer@3.0.5 OK for: es-abstract@1.24.1 want: ^3.0.5
1503 silly placeDep ROOT is-callable@1.2.7 OK for: es-abstract@1.24.1 want: ^1.2.7
1504 silly placeDep ROOT is-data-view@1.0.2 OK for: es-abstract@1.24.1 want: ^1.0.2
1505 silly placeDep ROOT is-negative-zero@2.0.3 OK for: es-abstract@1.24.1 want: ^2.0.3
1506 silly placeDep ROOT is-regex@1.2.1 OK for: es-abstract@1.24.1 want: ^1.2.1
1507 silly placeDep ROOT is-set@2.0.3 OK for: es-abstract@1.24.1 want: ^2.0.3
1508 silly placeDep ROOT is-shared-array-buffer@1.0.4 OK for: es-abstract@1.24.1 want: ^1.0.4
1509 silly placeDep ROOT is-typed-array@1.1.15 OK for: es-abstract@1.24.1 want: ^1.1.15
1510 silly placeDep ROOT is-weakref@1.1.1 OK for: es-abstract@1.24.1 want: ^1.1.1
1511 silly placeDep ROOT object-inspect@1.13.4 OK for: es-abstract@1.24.1 want: ^1.13.4
1512 silly placeDep ROOT object.assign@4.1.7 OK for: es-abstract@1.24.1 want: ^4.1.7
1513 silly placeDep ROOT own-keys@1.0.1 OK for: es-abstract@1.24.1 want: ^1.0.1
1514 silly placeDep ROOT regexp.prototype.flags@1.5.4 OK for: es-abstract@1.24.1 want: ^1.5.4
1515 silly placeDep ROOT safe-array-concat@1.1.3 OK for: es-abstract@1.24.1 want: ^1.1.3
1516 silly placeDep ROOT safe-push-apply@1.0.0 OK for: es-abstract@1.24.1 want: ^1.0.0
1517 silly placeDep ROOT safe-regex-test@1.1.0 OK for: es-abstract@1.24.1 want: ^1.1.0
1518 silly placeDep ROOT set-proto@1.0.0 OK for: es-abstract@1.24.1 want: ^1.0.0
1519 silly placeDep ROOT stop-iteration-iterator@1.1.0 OK for: es-abstract@1.24.1 want: ^1.1.0
1520 silly placeDep ROOT string.prototype.trim@1.2.10 OK for: es-abstract@1.24.1 want: ^1.2.10
1521 silly placeDep ROOT string.prototype.trimstart@1.0.8 OK for: es-abstract@1.24.1 want: ^1.0.8
1522 silly placeDep ROOT typed-array-buffer@1.0.3 OK for: es-abstract@1.24.1 want: ^1.0.3
1523 silly placeDep ROOT typed-array-byte-length@1.0.3 OK for: es-abstract@1.24.1 want: ^1.0.3
1524 silly placeDep ROOT typed-array-byte-offset@1.0.4 OK for: es-abstract@1.24.1 want: ^1.0.4
1525 silly placeDep ROOT typed-array-length@1.0.7 OK for: es-abstract@1.24.1 want: ^1.0.7
1526 silly placeDep ROOT unbox-primitive@1.1.0 OK for: es-abstract@1.24.1 want: ^1.1.0
1527 silly placeDep ROOT which-typed-array@1.1.19 OK for: es-abstract@1.24.1 want: ^1.1.19
1528 silly fetch manifest is-array-buffer@^3.0.4
1529 silly packumentCache full:https://registry.npmjs.org/is-array-buffer cache-miss
1530 silly fetch manifest possible-typed-array-names@^1.0.0
1531 silly packumentCache full:https://registry.npmjs.org/possible-typed-array-names cache-miss
1532 silly fetch manifest is-data-view@^1.0.1
1533 silly packumentCache full:https://registry.npmjs.org/is-data-view cache-miss
1534 silly fetch manifest is-date-object@^1.0.5
1535 silly packumentCache full:https://registry.npmjs.org/is-date-object cache-miss
1536 silly fetch manifest is-symbol@^1.0.4
1537 silly packumentCache full:https://registry.npmjs.org/is-symbol cache-miss
1538 silly fetch manifest functions-have-names@^1.2.3
1539 silly packumentCache full:https://registry.npmjs.org/functions-have-names cache-miss
1540 silly fetch manifest dunder-proto@^1.0.1
1541 silly packumentCache full:https://registry.npmjs.org/dunder-proto cache-miss
1542 http cache https://registry.npmjs.org/is-array-buffer 7ms (cache hit)
1543 silly packumentCache full:https://registry.npmjs.org/is-array-buffer set size:33562 disposed:false
1544 silly fetch manifest dunder-proto@^1.0.0
1545 silly packumentCache full:https://registry.npmjs.org/dunder-proto cache-miss
1546 http cache https://registry.npmjs.org/is-data-view 8ms (cache hit)
1547 silly packumentCache full:https://registry.npmjs.org/is-data-view set size:13756 disposed:false
1548 silly fetch manifest side-channel@^1.1.0
1549 silly packumentCache full:https://registry.npmjs.org/side-channel cache-miss
1550 http fetch GET 200 https://registry.npmjs.org/functions-have-names 37ms (cache miss)
1551 silly packumentCache full:https://registry.npmjs.org/functions-have-names set size:undefined disposed:false
1552 silly fetch manifest is-typed-array@^1.1.13
1553 silly packumentCache full:https://registry.npmjs.org/is-typed-array cache-miss
1554 http fetch GET 200 https://registry.npmjs.org/possible-typed-array-names 38ms (cache miss)
1555 silly packumentCache full:https://registry.npmjs.org/possible-typed-array-names set size:undefined disposed:false
1556 silly fetch manifest which-typed-array@^1.1.16
1557 silly packumentCache full:https://registry.npmjs.org/which-typed-array cache-miss
1558 http fetch GET 200 https://registry.npmjs.org/is-date-object 38ms (cache miss)
1559 silly packumentCache full:https://registry.npmjs.org/is-date-object set size:undefined disposed:false
1560 silly fetch manifest set-function-name@^2.0.2
1561 silly packumentCache full:https://registry.npmjs.org/set-function-name cache-miss
1562 http cache https://registry.npmjs.org/which-typed-array 5ms (cache hit)
1563 silly packumentCache full:https://registry.npmjs.org/which-typed-array set size:89701 disposed:false
1564 silly fetch manifest isarray@^2.0.5
1565 silly packumentCache full:https://registry.npmjs.org/isarray cache-miss
1566 http cache https://registry.npmjs.org/is-typed-array 8ms (cache hit)
1567 silly packumentCache full:https://registry.npmjs.org/is-typed-array set size:79965 disposed:false
1568 silly fetch manifest isarray@^2.0.5
1569 silly packumentCache full:https://registry.npmjs.org/isarray cache-miss
1570 http fetch GET 200 https://registry.npmjs.org/dunder-proto 39ms (cache miss)
1571 silly packumentCache full:https://registry.npmjs.org/dunder-proto set size:undefined disposed:false
1572 silly fetch manifest dunder-proto@^1.0.1
1573 silly packumentCache full:https://registry.npmjs.org/dunder-proto cache-miss
1574 http fetch GET 200 https://registry.npmjs.org/is-symbol 47ms (cache miss)
1575 silly packumentCache full:https://registry.npmjs.org/is-symbol set size:undefined disposed:false
1576 silly fetch manifest for-each@^0.3.3
1577 silly packumentCache full:https://registry.npmjs.org/for-each cache-miss
1578 http cache https://registry.npmjs.org/dunder-proto 3ms (cache hit)
1579 silly packumentCache full:https://registry.npmjs.org/dunder-proto set size:8256 disposed:false
1580 silly fetch manifest for-each@^0.3.3
1581 silly packumentCache full:https://registry.npmjs.org/for-each cache-miss
1582 http fetch GET 200 https://registry.npmjs.org/dunder-proto 51ms (cache miss)
1583 silly packumentCache full:https://registry.npmjs.org/dunder-proto set size:undefined disposed:false
1584 silly packumentCache full:https://registry.npmjs.org/dunder-proto dispose
1585 silly fetch manifest reflect.getprototypeof@^1.0.9
1586 silly packumentCache full:https://registry.npmjs.org/reflect.getprototypeof cache-miss
1587 http fetch GET 200 https://registry.npmjs.org/side-channel 46ms (cache miss)
1588 silly packumentCache full:https://registry.npmjs.org/side-channel set size:undefined disposed:false
1589 silly fetch manifest for-each@^0.3.3
1590 silly packumentCache full:https://registry.npmjs.org/for-each cache-miss
1591 http fetch GET 200 https://registry.npmjs.org/for-each 31ms (cache miss)
1592 silly packumentCache full:https://registry.npmjs.org/for-each set size:undefined disposed:false
1593 silly fetch manifest reflect.getprototypeof@^1.0.6
1594 silly packumentCache full:https://registry.npmjs.org/reflect.getprototypeof cache-miss
1595 http fetch GET 200 https://registry.npmjs.org/isarray 37ms (cache miss)
1596 silly packumentCache full:https://registry.npmjs.org/isarray set size:undefined disposed:false
1597 silly fetch manifest has-bigints@^1.0.2
1598 silly packumentCache full:https://registry.npmjs.org/has-bigints cache-miss
1599 http fetch GET 200 https://registry.npmjs.org/set-function-name 44ms (cache miss)
1600 silly packumentCache full:https://registry.npmjs.org/set-function-name set size:undefined disposed:false
1601 silly fetch manifest which-boxed-primitive@^1.1.1
1602 silly packumentCache full:https://registry.npmjs.org/which-boxed-primitive cache-miss
1603 http fetch GET 200 https://registry.npmjs.org/isarray 42ms (cache miss)
1604 silly packumentCache full:https://registry.npmjs.org/isarray set size:undefined disposed:false
1605 silly fetch manifest for-each@^0.3.5
1606 silly packumentCache full:https://registry.npmjs.org/for-each cache-miss
1607 http fetch GET 200 https://registry.npmjs.org/for-each 40ms (cache miss)
1608 silly packumentCache full:https://registry.npmjs.org/for-each set size:undefined disposed:false
1609 http cache https://registry.npmjs.org/for-each 2ms (cache hit)
1610 silly packumentCache full:https://registry.npmjs.org/for-each set size:14327 disposed:false
1611 http fetch GET 200 https://registry.npmjs.org/reflect.getprototypeof 41ms (cache miss)
1612 silly packumentCache full:https://registry.npmjs.org/reflect.getprototypeof set size:undefined disposed:false
1613 http fetch GET 200 https://registry.npmjs.org/for-each 43ms (cache miss)
1614 silly packumentCache full:https://registry.npmjs.org/for-each set size:undefined disposed:false
1615 silly packumentCache full:https://registry.npmjs.org/for-each dispose
1616 http fetch GET 200 https://registry.npmjs.org/reflect.getprototypeof 34ms (cache miss)
1617 silly packumentCache full:https://registry.npmjs.org/reflect.getprototypeof set size:undefined disposed:false
1618 http fetch GET 200 https://registry.npmjs.org/which-boxed-primitive 36ms (cache miss)
1619 silly packumentCache full:https://registry.npmjs.org/which-boxed-primitive set size:undefined disposed:false
1620 http fetch GET 200 https://registry.npmjs.org/has-bigints 51ms (cache miss)
1621 silly packumentCache full:https://registry.npmjs.org/has-bigints set size:undefined disposed:false
1622 silly placeDep ROOT possible-typed-array-names@1.1.0 OK for: available-typed-arrays@1.0.7 want: ^1.0.0
1623 silly placeDep ROOT has-tostringtag@1.0.2 OK for: es-set-tostringtag@2.1.0 want: ^1.0.2
1624 silly placeDep ROOT is-date-object@1.1.0 OK for: es-to-primitive@1.3.0 want: ^1.0.5
1625 silly placeDep ROOT is-symbol@1.1.1 OK for: es-to-primitive@1.3.0 want: ^1.0.4
1626 silly placeDep node_modules/eslint-module-utils debug@3.2.7 OK for: eslint-module-utils@2.12.1 want: ^3.2.7
1627 silly placeDep ROOT aria-query@5.3.2 OK for: eslint-plugin-jsx-a11y@6.10.2 want: ^5.3.2
1628 silly placeDep ROOT ast-types-flow@0.0.8 OK for: eslint-plugin-jsx-a11y@6.10.2 want: ^0.0.8
1629 silly placeDep ROOT axe-core@4.11.1 OK for: eslint-plugin-jsx-a11y@6.10.2 want: ^4.10.0
1630 silly placeDep ROOT axobject-query@4.1.0 OK for: eslint-plugin-jsx-a11y@6.10.2 want: ^4.1.0
1631 silly placeDep ROOT damerau-levenshtein@1.0.8 OK for: eslint-plugin-jsx-a11y@6.10.2 want: ^1.0.8
1632 silly placeDep ROOT emoji-regex@9.2.2 OK for: eslint-plugin-jsx-a11y@6.10.2 want: ^9.2.2
1633 silly placeDep ROOT jsx-ast-utils@3.3.5 OK for: eslint-plugin-jsx-a11y@6.10.2 want: ^3.3.5
1634 silly placeDep ROOT language-tags@1.0.9 OK for: eslint-plugin-jsx-a11y@6.10.2 want: ^1.0.9
1635 silly placeDep ROOT string.prototype.includes@2.0.1 OK for: eslint-plugin-jsx-a11y@6.10.2 want: ^2.0.1
1636 silly fetch manifest language-subtag-registry@^0.3.20
1637 silly packumentCache full:https://registry.npmjs.org/language-subtag-registry cache-miss
1638 http fetch GET 200 https://registry.npmjs.org/language-subtag-registry 36ms (cache miss)
1639 silly packumentCache full:https://registry.npmjs.org/language-subtag-registry set size:undefined disposed:false
1640 silly placeDep ROOT array.prototype.findlast@1.2.5 OK for: eslint-plugin-react@7.37.5 want: ^1.2.5
1641 silly placeDep ROOT array.prototype.tosorted@1.1.4 OK for: eslint-plugin-react@7.37.5 want: ^1.1.4
1642 silly placeDep node_modules/eslint-plugin-react doctrine@2.1.0 OK for: eslint-plugin-react@7.37.5 want: ^2.1.0
1643 silly placeDep ROOT es-iterator-helpers@1.2.2 OK for: eslint-plugin-react@7.37.5 want: ^1.2.1
1644 silly placeDep ROOT estraverse@5.3.0 OK for: eslint-plugin-react@7.37.5 want: ^5.3.0
1645 silly placeDep ROOT object.entries@1.1.9 OK for: eslint-plugin-react@7.37.5 want: ^1.1.9
1646 silly placeDep ROOT prop-types@15.8.1 OK for: eslint-plugin-react@7.37.5 want: ^15.8.1
1647 silly placeDep node_modules/eslint-plugin-react resolve@2.0.0-next.5 OK for: eslint-plugin-react@7.37.5 want: ^2.0.0-next.5
1648 silly placeDep node_modules/eslint-plugin-react semver@6.3.1 OK for: eslint-plugin-react@7.37.5 want: ^6.3.1
1649 silly placeDep ROOT string.prototype.matchall@4.0.12 OK for: eslint-plugin-react@7.37.5 want: ^4.0.12
1650 silly placeDep ROOT string.prototype.repeat@1.0.0 OK for: eslint-plugin-react@7.37.5 want: ^1.0.0
1651 silly fetch manifest iterator.prototype@^1.1.5
1652 silly packumentCache full:https://registry.npmjs.org/iterator.prototype cache-miss
1653 silly fetch manifest loose-envify@^1.4.0
1654 silly packumentCache full:https://registry.npmjs.org/loose-envify cache-miss
1655 silly fetch manifest object-assign@^4.1.1
1656 silly packumentCache full:https://registry.npmjs.org/object-assign cache-miss
1657 silly fetch manifest react-is@^16.13.1
1658 silly packumentCache full:https://registry.npmjs.org/react-is cache-miss
1659 http fetch GET 200 https://registry.npmjs.org/loose-envify 37ms (cache miss)
1660 silly packumentCache full:https://registry.npmjs.org/loose-envify set size:undefined disposed:false
1661 http fetch GET 200 https://registry.npmjs.org/iterator.prototype 45ms (cache miss)
1662 silly packumentCache full:https://registry.npmjs.org/iterator.prototype set size:undefined disposed:false
1663 http fetch GET 200 https://registry.npmjs.org/object-assign 46ms (cache miss)
1664 silly packumentCache full:https://registry.npmjs.org/object-assign set size:undefined disposed:false
1665 http fetch GET 200 https://registry.npmjs.org/react-is 193ms (cache miss)
1666 silly packumentCache full:https://registry.npmjs.org/react-is set size:undefined disposed:false
1667 silly placeDep ROOT iterator.prototype@1.1.5 OK for: es-iterator-helpers@1.2.2 want: ^1.1.5
1668 silly placeDep ROOT esrecurse@4.3.0 OK for: eslint-scope@7.2.2 want: ^4.3.0
1669 silly placeDep ROOT acorn@8.15.0 OK for: espree@9.6.1 want: ^8.9.0
1670 silly placeDep ROOT acorn-jsx@5.3.2 OK for: espree@9.6.1 want: ^5.3.2
1671 silly placeDep ROOT reusify@1.1.0 OK for: fastq@1.20.1 want: ^1.0.4
1672 silly placeDep ROOT flat-cache@3.2.0 OK for: file-entry-cache@6.0.1 want: ^3.0.4
1673 silly fetch manifest keyv@^4.5.3
1674 silly packumentCache full:https://registry.npmjs.org/keyv cache-miss
1675 silly fetch manifest rimraf@^3.0.2
1676 silly packumentCache full:https://registry.npmjs.org/rimraf cache-miss
1677 silly fetch manifest flatted@^3.2.9
1678 silly packumentCache full:https://registry.npmjs.org/flatted cache-miss
1679 http fetch GET 200 https://registry.npmjs.org/rimraf 44ms (cache miss)
1680 silly packumentCache full:https://registry.npmjs.org/rimraf set size:undefined disposed:false
1681 http fetch GET 200 https://registry.npmjs.org/flatted 53ms (cache miss)
1682 silly packumentCache full:https://registry.npmjs.org/flatted set size:undefined disposed:false
1683 http fetch GET 200 https://registry.npmjs.org/keyv 82ms (cache miss)
1684 silly packumentCache full:https://registry.npmjs.org/keyv set size:undefined disposed:false
1685 silly placeDep ROOT locate-path@6.0.0 OK for: find-up@5.0.0 want: ^6.0.0
1686 silly placeDep ROOT path-exists@4.0.0 OK for: find-up@5.0.0 want: ^4.0.0
1687 silly fetch manifest p-locate@^5.0.0
1688 silly packumentCache full:https://registry.npmjs.org/p-locate cache-miss
1689 http fetch GET 200 https://registry.npmjs.org/p-locate 32ms (cache miss)
1690 silly packumentCache full:https://registry.npmjs.org/p-locate set size:undefined disposed:false
1691 silly placeDep ROOT flatted@3.3.3 OK for: flat-cache@3.2.0 want: ^3.2.9
1692 silly placeDep ROOT keyv@4.5.4 OK for: flat-cache@3.2.0 want: ^4.5.3
1693 silly placeDep ROOT rimraf@3.0.2 OK for: flat-cache@3.2.0 want: ^3.0.2
1694 silly fetch manifest json-buffer@3.0.1
1695 silly packumentCache full:https://registry.npmjs.org/json-buffer cache-miss
1696 silly fetch manifest glob@^7.1.3
1697 silly packumentCache full:https://registry.npmjs.org/glob cache-miss
1698 http cache https://registry.npmjs.org/glob 2ms (cache hit)
1699 silly packumentCache full:https://registry.npmjs.org/glob set size:415427 disposed:false
1700 http fetch GET 200 https://registry.npmjs.org/json-buffer 50ms (cache miss)
1701 silly packumentCache full:https://registry.npmjs.org/json-buffer set size:undefined disposed:false
1702 silly placeDep ROOT functions-have-names@1.2.3 OK for: function.prototype.name@1.1.8 want: ^1.2.3
1703 silly placeDep ROOT dunder-proto@1.0.1 OK for: get-proto@1.0.1 want: ^1.0.1
1704 silly placeDep ROOT resolve-pkg-maps@1.0.0 OK for: get-tsconfig@4.13.0 want: ^1.0.0
1705 silly placeDep ROOT foreground-child@3.3.1 OK for: glob@10.3.10 want: ^3.1.0
1706 silly placeDep ROOT jackspeak@2.3.6 OK for: glob@10.3.10 want: ^2.3.5
1707 silly placeDep node_modules/glob minimatch@9.0.5 OK for: glob@10.3.10 want: ^9.0.1
1708 silly placeDep ROOT minipass@7.1.2 OK for: glob@10.3.10 want: ^5.0.0 || ^6.0.2 || ^7.0.0
1709 silly placeDep ROOT path-scurry@1.11.1 OK for: glob@10.3.10 want: ^1.10.1
1710 silly fetch manifest signal-exit@^4.0.1
1711 silly packumentCache full:https://registry.npmjs.org/signal-exit cache-miss
1712 silly fetch manifest @isaacs/cliui@^8.0.2
1713 silly packumentCache full:https://registry.npmjs.org/@isaacs%2fcliui cache-miss
1714 silly fetch manifest @pkgjs/parseargs@^0.11.0
1715 silly packumentCache full:https://registry.npmjs.org/@pkgjs%2fparseargs cache-miss
1716 silly fetch manifest lru-cache@^10.2.0
1717 silly packumentCache full:https://registry.npmjs.org/lru-cache cache-miss
1718 http fetch GET 200 https://registry.npmjs.org/lru-cache 53ms (cache miss)
1719 silly packumentCache full:https://registry.npmjs.org/lru-cache set size:undefined disposed:false
1720 http fetch GET 200 https://registry.npmjs.org/@isaacs%2fcliui 60ms (cache miss)
1721 silly packumentCache full:https://registry.npmjs.org/@isaacs%2fcliui set size:undefined disposed:false
1722 http fetch GET 200 https://registry.npmjs.org/signal-exit 61ms (cache miss)
1723 silly packumentCache full:https://registry.npmjs.org/signal-exit set size:undefined disposed:false
1724 http fetch GET 200 https://registry.npmjs.org/@pkgjs%2fparseargs 68ms (cache miss)
1725 silly packumentCache full:https://registry.npmjs.org/@pkgjs%2fparseargs set size:undefined disposed:false
1726 silly placeDep ROOT signal-exit@4.1.0 OK for: foreground-child@3.3.1 want: ^4.0.1
1727 silly placeDep ROOT type-fest@0.20.2 OK for: globals@13.24.0 want: ^0.20.2
1728 silly placeDep ROOT array-union@2.1.0 OK for: globby@11.1.0 want: ^2.1.0
1729 silly placeDep ROOT dir-glob@3.0.1 OK for: globby@11.1.0 want: ^3.0.1
1730 silly placeDep ROOT fast-glob@3.3.3 OK for: globby@11.1.0 want: ^3.2.9
1731 silly placeDep ROOT merge2@1.4.1 OK for: globby@11.1.0 want: ^1.4.1
1732 silly placeDep ROOT slash@3.0.0 OK for: globby@11.1.0 want: ^3.0.0
1733 silly fetch manifest path-type@^4.0.0
1734 silly packumentCache full:https://registry.npmjs.org/path-type cache-miss
1735 silly fetch manifest glob-parent@^5.1.2
1736 silly packumentCache full:https://registry.npmjs.org/glob-parent cache-miss
1737 silly fetch manifest merge2@^1.3.0
1738 silly packumentCache full:https://registry.npmjs.org/merge2 cache-miss
1739 silly fetch manifest micromatch@^4.0.8
1740 silly packumentCache full:https://registry.npmjs.org/micromatch cache-miss
1741 http cache https://registry.npmjs.org/merge2 3ms (cache hit)
1742 silly packumentCache full:https://registry.npmjs.org/merge2 set size:46159 disposed:false
1743 http cache https://registry.npmjs.org/glob-parent 4ms (cache hit)
1744 silly packumentCache full:https://registry.npmjs.org/glob-parent set size:42445 disposed:false
1745 http fetch GET 200 https://registry.npmjs.org/path-type 42ms (cache miss)
1746 silly packumentCache full:https://registry.npmjs.org/path-type set size:undefined disposed:false
1747 http fetch GET 200 https://registry.npmjs.org/micromatch 51ms (cache miss)
1748 silly packumentCache full:https://registry.npmjs.org/micromatch set size:undefined disposed:false
1749 silly placeDep ROOT path-type@4.0.0 OK for: dir-glob@3.0.1 want: ^4.0.0
1750 silly placeDep node_modules/fast-glob glob-parent@5.1.2 OK for: fast-glob@3.3.3 want: ^5.1.2
1751 silly placeDep ROOT micromatch@4.0.8 OK for: fast-glob@3.3.3 want: ^4.0.8
1752 silly fetch manifest braces@^3.0.3
1753 silly packumentCache full:https://registry.npmjs.org/braces cache-miss
1754 silly fetch manifest picomatch@^2.3.1
1755 silly packumentCache full:https://registry.npmjs.org/picomatch cache-miss
1756 http cache https://registry.npmjs.org/picomatch 2ms (cache hit)
1757 silly packumentCache full:https://registry.npmjs.org/picomatch set size:118818 disposed:false
1758 http fetch GET 200 https://registry.npmjs.org/braces 50ms (cache miss)
1759 silly packumentCache full:https://registry.npmjs.org/braces set size:undefined disposed:false
1760 silly placeDep ROOT parent-module@1.0.1 OK for: import-fresh@3.3.1 want: ^1.0.0
1761 silly placeDep ROOT resolve-from@4.0.0 OK for: import-fresh@3.3.1 want: ^4.0.0
1762 silly fetch manifest callsites@^3.0.0
1763 silly packumentCache full:https://registry.npmjs.org/callsites cache-miss
1764 http fetch GET 200 https://registry.npmjs.org/callsites 37ms (cache miss)
1765 silly packumentCache full:https://registry.npmjs.org/callsites set size:undefined disposed:false
1766 silly placeDep ROOT side-channel@1.1.0 OK for: internal-slot@1.1.0 want: ^1.1.0
1767 silly fetch manifest side-channel-list@^1.0.0
1768 silly packumentCache full:https://registry.npmjs.org/side-channel-list cache-miss
1769 silly fetch manifest side-channel-map@^1.0.1
1770 silly packumentCache full:https://registry.npmjs.org/side-channel-map cache-miss
1771 silly fetch manifest side-channel-weakmap@^1.0.2
1772 silly packumentCache full:https://registry.npmjs.org/side-channel-weakmap cache-miss
1773 http fetch GET 200 https://registry.npmjs.org/side-channel-weakmap 35ms (cache miss)
1774 silly packumentCache full:https://registry.npmjs.org/side-channel-weakmap set size:undefined disposed:false
1775 http fetch GET 200 https://registry.npmjs.org/side-channel-list 35ms (cache miss)
1776 silly packumentCache full:https://registry.npmjs.org/side-channel-list set size:undefined disposed:false
1777 http fetch GET 200 https://registry.npmjs.org/side-channel-map 66ms (cache miss)
1778 silly packumentCache full:https://registry.npmjs.org/side-channel-map set size:undefined disposed:false
1779 silly placeDep ROOT is-extglob@2.1.1 OK for: is-glob@4.0.3 want: ^2.1.1
1780 silly placeDep ROOT set-function-name@2.0.2 OK for: iterator.prototype@1.1.5 want: ^2.0.2
1781 silly placeDep ROOT @isaacs/cliui@8.0.2 OK for: jackspeak@2.3.6 want: ^8.0.2
1782 silly placeDep ROOT @pkgjs/parseargs@0.11.0 OK for: jackspeak@2.3.6 want: ^0.11.0
1783 silly fetch manifest string-width@^5.1.2
1784 silly packumentCache full:https://registry.npmjs.org/string-width cache-miss
1785 silly fetch manifest string-width-cjs@npm:string-width@^4.2.0
1786 silly packumentCache full:https://registry.npmjs.org/string-width cache-miss
1787 silly fetch manifest strip-ansi@^7.0.1
1788 silly packumentCache full:https://registry.npmjs.org/strip-ansi cache-miss
1789 silly fetch manifest strip-ansi-cjs@npm:strip-ansi@^6.0.1
1790 silly packumentCache full:https://registry.npmjs.org/strip-ansi cache-miss
1791 silly fetch manifest wrap-ansi@^8.1.0
1792 silly packumentCache full:https://registry.npmjs.org/wrap-ansi cache-miss
1793 silly fetch manifest wrap-ansi-cjs@npm:wrap-ansi@^7.0.0
1794 silly packumentCache full:https://registry.npmjs.org/wrap-ansi cache-miss
1795 http cache https://registry.npmjs.org/strip-ansi 3ms (cache hit)
1796 silly packumentCache full:https://registry.npmjs.org/strip-ansi set size:41855 disposed:false
1797 http cache https://registry.npmjs.org/strip-ansi 4ms (cache hit)
1798 silly packumentCache full:https://registry.npmjs.org/strip-ansi set size:41855 disposed:false
1799 silly packumentCache full:https://registry.npmjs.org/strip-ansi dispose
1800 http fetch GET 200 https://registry.npmjs.org/wrap-ansi 37ms (cache miss)
1801 silly packumentCache full:https://registry.npmjs.org/wrap-ansi set size:undefined disposed:false
1802 http fetch GET 200 https://registry.npmjs.org/string-width 40ms (cache miss)
1803 silly packumentCache full:https://registry.npmjs.org/string-width set size:undefined disposed:false
1804 http fetch GET 200 https://registry.npmjs.org/string-width 55ms (cache miss)
1805 silly packumentCache full:https://registry.npmjs.org/string-width set size:undefined disposed:false
1806 http fetch GET 200 https://registry.npmjs.org/wrap-ansi 60ms (cache miss)
1807 silly packumentCache full:https://registry.npmjs.org/wrap-ansi set size:undefined disposed:false
1808 silly placeDep ROOT string-width@5.1.2 OK for: @isaacs/cliui@8.0.2 want: ^5.1.2
1809 silly placeDep ROOT string-width-cjs@4.2.3 OK for: @isaacs/cliui@8.0.2 want: npm:string-width@^4.2.0
1810 silly placeDep node_modules/@isaacs/cliui strip-ansi@7.1.2 OK for: @isaacs/cliui@8.0.2 want: ^7.0.1
1811 silly placeDep ROOT strip-ansi-cjs@6.0.1 OK for: @isaacs/cliui@8.0.2 want: npm:strip-ansi@^6.0.1
1812 silly placeDep ROOT wrap-ansi@8.1.0 OK for: @isaacs/cliui@8.0.2 want: ^8.1.0
1813 silly placeDep ROOT wrap-ansi-cjs@7.0.0 OK for: @isaacs/cliui@8.0.2 want: npm:wrap-ansi@^7.0.0
1814 silly fetch manifest eastasianwidth@^0.2.0
1815 silly packumentCache full:https://registry.npmjs.org/eastasianwidth cache-miss
1816 silly fetch manifest emoji-regex@^8.0.0
1817 silly packumentCache full:https://registry.npmjs.org/emoji-regex cache-miss
1818 silly fetch manifest is-fullwidth-code-point@^3.0.0
1819 silly packumentCache full:https://registry.npmjs.org/is-fullwidth-code-point cache-miss
1820 silly fetch manifest ansi-regex@^6.0.1
1821 silly packumentCache full:https://registry.npmjs.org/ansi-regex cache-miss
1822 silly fetch manifest ansi-styles@^6.1.0
1823 silly packumentCache full:https://registry.npmjs.org/ansi-styles cache-miss
1824 silly fetch manifest string-width@^4.1.0
1825 silly packumentCache full:https://registry.npmjs.org/string-width cache-miss
1826 http cache https://registry.npmjs.org/emoji-regex 4ms (cache hit)
1827 silly packumentCache full:https://registry.npmjs.org/emoji-regex set size:89088 disposed:false
1828 http cache https://registry.npmjs.org/ansi-regex 4ms (cache hit)
1829 silly packumentCache full:https://registry.npmjs.org/ansi-regex set size:43572 disposed:false
1830 http cache https://registry.npmjs.org/ansi-styles 4ms (cache hit)
1831 silly packumentCache full:https://registry.npmjs.org/ansi-styles set size:63233 disposed:false
1832 http cache https://registry.npmjs.org/string-width 4ms (cache hit)
1833 silly packumentCache full:https://registry.npmjs.org/string-width set size:64158 disposed:false
1834 http fetch GET 200 https://registry.npmjs.org/is-fullwidth-code-point 63ms (cache miss)
1835 silly packumentCache full:https://registry.npmjs.org/is-fullwidth-code-point set size:undefined disposed:false
1836 http fetch GET 200 https://registry.npmjs.org/eastasianwidth 67ms (cache miss)
1837 silly packumentCache full:https://registry.npmjs.org/eastasianwidth set size:undefined disposed:false
1838 silly placeDep ROOT argparse@2.0.1 OK for: js-yaml@4.1.1 want: ^2.0.1
1839 silly placeDep ROOT json-buffer@3.0.1 OK for: keyv@4.5.4 want: 3.0.1
1840 silly placeDep ROOT language-subtag-registry@0.3.23 OK for: language-tags@1.0.9 want: ^0.3.20
1841 silly placeDep ROOT prelude-ls@1.2.1 OK for: levn@0.4.1 want: ^1.2.1
1842 silly placeDep ROOT type-check@0.4.0 OK for: levn@0.4.1 want: ~0.4.0
1843 silly placeDep ROOT p-locate@5.0.0 OK for: locate-path@6.0.0 want: ^5.0.0
1844 silly fetch manifest p-limit@^3.0.2
1845 silly packumentCache full:https://registry.npmjs.org/p-limit cache-miss
1846 http fetch GET 200 https://registry.npmjs.org/p-limit 67ms (cache miss)
1847 silly packumentCache full:https://registry.npmjs.org/p-limit set size:undefined disposed:false
1848 silly placeDep ROOT braces@3.0.3 OK for: micromatch@4.0.8 want: ^3.0.3
1849 silly placeDep ROOT picomatch@2.3.1 OK for: micromatch@4.0.8 want: ^2.3.1
1850 silly fetch manifest fill-range@^7.1.1
1851 silly packumentCache full:https://registry.npmjs.org/fill-range cache-miss
1852 http fetch GET 200 https://registry.npmjs.org/fill-range 64ms (cache miss)
1853 silly packumentCache full:https://registry.npmjs.org/fill-range set size:undefined disposed:false
1854 silly placeDep ROOT fill-range@7.1.1 OK for: braces@3.0.3 want: ^7.1.1
1855 silly fetch manifest to-regex-range@^5.0.1
1856 silly packumentCache full:https://registry.npmjs.org/to-regex-range cache-miss
1857 http fetch GET 200 https://registry.npmjs.org/to-regex-range 41ms (cache miss)
1858 silly packumentCache full:https://registry.npmjs.org/to-regex-range set size:undefined disposed:false
1859 silly placeDep ROOT to-regex-range@5.0.1 OK for: fill-range@7.1.1 want: ^5.0.1
1860 silly fetch manifest is-number@^7.0.0
1861 silly packumentCache full:https://registry.npmjs.org/is-number cache-miss
1862 http fetch GET 200 https://registry.npmjs.org/is-number 59ms (cache miss)
1863 silly packumentCache full:https://registry.npmjs.org/is-number set size:undefined disposed:false
1864 silly placeDep ROOT brace-expansion@1.1.12 OK for: minimatch@3.1.2 want: ^1.1.7
1865 silly fetch manifest balanced-match@^1.0.0
1866 silly packumentCache full:https://registry.npmjs.org/balanced-match cache-miss
1867 silly fetch manifest concat-map@0.0.1
1868 silly packumentCache full:https://registry.npmjs.org/concat-map cache-miss
1869 http fetch GET 200 https://registry.npmjs.org/concat-map 57ms (cache miss)
1870 silly packumentCache full:https://registry.npmjs.org/concat-map set size:undefined disposed:false
1871 http fetch GET 200 https://registry.npmjs.org/balanced-match 63ms (cache miss)
1872 silly packumentCache full:https://registry.npmjs.org/balanced-match set size:undefined disposed:false
1873 silly placeDep ROOT balanced-match@1.0.2 OK for: brace-expansion@1.1.12 want: ^1.0.0
1874 silly placeDep ROOT concat-map@0.0.1 OK for: brace-expansion@1.1.12 want: 0.0.1
1875 silly fetch manifest react@^18.2.0 || 19.0.0-rc-de68d2f4-20241204 || ^19.0.0
1876 silly packumentCache full:https://registry.npmjs.org/react cache-miss
1877 http cache https://registry.npmjs.org/react 26ms (cache hit)
1878 silly packumentCache full:https://registry.npmjs.org/react set size:6370533 disposed:false
1879 silly placeDep ROOT @next/env@16.1.1 OK for: next@16.1.1 want: 16.1.1
1880 silly placeDep ROOT @next/swc-darwin-arm64@16.1.1 OK for: next@16.1.1 want: 16.1.1
1881 silly placeDep ROOT @next/swc-darwin-x64@16.1.1 OK for: next@16.1.1 want: 16.1.1
1882 silly placeDep ROOT @next/swc-linux-arm64-gnu@16.1.1 OK for: next@16.1.1 want: 16.1.1
1883 silly placeDep ROOT @next/swc-linux-arm64-musl@16.1.1 OK for: next@16.1.1 want: 16.1.1
1884 silly placeDep ROOT @next/swc-linux-x64-gnu@16.1.1 OK for: next@16.1.1 want: 16.1.1
1885 silly placeDep ROOT @next/swc-linux-x64-musl@16.1.1 OK for: next@16.1.1 want: 16.1.1
1886 silly placeDep ROOT @next/swc-win32-arm64-msvc@16.1.1 OK for: next@16.1.1 want: 16.1.1
1887 silly placeDep ROOT @next/swc-win32-x64-msvc@16.1.1 OK for: next@16.1.1 want: 16.1.1
1888 silly placeDep ROOT @swc/helpers@0.5.15 OK for: next@16.1.1 want: 0.5.15
1889 silly placeDep ROOT baseline-browser-mapping@2.9.14 OK for: next@16.1.1 want: ^2.8.3
1890 silly placeDep ROOT caniuse-lite@1.0.30001764 OK for: next@16.1.1 want: ^1.0.30001579
1891 silly placeDep ROOT postcss@8.4.31 OK for: next@16.1.1 want: 8.4.31
1892 silly placeDep ROOT sharp@0.34.5 OK for: next@16.1.1 want: ^0.34.4
1893 silly placeDep ROOT styled-jsx@5.1.6 OK for: next@16.1.1 want: 5.1.6
1894 silly fetch manifest nanoid@^3.3.6
1895 silly packumentCache full:https://registry.npmjs.org/nanoid cache-miss
1896 silly fetch manifest picocolors@^1.0.0
1897 silly packumentCache full:https://registry.npmjs.org/picocolors cache-miss
1898 silly fetch manifest source-map-js@^1.0.2
1899 silly packumentCache full:https://registry.npmjs.org/source-map-js cache-miss
1900 silly fetch manifest @img/colour@^1.0.0
1901 silly packumentCache full:https://registry.npmjs.org/@img%2fcolour cache-miss
1902 silly fetch manifest detect-libc@^2.1.2
1903 silly packumentCache full:https://registry.npmjs.org/detect-libc cache-miss
1904 silly fetch manifest @img/sharp-wasm32@0.34.5
1905 silly packumentCache full:https://registry.npmjs.org/@img%2fsharp-wasm32 cache-miss
1906 silly fetch manifest @img/sharp-linux-arm@0.34.5
1907 silly packumentCache full:https://registry.npmjs.org/@img%2fsharp-linux-arm cache-miss
1908 http fetch GET 200 https://registry.npmjs.org/detect-libc 48ms (cache miss)
1909 silly packumentCache full:https://registry.npmjs.org/detect-libc set size:undefined disposed:false
1910 silly fetch manifest @img/sharp-linux-x64@0.34.5
1911 silly packumentCache full:https://registry.npmjs.org/@img%2fsharp-linux-x64 cache-miss
1912 http fetch GET 200 https://registry.npmjs.org/source-map-js 51ms (cache miss)
1913 silly packumentCache full:https://registry.npmjs.org/source-map-js set size:undefined disposed:false
1914 silly fetch manifest @img/sharp-win32-x64@0.34.5
1915 silly packumentCache full:https://registry.npmjs.org/@img%2fsharp-win32-x64 cache-miss
1916 http fetch GET 200 https://registry.npmjs.org/@img%2fcolour 53ms (cache miss)
1917 silly packumentCache full:https://registry.npmjs.org/@img%2fcolour set size:undefined disposed:false
1918 silly fetch manifest @img/sharp-darwin-x64@0.34.5
1919 silly packumentCache full:https://registry.npmjs.org/@img%2fsharp-darwin-x64 cache-miss
1920 http fetch GET 200 https://registry.npmjs.org/picocolors 58ms (cache miss)
1921 silly packumentCache full:https://registry.npmjs.org/picocolors set size:undefined disposed:false
1922 silly fetch manifest @img/sharp-win32-ia32@0.34.5
1923 silly packumentCache full:https://registry.npmjs.org/@img%2fsharp-win32-ia32 cache-miss
1924 http fetch GET 200 https://registry.npmjs.org/@img%2fsharp-wasm32 64ms (cache miss)
1925 silly packumentCache full:https://registry.npmjs.org/@img%2fsharp-wasm32 set size:undefined disposed:false
1926 silly fetch manifest @img/sharp-linux-arm64@0.34.5
1927 silly packumentCache full:https://registry.npmjs.org/@img%2fsharp-linux-arm64 cache-miss
1928 http fetch GET 200 https://registry.npmjs.org/@img%2fsharp-linux-arm 75ms (cache miss)
1929 silly packumentCache full:https://registry.npmjs.org/@img%2fsharp-linux-arm set size:undefined disposed:false
1930 silly fetch manifest @img/sharp-linux-ppc64@0.34.5
1931 silly packumentCache full:https://registry.npmjs.org/@img%2fsharp-linux-ppc64 cache-miss
1932 http fetch GET 200 https://registry.npmjs.org/nanoid 95ms (cache miss)
1933 silly packumentCache full:https://registry.npmjs.org/nanoid set size:undefined disposed:false
1934 silly fetch manifest @img/sharp-linux-s390x@0.34.5
1935 silly packumentCache full:https://registry.npmjs.org/@img%2fsharp-linux-s390x cache-miss
1936 http fetch GET 200 https://registry.npmjs.org/@img%2fsharp-linux-x64 51ms (cache miss)
1937 silly packumentCache full:https://registry.npmjs.org/@img%2fsharp-linux-x64 set size:undefined disposed:false
1938 silly fetch manifest @img/sharp-win32-arm64@0.34.5
1939 silly packumentCache full:https://registry.npmjs.org/@img%2fsharp-win32-arm64 cache-miss
1940 http fetch GET 200 https://registry.npmjs.org/@img%2fsharp-darwin-x64 60ms (cache miss)
1941 silly packumentCache full:https://registry.npmjs.org/@img%2fsharp-darwin-x64 set size:undefined disposed:false
1942 silly fetch manifest @img/sharp-darwin-arm64@0.34.5
1943 silly packumentCache full:https://registry.npmjs.org/@img%2fsharp-darwin-arm64 cache-miss
1944 http fetch GET 200 https://registry.npmjs.org/@img%2fsharp-win32-x64 68ms (cache miss)
1945 silly packumentCache full:https://registry.npmjs.org/@img%2fsharp-win32-x64 set size:undefined disposed:false
1946 silly fetch manifest @img/sharp-linux-riscv64@0.34.5
1947 silly packumentCache full:https://registry.npmjs.org/@img%2fsharp-linux-riscv64 cache-miss
1948 http fetch GET 200 https://registry.npmjs.org/@img%2fsharp-linux-s390x 46ms (cache miss)
1949 silly packumentCache full:https://registry.npmjs.org/@img%2fsharp-linux-s390x set size:undefined disposed:false
1950 silly fetch manifest @img/sharp-linuxmusl-x64@0.34.5
1951 silly packumentCache full:https://registry.npmjs.org/@img%2fsharp-linuxmusl-x64 cache-miss
1952 http fetch GET 200 https://registry.npmjs.org/@img%2fsharp-linux-ppc64 67ms (cache miss)
1953 silly packumentCache full:https://registry.npmjs.org/@img%2fsharp-linux-ppc64 set size:undefined disposed:false
1954 silly fetch manifest @img/sharp-linuxmusl-arm64@0.34.5
1955 silly packumentCache full:https://registry.npmjs.org/@img%2fsharp-linuxmusl-arm64 cache-miss
1956 http fetch GET 200 https://registry.npmjs.org/@img%2fsharp-linux-arm64 81ms (cache miss)
1957 silly packumentCache full:https://registry.npmjs.org/@img%2fsharp-linux-arm64 set size:undefined disposed:false
1958 silly fetch manifest @img/sharp-libvips-linux-arm@1.2.4
1959 silly packumentCache full:https://registry.npmjs.org/@img%2fsharp-libvips-linux-arm cache-miss
1960 http fetch GET 200 https://registry.npmjs.org/@img%2fsharp-win32-arm64 72ms (cache miss)
1961 silly packumentCache full:https://registry.npmjs.org/@img%2fsharp-win32-arm64 set size:undefined disposed:false
1962 silly fetch manifest @img/sharp-libvips-linux-x64@1.2.4
1963 silly packumentCache full:https://registry.npmjs.org/@img%2fsharp-libvips-linux-x64 cache-miss
1964 http fetch GET 200 https://registry.npmjs.org/@img%2fsharp-darwin-arm64 66ms (cache miss)
1965 silly packumentCache full:https://registry.npmjs.org/@img%2fsharp-darwin-arm64 set size:undefined disposed:false
1966 silly fetch manifest @img/sharp-libvips-darwin-x64@1.2.4
1967 silly packumentCache full:https://registry.npmjs.org/@img%2fsharp-libvips-darwin-x64 cache-miss
1968 http fetch GET 200 https://registry.npmjs.org/@img%2fsharp-linuxmusl-x64 52ms (cache miss)
1969 silly packumentCache full:https://registry.npmjs.org/@img%2fsharp-linuxmusl-x64 set size:undefined disposed:false
1970 silly fetch manifest @img/sharp-libvips-linux-arm64@1.2.4
1971 silly packumentCache full:https://registry.npmjs.org/@img%2fsharp-libvips-linux-arm64 cache-miss
1972 http fetch GET 200 https://registry.npmjs.org/@img%2fsharp-libvips-linux-arm 50ms (cache miss)
1973 silly packumentCache full:https://registry.npmjs.org/@img%2fsharp-libvips-linux-arm set size:undefined disposed:false
1974 silly fetch manifest @img/sharp-libvips-linux-ppc64@1.2.4
1975 silly packumentCache full:https://registry.npmjs.org/@img%2fsharp-libvips-linux-ppc64 cache-miss
1976 http fetch GET 200 https://registry.npmjs.org/@img%2fsharp-linux-riscv64 79ms (cache miss)
1977 silly packumentCache full:https://registry.npmjs.org/@img%2fsharp-linux-riscv64 set size:undefined disposed:false
1978 silly fetch manifest @img/sharp-libvips-linux-s390x@1.2.4
1979 silly packumentCache full:https://registry.npmjs.org/@img%2fsharp-libvips-linux-s390x cache-miss
1980 http fetch GET 200 https://registry.npmjs.org/@img%2fsharp-libvips-linux-x64 51ms (cache miss)
1981 silly packumentCache full:https://registry.npmjs.org/@img%2fsharp-libvips-linux-x64 set size:undefined disposed:false
1982 silly fetch manifest @img/sharp-libvips-darwin-arm64@1.2.4
1983 silly packumentCache full:https://registry.npmjs.org/@img%2fsharp-libvips-darwin-arm64 cache-miss
1984 http fetch GET 200 https://registry.npmjs.org/@img%2fsharp-linuxmusl-arm64 84ms (cache miss)
1985 silly packumentCache full:https://registry.npmjs.org/@img%2fsharp-linuxmusl-arm64 set size:undefined disposed:false
1986 silly fetch manifest @img/sharp-libvips-linux-riscv64@1.2.4
1987 silly packumentCache full:https://registry.npmjs.org/@img%2fsharp-libvips-linux-riscv64 cache-miss
1988 http fetch GET 200 https://registry.npmjs.org/@img%2fsharp-libvips-darwin-x64 50ms (cache miss)
1989 silly packumentCache full:https://registry.npmjs.org/@img%2fsharp-libvips-darwin-x64 set size:undefined disposed:false
1990 silly fetch manifest @img/sharp-libvips-linuxmusl-x64@1.2.4
1991 silly packumentCache full:https://registry.npmjs.org/@img%2fsharp-libvips-linuxmusl-x64 cache-miss
1992 http fetch GET 200 https://registry.npmjs.org/@img%2fsharp-libvips-linux-ppc64 44ms (cache miss)
1993 silly packumentCache full:https://registry.npmjs.org/@img%2fsharp-libvips-linux-ppc64 set size:undefined disposed:false
1994 silly fetch manifest @img/sharp-libvips-linuxmusl-arm64@1.2.4
1995 silly packumentCache full:https://registry.npmjs.org/@img%2fsharp-libvips-linuxmusl-arm64 cache-miss
1996 http fetch GET 200 https://registry.npmjs.org/@img%2fsharp-libvips-linux-s390x 67ms (cache miss)
1997 silly packumentCache full:https://registry.npmjs.org/@img%2fsharp-libvips-linux-s390x set size:undefined disposed:false
1998 silly fetch manifest client-only@0.0.1
1999 silly packumentCache full:https://registry.npmjs.org/client-only cache-miss
2000 http fetch GET 200 https://registry.npmjs.org/@img%2fsharp-libvips-darwin-arm64 65ms (cache miss)
2001 silly packumentCache full:https://registry.npmjs.org/@img%2fsharp-libvips-darwin-arm64 set size:undefined disposed:false
2002 http fetch GET 200 https://registry.npmjs.org/@img%2fsharp-libvips-linuxmusl-x64 61ms (cache miss)
2003 silly packumentCache full:https://registry.npmjs.org/@img%2fsharp-libvips-linuxmusl-x64 set size:undefined disposed:false
2004 http fetch GET 200 https://registry.npmjs.org/@img%2fsharp-libvips-linuxmusl-arm64 57ms (cache miss)
2005 silly packumentCache full:https://registry.npmjs.org/@img%2fsharp-libvips-linuxmusl-arm64 set size:undefined disposed:false
2006 http fetch GET 200 https://registry.npmjs.org/@img%2fsharp-libvips-linux-riscv64 72ms (cache miss)
2007 silly packumentCache full:https://registry.npmjs.org/@img%2fsharp-libvips-linux-riscv64 set size:undefined disposed:false
2008 http fetch GET 200 https://registry.npmjs.org/client-only 61ms (cache miss)
2009 silly packumentCache full:https://registry.npmjs.org/client-only set size:undefined disposed:false
2010 http fetch GET 200 https://registry.npmjs.org/@img%2fsharp-win32-ia32 294ms (cache miss)
2011 silly packumentCache full:https://registry.npmjs.org/@img%2fsharp-win32-ia32 set size:undefined disposed:false
2012 http fetch GET 200 https://registry.npmjs.org/@img%2fsharp-libvips-linux-arm64 194ms (cache miss)
2013 silly packumentCache full:https://registry.npmjs.org/@img%2fsharp-libvips-linux-arm64 set size:undefined disposed:false
2014 silly placeDep ROOT deep-is@0.1.4 OK for: optionator@0.9.4 want: ^0.1.3
2015 silly placeDep ROOT fast-levenshtein@2.0.6 OK for: optionator@0.9.4 want: ^2.0.6
2016 silly placeDep ROOT word-wrap@1.2.5 OK for: optionator@0.9.4 want: ^1.2.5
2017 silly placeDep ROOT p-limit@3.1.0 OK for: p-locate@5.0.0 want: ^3.0.2
2018 silly fetch manifest yocto-queue@^0.1.0
2019 silly packumentCache full:https://registry.npmjs.org/yocto-queue cache-miss
2020 http fetch GET 200 https://registry.npmjs.org/yocto-queue 45ms (cache miss)
2021 silly packumentCache full:https://registry.npmjs.org/yocto-queue set size:undefined disposed:false
2022 silly placeDep ROOT yocto-queue@0.1.0 OK for: p-limit@3.1.0 want: ^0.1.0
2023 silly placeDep ROOT callsites@3.1.0 OK for: parent-module@1.0.1 want: ^3.0.0
2024 silly placeDep ROOT lru-cache@10.4.3 OK for: path-scurry@1.11.1 want: ^10.2.0
2025 silly placeDep ROOT nanoid@3.3.11 OK for: postcss@8.4.31 want: ^3.3.6
2026 silly placeDep ROOT picocolors@1.1.1 OK for: postcss@8.4.31 want: ^1.0.0
2027 silly placeDep ROOT source-map-js@1.2.1 OK for: postcss@8.4.31 want: ^1.0.2
2028 silly placeDep ROOT loose-envify@1.4.0 OK for: prop-types@15.8.1 want: ^1.4.0
2029 silly placeDep ROOT object-assign@4.1.1 OK for: prop-types@15.8.1 want: ^4.1.1
2030 silly placeDep ROOT react-is@16.13.1 OK for: prop-types@15.8.1 want: ^16.13.1
2031 silly fetch manifest js-tokens@^3.0.0 || ^4.0.0
2032 silly packumentCache full:https://registry.npmjs.org/js-tokens cache-miss
2033 http fetch GET 200 https://registry.npmjs.org/js-tokens 45ms (cache miss)
2034 silly packumentCache full:https://registry.npmjs.org/js-tokens set size:undefined disposed:false
2035 silly placeDep ROOT js-tokens@4.0.0 OK for: loose-envify@1.4.0 want: ^3.0.0 || ^4.0.0
2036 silly placeDep ROOT scheduler@0.27.0 OK for: react-dom@19.2.3 want: ^0.27.0
2037 silly placeDep ROOT path-parse@1.0.7 OK for: resolve@1.22.11 want: ^1.0.7
2038 silly placeDep ROOT supports-preserve-symlinks-flag@1.0.0 OK for: resolve@1.22.11 want: ^1.0.0
2039 silly placeDep node_modules/rimraf glob@7.2.3 OK for: rimraf@3.0.2 want: ^7.1.3
2040 silly fetch manifest once@^1.3.0
2041 silly packumentCache full:https://registry.npmjs.org/once cache-miss
2042 silly fetch manifest inflight@^1.0.4
2043 silly packumentCache full:https://registry.npmjs.org/inflight cache-miss
2044 silly fetch manifest inherits@2
2045 silly packumentCache full:https://registry.npmjs.org/inherits cache-miss
2046 silly fetch manifest fs.realpath@^1.0.0
2047 silly packumentCache full:https://registry.npmjs.org/fs.realpath cache-miss
2048 silly fetch manifest path-is-absolute@^1.0.0
2049 silly packumentCache full:https://registry.npmjs.org/path-is-absolute cache-miss
2050 http fetch GET 200 https://registry.npmjs.org/inherits 36ms (cache miss)
2051 silly packumentCache full:https://registry.npmjs.org/inherits set size:undefined disposed:false
2052 http fetch GET 200 https://registry.npmjs.org/once 40ms (cache miss)
2053 silly packumentCache full:https://registry.npmjs.org/once set size:undefined disposed:false
2054 http fetch GET 200 https://registry.npmjs.org/path-is-absolute 43ms (cache miss)
2055 silly packumentCache full:https://registry.npmjs.org/path-is-absolute set size:undefined disposed:false
2056 http fetch GET 200 https://registry.npmjs.org/fs.realpath 57ms (cache miss)
2057 silly packumentCache full:https://registry.npmjs.org/fs.realpath set size:undefined disposed:false
2058 http fetch GET 200 https://registry.npmjs.org/inflight 60ms (cache miss)
2059 silly packumentCache full:https://registry.npmjs.org/inflight set size:undefined disposed:false
2060 silly placeDep ROOT queue-microtask@1.2.3 OK for: run-parallel@1.2.0 want: ^1.2.2
2061 silly placeDep ROOT isarray@2.0.5 OK for: safe-array-concat@1.1.3 want: ^2.0.5
2062 silly placeDep ROOT @img/colour@1.0.0 OK for: sharp@0.34.5 want: ^1.0.0
2063 silly placeDep ROOT @img/sharp-darwin-arm64@0.34.5 OK for: sharp@0.34.5 want: 0.34.5
2064 silly placeDep ROOT @img/sharp-darwin-x64@0.34.5 OK for: sharp@0.34.5 want: 0.34.5
2065 silly placeDep ROOT @img/sharp-libvips-darwin-arm64@1.2.4 OK for: sharp@0.34.5 want: 1.2.4
2066 silly placeDep ROOT @img/sharp-libvips-darwin-x64@1.2.4 OK for: sharp@0.34.5 want: 1.2.4
2067 silly placeDep ROOT @img/sharp-libvips-linux-arm@1.2.4 OK for: sharp@0.34.5 want: 1.2.4
2068 silly placeDep ROOT @img/sharp-libvips-linux-arm64@1.2.4 OK for: sharp@0.34.5 want: 1.2.4
2069 silly placeDep ROOT @img/sharp-libvips-linux-ppc64@1.2.4 OK for: sharp@0.34.5 want: 1.2.4
2070 silly placeDep ROOT @img/sharp-libvips-linux-riscv64@1.2.4 OK for: sharp@0.34.5 want: 1.2.4
2071 silly placeDep ROOT @img/sharp-libvips-linux-s390x@1.2.4 OK for: sharp@0.34.5 want: 1.2.4
2072 silly placeDep ROOT @img/sharp-libvips-linux-x64@1.2.4 OK for: sharp@0.34.5 want: 1.2.4
2073 silly placeDep ROOT @img/sharp-libvips-linuxmusl-arm64@1.2.4 OK for: sharp@0.34.5 want: 1.2.4
2074 silly placeDep ROOT @img/sharp-libvips-linuxmusl-x64@1.2.4 OK for: sharp@0.34.5 want: 1.2.4
2075 silly placeDep ROOT @img/sharp-linux-arm@0.34.5 OK for: sharp@0.34.5 want: 0.34.5
2076 silly placeDep ROOT @img/sharp-linux-arm64@0.34.5 OK for: sharp@0.34.5 want: 0.34.5
2077 silly placeDep ROOT @img/sharp-linux-ppc64@0.34.5 OK for: sharp@0.34.5 want: 0.34.5
2078 silly placeDep ROOT @img/sharp-linux-riscv64@0.34.5 OK for: sharp@0.34.5 want: 0.34.5
2079 silly placeDep ROOT @img/sharp-linux-s390x@0.34.5 OK for: sharp@0.34.5 want: 0.34.5
2080 silly placeDep ROOT @img/sharp-linux-x64@0.34.5 OK for: sharp@0.34.5 want: 0.34.5
2081 silly placeDep ROOT @img/sharp-linuxmusl-arm64@0.34.5 OK for: sharp@0.34.5 want: 0.34.5
2082 silly placeDep ROOT @img/sharp-linuxmusl-x64@0.34.5 OK for: sharp@0.34.5 want: 0.34.5
2083 silly placeDep ROOT @img/sharp-wasm32@0.34.5 OK for: sharp@0.34.5 want: 0.34.5
2084 silly placeDep ROOT @img/sharp-win32-arm64@0.34.5 OK for: sharp@0.34.5 want: 0.34.5
2085 silly placeDep ROOT @img/sharp-win32-ia32@0.34.5 OK for: sharp@0.34.5 want: 0.34.5
2086 silly placeDep ROOT @img/sharp-win32-x64@0.34.5 OK for: sharp@0.34.5 want: 0.34.5
2087 silly placeDep ROOT detect-libc@2.1.2 OK for: sharp@0.34.5 want: ^2.1.2
2088 silly fetch manifest @emnapi/runtime@^1.7.0
2089 silly packumentCache full:https://registry.npmjs.org/@emnapi%2fruntime cache-miss
2090 http fetch GET 200 https://registry.npmjs.org/@emnapi%2fruntime 68ms (cache miss)
2091 silly packumentCache full:https://registry.npmjs.org/@emnapi%2fruntime set size:undefined disposed:false
2092 silly placeDep ROOT @emnapi/runtime@1.8.1 OK for: @img/sharp-wasm32@0.34.5 want: ^1.7.0
2093 silly placeDep ROOT shebang-regex@3.0.0 OK for: shebang-command@2.0.0 want: ^3.0.0
2094 silly placeDep ROOT side-channel-list@1.0.0 OK for: side-channel@1.1.0 want: ^1.0.0
2095 silly placeDep ROOT side-channel-map@1.0.1 OK for: side-channel@1.1.0 want: ^1.0.1
2096 silly placeDep ROOT side-channel-weakmap@1.0.2 OK for: side-channel@1.1.0 want: ^1.0.2
2097 silly placeDep ROOT eastasianwidth@0.2.0 OK for: string-width@5.1.2 want: ^0.2.0
2098 silly placeDep node_modules/string-width strip-ansi@7.1.2 OK for: string-width@5.1.2 want: ^7.0.1
2099 silly placeDep node_modules/string-width-cjs emoji-regex@8.0.0 OK for: string-width@4.2.3 want: ^8.0.0
2100 silly placeDep ROOT is-fullwidth-code-point@3.0.0 OK for: string-width@4.2.3 want: ^3.0.0
2101 silly placeDep ROOT ansi-regex@5.0.1 OK for: strip-ansi@6.0.1 want: ^5.0.1
2102 silly placeDep ROOT client-only@0.0.1 OK for: styled-jsx@5.1.6 want: 0.0.1
2103 silly placeDep ROOT has-flag@4.0.0 OK for: supports-color@7.2.0 want: ^4.0.0
2104 silly placeDep node_modules/tinyglobby fdir@6.5.0 OK for: tinyglobby@0.2.15 want: ^6.5.0
2105 silly placeDep node_modules/tinyglobby picomatch@4.0.3 OK for: fdir@6.5.0 want: ^3 || ^4
2106 silly placeDep ROOT is-number@7.0.0 OK for: to-regex-range@5.0.1 want: ^7.0.0
2107 silly placeDep ROOT @types/json5@0.0.29 OK for: tsconfig-paths@3.15.0 want: ^0.0.29
2108 silly placeDep ROOT json5@1.0.2 OK for: tsconfig-paths@3.15.0 want: ^1.0.2
2109 silly placeDep ROOT minimist@1.2.8 OK for: tsconfig-paths@3.15.0 want: ^1.2.6
2110 silly placeDep ROOT strip-bom@3.0.0 OK for: tsconfig-paths@3.15.0 want: ^3.0.0
2111 silly fetch manifest minimist@^1.2.0
2112 silly packumentCache full:https://registry.npmjs.org/minimist cache-miss
2113 http cache https://registry.npmjs.org/minimist 1ms (cache hit)
2114 silly packumentCache full:https://registry.npmjs.org/minimist set size:77082 disposed:false
2115 silly placeDep ROOT for-each@0.3.5 OK for: typed-array-byte-length@1.0.3 want: ^0.3.3
2116 silly placeDep ROOT reflect.getprototypeof@1.0.10 OK for: typed-array-byte-offset@1.0.4 want: ^1.0.9
2117 silly fetch manifest which-builtin-type@^1.2.1
2118 silly packumentCache full:https://registry.npmjs.org/which-builtin-type cache-miss
2119 http fetch GET 200 https://registry.npmjs.org/which-builtin-type 40ms (cache miss)
2120 silly packumentCache full:https://registry.npmjs.org/which-builtin-type set size:undefined disposed:false
2121 silly placeDep ROOT which-builtin-type@1.2.1 OK for: reflect.getprototypeof@1.0.10 want: ^1.2.1
2122 silly fetch manifest is-async-function@^2.0.0
2123 silly packumentCache full:https://registry.npmjs.org/is-async-function cache-miss
2124 silly fetch manifest is-finalizationregistry@^1.1.0
2125 silly packumentCache full:https://registry.npmjs.org/is-finalizationregistry cache-miss
2126 silly fetch manifest is-generator-function@^1.0.10
2127 silly packumentCache full:https://registry.npmjs.org/is-generator-function cache-miss
2128 silly fetch manifest which-boxed-primitive@^1.1.0
2129 silly packumentCache full:https://registry.npmjs.org/which-boxed-primitive cache-miss
2130 silly fetch manifest which-collection@^1.0.2
2131 silly packumentCache full:https://registry.npmjs.org/which-collection cache-miss
2132 http cache https://registry.npmjs.org/which-boxed-primitive 4ms (cache hit)
2133 silly packumentCache full:https://registry.npmjs.org/which-boxed-primitive set size:19407 disposed:false
2134 http fetch GET 200 https://registry.npmjs.org/which-collection 42ms (cache miss)
2135 silly packumentCache full:https://registry.npmjs.org/which-collection set size:undefined disposed:false
2136 http fetch GET 200 https://registry.npmjs.org/is-async-function 47ms (cache miss)
2137 silly packumentCache full:https://registry.npmjs.org/is-async-function set size:undefined disposed:false
2138 http fetch GET 200 https://registry.npmjs.org/is-generator-function 48ms (cache miss)
2139 silly packumentCache full:https://registry.npmjs.org/is-generator-function set size:undefined disposed:false
2140 http fetch GET 200 https://registry.npmjs.org/is-finalizationregistry 54ms (cache miss)
2141 silly packumentCache full:https://registry.npmjs.org/is-finalizationregistry set size:undefined disposed:false
2142 silly placeDep ROOT has-bigints@1.1.0 OK for: unbox-primitive@1.1.0 want: ^1.0.2
2143 silly placeDep ROOT which-boxed-primitive@1.1.1 OK for: unbox-primitive@1.1.0 want: ^1.1.1
2144 silly fetch manifest is-bigint@^1.1.0
2145 silly packumentCache full:https://registry.npmjs.org/is-bigint cache-miss
2146 silly fetch manifest is-boolean-object@^1.2.1
2147 silly packumentCache full:https://registry.npmjs.org/is-boolean-object cache-miss
2148 silly fetch manifest is-number-object@^1.1.1
2149 silly packumentCache full:https://registry.npmjs.org/is-number-object cache-miss
2150 http fetch GET 200 https://registry.npmjs.org/is-boolean-object 40ms (cache miss)
2151 silly packumentCache full:https://registry.npmjs.org/is-boolean-object set size:undefined disposed:false
2152 http fetch GET 200 https://registry.npmjs.org/is-number-object 43ms (cache miss)
2153 silly packumentCache full:https://registry.npmjs.org/is-number-object set size:undefined disposed:false
2154 http fetch GET 200 https://registry.npmjs.org/is-bigint 57ms (cache miss)
2155 silly packumentCache full:https://registry.npmjs.org/is-bigint set size:undefined disposed:false
2156 silly placeDep ROOT @unrs/resolver-binding-android-arm-eabi@1.11.1 OK for: unrs-resolver@1.11.1 want: 1.11.1
2157 silly placeDep ROOT @unrs/resolver-binding-android-arm64@1.11.1 OK for: unrs-resolver@1.11.1 want: 1.11.1
2158 silly placeDep ROOT @unrs/resolver-binding-darwin-arm64@1.11.1 OK for: unrs-resolver@1.11.1 want: 1.11.1
2159 silly placeDep ROOT @unrs/resolver-binding-darwin-x64@1.11.1 OK for: unrs-resolver@1.11.1 want: 1.11.1
2160 silly placeDep ROOT @unrs/resolver-binding-freebsd-x64@1.11.1 OK for: unrs-resolver@1.11.1 want: 1.11.1
2161 silly placeDep ROOT @unrs/resolver-binding-linux-arm-gnueabihf@1.11.1 OK for: unrs-resolver@1.11.1 want: 1.11.1
2162 silly placeDep ROOT @unrs/resolver-binding-linux-arm-musleabihf@1.11.1 OK for: unrs-resolver@1.11.1 want: 1.11.1
2163 silly placeDep ROOT @unrs/resolver-binding-linux-arm64-gnu@1.11.1 OK for: unrs-resolver@1.11.1 want: 1.11.1
2164 silly placeDep ROOT @unrs/resolver-binding-linux-arm64-musl@1.11.1 OK for: unrs-resolver@1.11.1 want: 1.11.1
2165 silly placeDep ROOT @unrs/resolver-binding-linux-ppc64-gnu@1.11.1 OK for: unrs-resolver@1.11.1 want: 1.11.1
2166 silly placeDep ROOT @unrs/resolver-binding-linux-riscv64-gnu@1.11.1 OK for: unrs-resolver@1.11.1 want: 1.11.1
2167 silly placeDep ROOT @unrs/resolver-binding-linux-riscv64-musl@1.11.1 OK for: unrs-resolver@1.11.1 want: 1.11.1
2168 silly placeDep ROOT @unrs/resolver-binding-linux-s390x-gnu@1.11.1 OK for: unrs-resolver@1.11.1 want: 1.11.1
2169 silly placeDep ROOT @unrs/resolver-binding-linux-x64-gnu@1.11.1 OK for: unrs-resolver@1.11.1 want: 1.11.1
2170 silly placeDep ROOT @unrs/resolver-binding-linux-x64-musl@1.11.1 OK for: unrs-resolver@1.11.1 want: 1.11.1
2171 silly placeDep ROOT @unrs/resolver-binding-wasm32-wasi@1.11.1 OK for: unrs-resolver@1.11.1 want: 1.11.1
2172 silly placeDep ROOT @unrs/resolver-binding-win32-arm64-msvc@1.11.1 OK for: unrs-resolver@1.11.1 want: 1.11.1
2173 silly placeDep ROOT @unrs/resolver-binding-win32-ia32-msvc@1.11.1 OK for: unrs-resolver@1.11.1 want: 1.11.1
2174 silly placeDep ROOT @unrs/resolver-binding-win32-x64-msvc@1.11.1 OK for: unrs-resolver@1.11.1 want: 1.11.1
2175 silly placeDep ROOT napi-postinstall@0.3.4 OK for: unrs-resolver@1.11.1 want: ^0.3.0
2176 silly fetch manifest @napi-rs/wasm-runtime@^0.2.11
2177 silly packumentCache full:https://registry.npmjs.org/@napi-rs%2fwasm-runtime cache-miss
2178 http fetch GET 200 https://registry.npmjs.org/@napi-rs%2fwasm-runtime 66ms (cache miss)
2179 silly packumentCache full:https://registry.npmjs.org/@napi-rs%2fwasm-runtime set size:undefined disposed:false
2180 silly placeDep ROOT @napi-rs/wasm-runtime@0.2.12 OK for: @unrs/resolver-binding-wasm32-wasi@1.11.1 want: ^0.2.11
2181 silly fetch manifest @emnapi/core@^1.4.3
2182 silly packumentCache full:https://registry.npmjs.org/@emnapi%2fcore cache-miss
2183 silly fetch manifest @tybys/wasm-util@^0.10.0
2184 silly packumentCache full:https://registry.npmjs.org/@tybys%2fwasm-util cache-miss
2185 http fetch GET 200 https://registry.npmjs.org/@tybys%2fwasm-util 73ms (cache miss)
2186 silly packumentCache full:https://registry.npmjs.org/@tybys%2fwasm-util set size:undefined disposed:false
2187 http fetch GET 200 https://registry.npmjs.org/@emnapi%2fcore 81ms (cache miss)
2188 silly packumentCache full:https://registry.npmjs.org/@emnapi%2fcore set size:undefined disposed:false
2189 silly placeDep ROOT @emnapi/core@1.8.1 OK for: @napi-rs/wasm-runtime@0.2.12 want: ^1.4.3
2190 silly placeDep ROOT @tybys/wasm-util@0.10.1 OK for: @napi-rs/wasm-runtime@0.2.12 want: ^0.10.0
2191 silly fetch manifest @emnapi/wasi-threads@1.1.0
2192 silly packumentCache full:https://registry.npmjs.org/@emnapi%2fwasi-threads cache-miss
2193 http fetch GET 200 https://registry.npmjs.org/@emnapi%2fwasi-threads 83ms (cache miss)
2194 silly packumentCache full:https://registry.npmjs.org/@emnapi%2fwasi-threads set size:undefined disposed:false
2195 silly placeDep ROOT @emnapi/wasi-threads@1.1.0 OK for: @emnapi/core@1.8.1 want: 1.1.0
2196 silly placeDep ROOT punycode@2.3.1 OK for: uri-js@4.4.1 want: ^2.1.0
2197 silly placeDep ROOT isexe@2.0.0 OK for: which@2.0.2 want: ^2.0.0
2198 silly placeDep ROOT is-bigint@1.1.0 OK for: which-boxed-primitive@1.1.1 want: ^1.1.0
2199 silly placeDep ROOT is-boolean-object@1.2.2 OK for: which-boxed-primitive@1.1.1 want: ^1.2.1
2200 silly placeDep ROOT is-number-object@1.1.1 OK for: which-boxed-primitive@1.1.1 want: ^1.1.1
2201 silly placeDep ROOT is-async-function@2.1.1 OK for: which-builtin-type@1.2.1 want: ^2.0.0
2202 silly placeDep ROOT is-finalizationregistry@1.1.1 OK for: which-builtin-type@1.2.1 want: ^1.1.0
2203 silly placeDep ROOT is-generator-function@1.1.2 OK for: which-builtin-type@1.2.1 want: ^1.0.10
2204 silly placeDep ROOT which-collection@1.0.2 OK for: which-builtin-type@1.2.1 want: ^1.0.2
2205 silly fetch manifest async-function@^1.0.0
2206 silly packumentCache full:https://registry.npmjs.org/async-function cache-miss
2207 silly fetch manifest generator-function@^2.0.0
2208 silly packumentCache full:https://registry.npmjs.org/generator-function cache-miss
2209 silly fetch manifest is-map@^2.0.3
2210 silly packumentCache full:https://registry.npmjs.org/is-map cache-miss
2211 silly fetch manifest is-weakmap@^2.0.2
2212 silly packumentCache full:https://registry.npmjs.org/is-weakmap cache-miss
2213 silly fetch manifest is-weakset@^2.0.3
2214 silly packumentCache full:https://registry.npmjs.org/is-weakset cache-miss
2215 http fetch GET 200 https://registry.npmjs.org/is-map 35ms (cache miss)
2216 silly packumentCache full:https://registry.npmjs.org/is-map set size:undefined disposed:false
2217 http fetch GET 200 https://registry.npmjs.org/generator-function 36ms (cache miss)
2218 silly packumentCache full:https://registry.npmjs.org/generator-function set size:undefined disposed:false
2219 http fetch GET 200 https://registry.npmjs.org/async-function 36ms (cache miss)
2220 silly packumentCache full:https://registry.npmjs.org/async-function set size:undefined disposed:false
2221 http fetch GET 200 https://registry.npmjs.org/is-weakmap 46ms (cache miss)
2222 silly packumentCache full:https://registry.npmjs.org/is-weakmap set size:undefined disposed:false
2223 http fetch GET 200 https://registry.npmjs.org/is-weakset 75ms (cache miss)
2224 silly packumentCache full:https://registry.npmjs.org/is-weakset set size:undefined disposed:false
2225 silly placeDep ROOT async-function@1.0.0 OK for: is-async-function@2.1.1 want: ^1.0.0
2226 silly placeDep ROOT generator-function@2.0.1 OK for: is-generator-function@1.1.2 want: ^2.0.0
2227 silly placeDep ROOT is-map@2.0.3 OK for: which-collection@1.0.2 want: ^2.0.3
2228 silly placeDep ROOT is-weakmap@2.0.2 OK for: which-collection@1.0.2 want: ^2.0.2
2229 silly placeDep ROOT is-weakset@2.0.4 OK for: which-collection@1.0.2 want: ^2.0.3
2230 silly placeDep node_modules/wrap-ansi ansi-styles@6.2.3 OK for: wrap-ansi@8.1.0 want: ^6.1.0
2231 silly placeDep node_modules/wrap-ansi strip-ansi@7.1.2 OK for: wrap-ansi@8.1.0 want: ^7.0.1
2232 silly placeDep node_modules/wrap-ansi-cjs string-width@4.2.3 OK for: wrap-ansi@7.0.0 want: ^4.1.0
2233 silly placeDep node_modules/@isaacs/cliui ansi-regex@6.2.2 OK for: strip-ansi@7.1.2 want: ^6.0.1
2234 silly placeDep node_modules/@typescript-eslint/typescript-estree brace-expansion@2.0.2 OK for: minimatch@9.0.3 want: ^2.0.1
2235 silly placeDep node_modules/glob brace-expansion@2.0.2 OK for: minimatch@9.0.5 want: ^2.0.1
2236 silly placeDep ROOT fs.realpath@1.0.0 OK for: glob@7.2.3 want: ^1.0.0
2237 silly placeDep ROOT inflight@1.0.6 OK for: glob@7.2.3 want: ^1.0.4
2238 silly placeDep ROOT inherits@2.0.4 OK for: glob@7.2.3 want: 2
2239 silly placeDep ROOT once@1.4.0 OK for: glob@7.2.3 want: ^1.3.0
2240 silly placeDep ROOT path-is-absolute@1.0.1 OK for: glob@7.2.3 want: ^1.0.0
2241 silly fetch manifest wrappy@1
2242 silly packumentCache full:https://registry.npmjs.org/wrappy cache-miss
2243 silly fetch manifest wrappy@1
2244 silly packumentCache full:https://registry.npmjs.org/wrappy cache-miss
2245 http fetch GET 200 https://registry.npmjs.org/wrappy 45ms (cache miss)
2246 silly packumentCache full:https://registry.npmjs.org/wrappy set size:undefined disposed:false
2247 http fetch GET 200 https://registry.npmjs.org/wrappy 45ms (cache miss)
2248 silly packumentCache full:https://registry.npmjs.org/wrappy set size:undefined disposed:false
2249 silly placeDep ROOT wrappy@1.0.2 OK for: inflight@1.0.6 want: 1
2250 silly placeDep node_modules/string-width ansi-regex@6.2.2 OK for: strip-ansi@7.1.2 want: ^6.0.1
2251 silly placeDep node_modules/wrap-ansi-cjs emoji-regex@8.0.0 OK for: string-width@4.2.3 want: ^8.0.0
2252 silly placeDep node_modules/wrap-ansi ansi-regex@6.2.2 OK for: strip-ansi@7.1.2 want: ^6.0.1
2253 silly reify moves {}
2254 silly audit bulk request {
2254 silly audit   '@supabase/ssr': [ '0.1.0' ],
2254 silly audit   '@supabase/supabase-js': [ '2.90.1' ],
2254 silly audit   '@types/node': [ '20.19.28' ],
2254 silly audit   '@types/react': [ '18.3.27' ],
2254 silly audit   '@types/react-dom': [ '18.3.7' ],
2254 silly audit   eslint: [ '8.57.1' ],
2254 silly audit   'eslint-config-next': [ '14.2.5' ],
2254 silly audit   next: [ '16.1.1' ],
2254 silly audit   react: [ '19.2.3' ],
2254 silly audit   'react-dom': [ '19.2.3' ],
2254 silly audit   typescript: [ '5.9.3' ],
2254 silly audit   cookie: [ '0.5.0' ],
2254 silly audit   ramda: [ '0.29.1' ],
2254 silly audit   '@supabase/auth-js': [ '2.90.1' ],
2254 silly audit   '@supabase/functions-js': [ '2.90.1' ],
2254 silly audit   '@supabase/postgrest-js': [ '2.90.1' ],
2254 silly audit   '@supabase/realtime-js': [ '2.90.1' ],
2254 silly audit   '@supabase/storage-js': [ '2.90.1' ],
2254 silly audit   tslib: [ '2.8.1' ],
2254 silly audit   '@types/phoenix': [ '1.6.7' ],
2254 silly audit   '@types/ws': [ '8.18.1' ],
2254 silly audit   ws: [ '8.19.0' ],
2254 silly audit   'iceberg-js': [ '0.8.1' ],
2254 silly audit   'undici-types': [ '6.21.0' ],
2254 silly audit   '@types/prop-types': [ '15.7.15' ],
2254 silly audit   csstype: [ '3.2.3' ],
2254 silly audit   '@eslint-community/eslint-utils': [ '4.9.1' ],
2254 silly audit   '@eslint-community/regexpp': [ '4.12.2' ],
2254 silly audit   '@eslint/eslintrc': [ '2.1.4' ],
2254 silly audit   '@eslint/js': [ '8.57.1' ],
2254 silly audit   '@humanwhocodes/config-array': [ '0.13.0' ],
2254 silly audit   '@humanwhocodes/module-importer': [ '1.0.1' ],
2254 silly audit   '@nodelib/fs.walk': [ '1.2.8' ],
2254 silly audit   '@ungap/structured-clone': [ '1.3.0' ],
2254 silly audit   ajv: [ '6.12.6' ],
2254 silly audit   chalk: [ '4.1.2' ],
2254 silly audit   'cross-spawn': [ '7.0.6' ],
2254 silly audit   debug: [ '4.4.3', '3.2.7' ],
2254 silly audit   doctrine: [ '3.0.0', '2.1.0' ],
2254 silly audit   'escape-string-regexp': [ '4.0.0' ],
2254 silly audit   'eslint-scope': [ '7.2.2' ],
2254 silly audit   'eslint-visitor-keys': [ '3.4.3' ],
2254 silly audit   espree: [ '9.6.1' ],
2254 silly audit   esquery: [ '1.7.0' ],
2254 silly audit   esutils: [ '2.0.3' ],
2254 silly audit   'fast-deep-equal': [ '3.1.3' ],
2254 silly audit   'file-entry-cache': [ '6.0.1' ],
2254 silly audit   'find-up': [ '5.0.0' ],
2254 silly audit   'glob-parent': [ '6.0.2', '5.1.2' ],
2254 silly audit   globals: [ '13.24.0' ],
2254 silly audit   graphemer: [ '1.4.0' ],
2254 silly audit   ignore: [ '5.3.2' ],
2254 silly audit   imurmurhash: [ '0.1.4' ],
2254 silly audit   'is-glob': [ '4.0.3' ],
2254 silly audit   'is-path-inside': [ '3.0.3' ],
2254 silly audit   'js-yaml': [ '4.1.1' ],
2254 silly audit   'json-stable-stringify-without-jsonify': [ '1.0.1' ],
2254 silly audit   levn: [ '0.4.1' ],
2254 silly audit   'lodash.merge': [ '4.6.2' ],
2254 silly audit   minimatch: [ '3.1.2', '9.0.3', '9.0.5' ],
2254 silly audit   'natural-compare': [ '1.4.0' ],
2254 silly audit   optionator: [ '0.9.4' ],
2254 silly audit   'strip-ansi': [ '6.0.1', '7.1.2' ],
2254 silly audit   'text-table': [ '0.2.0' ],
2254 silly audit   'import-fresh': [ '3.3.1' ],
2254 silly audit   'strip-json-comments': [ '3.1.1' ],
2254 silly audit   '@humanwhocodes/object-schema': [ '2.0.3' ],
2254 silly audit   '@nodelib/fs.scandir': [ '2.1.5' ],
2254 silly audit   fastq: [ '1.20.1' ],
2254 silly audit   '@nodelib/fs.stat': [ '2.0.5' ],
2254 silly audit   'run-parallel': [ '1.2.0' ],
2254 silly audit   'fast-json-stable-stringify': [ '2.1.0' ],
2254 silly audit   'json-schema-traverse': [ '0.4.1' ],
2254 silly audit   'uri-js': [ '4.4.1' ],
2254 silly audit   'ansi-styles': [ '4.3.0', '6.2.3' ],
2254 silly audit   'supports-color': [ '7.2.0' ],
2254 silly audit   'color-convert': [ '2.0.1' ],
2254 silly audit   'color-name': [ '1.1.4' ],
2254 silly audit   'path-key': [ '3.1.1' ],
2254 silly audit   'shebang-command': [ '2.0.0' ],
2254 silly audit   which: [ '2.0.2' ],
2254 silly audit   ms: [ '2.1.3' ],
2254 silly audit   '@next/eslint-plugin-next': [ '14.2.5' ],
2254 silly audit   '@rushstack/eslint-patch': [ '1.15.0' ],
2254 silly audit   '@typescript-eslint/parser': [ '7.2.0' ],
2254 silly audit   'eslint-import-resolver-node': [ '0.3.9' ],
2254 silly audit   'eslint-import-resolver-typescript': [ '3.10.1' ],
2254 silly audit   'eslint-plugin-import': [ '2.32.0' ],
2254 silly audit   'eslint-plugin-jsx-a11y': [ '6.10.2' ],
2254 silly audit   'eslint-plugin-react': [ '7.37.5' ],
2254 silly audit   'eslint-plugin-react-hooks': [ '5.0.0-canary-7118f5dd7-20230705' ],
2254 silly audit   glob: [ '10.3.10', '7.2.3' ],
2254 silly audit   '@typescript-eslint/scope-manager': [ '7.2.0' ],
2254 silly audit   '@typescript-eslint/types': [ '7.2.0' ],
2254 silly audit   '@typescript-eslint/typescript-estree': [ '7.2.0' ],
2254 silly audit   '@typescript-eslint/visitor-keys': [ '7.2.0' ],
2254 silly audit   globby: [ '11.1.0' ],
2254 silly audit   semver: [ '7.7.3', '6.3.1' ],
2254 silly audit   'ts-api-utils': [ '1.4.3' ],
2254 silly audit   'is-core-module': [ '2.16.1' ],
2254 silly audit   resolve: [ '1.22.11', '2.0.0-next.5' ],
2254 silly audit   '@nolyfill/is-core-module': [ '1.0.39' ],
2254 silly audit   'get-tsconfig': [ '4.13.0' ],
2254 silly audit   'is-bun-module': [ '2.0.0' ],
2254 silly audit   'stable-hash': [ '0.0.5' ],
2254 silly audit   tinyglobby: [ '0.2.15' ],
2254 silly audit   'unrs-resolver': [ '1.11.1' ],
2254 silly audit   '@rtsao/scc': [ '1.1.0' ],
2254 silly audit   'array-includes': [ '3.1.9' ],
2254 silly audit   'array.prototype.findlastindex': [ '1.2.6' ],
2254 silly audit   'array.prototype.flat': [ '1.3.3' ],
2254 silly audit   'array.prototype.flatmap': [ '1.3.3' ],
2254 silly audit   'eslint-module-utils': [ '2.12.1' ],
2254 silly audit   hasown: [ '2.0.2' ],
2254 silly audit   'object.fromentries': [ '2.0.8' ],
2254 silly audit   'object.groupby': [ '1.0.3' ],
2254 silly audit   'object.values': [ '1.2.1' ],
2254 silly audit   'string.prototype.trimend': [ '1.0.9' ],
2254 silly audit   'tsconfig-paths': [ '3.15.0' ],
2254 silly audit   'call-bind': [ '1.0.8' ],
2254 silly audit   'call-bound': [ '1.0.4' ],
2254 silly audit   'define-properties': [ '1.2.1' ],
2254 silly audit   'es-abstract': [ '1.24.1' ],
2254 silly audit   'es-object-atoms': [ '1.1.1' ],
2254 silly audit   'get-intrinsic': [ '1.3.0' ],
2254 silly audit   'is-string': [ '1.1.1' ],
2254 silly audit   'math-intrinsics': [ '1.1.0' ],
2254 silly audit   'es-errors': [ '1.3.0' ],
2254 silly audit   'es-shim-unscopables': [ '1.1.0' ],
2254 silly audit   'call-bind-apply-helpers': [ '1.0.2' ],
2254 silly audit   'es-define-property': [ '1.0.1' ],
2254 silly audit   'set-function-length': [ '1.2.2' ],
2254 silly audit   'function-bind': [ '1.1.2' ],
2254 silly audit   'define-data-property': [ '1.1.4' ],
2254 silly audit   'has-property-descriptors': [ '1.0.2' ],
2254 silly audit   'object-keys': [ '1.1.1' ],
2254 silly audit   gopd: [ '1.2.0' ],
2254 silly audit   'array-buffer-byte-length': [ '1.0.2' ],
2254 silly audit   'arraybuffer.prototype.slice': [ '1.0.4' ],
2254 silly audit   'available-typed-arrays': [ '1.0.7' ],
2254 silly audit   'data-view-buffer': [ '1.0.2' ],
2254 silly audit   'data-view-byte-length': [ '1.0.2' ],
2254 silly audit   'data-view-byte-offset': [ '1.0.1' ],
2254 silly audit   'es-set-tostringtag': [ '2.1.0' ],
2254 silly audit   'es-to-primitive': [ '1.3.0' ],
2254 silly audit   'function.prototype.name': [ '1.1.8' ],
2254 silly audit   'get-proto': [ '1.0.1' ],
2254 silly audit   'get-symbol-description': [ '1.1.0' ],
2254 silly audit   globalthis: [ '1.0.4' ],
2254 silly audit   'has-proto': [ '1.2.0' ],
2254 silly audit   'has-symbols': [ '1.1.0' ],
2254 silly audit   'internal-slot': [ '1.1.0' ],
2254 silly audit   'is-array-buffer': [ '3.0.5' ],
2254 silly audit   'is-callable': [ '1.2.7' ],
2254 silly audit   'is-data-view': [ '1.0.2' ],
2254 silly audit   'is-negative-zero': [ '2.0.3' ],
2254 silly audit   'is-regex': [ '1.2.1' ],
2254 silly audit   'is-set': [ '2.0.3' ],
2254 silly audit   'is-shared-array-buffer': [ '1.0.4' ],
2254 silly audit   'is-typed-array': [ '1.1.15' ],
2254 silly audit   'is-weakref': [ '1.1.1' ],
2254 silly audit   'object-inspect': [ '1.13.4' ],
2254 silly audit   'object.assign': [ '4.1.7' ],
2254 silly audit   'own-keys': [ '1.0.1' ],
2254 silly audit   'regexp.prototype.flags': [ '1.5.4' ],
2254 silly audit   'safe-array-concat': [ '1.1.3' ],
2254 silly audit   'safe-push-apply': [ '1.0.0' ],
2254 silly audit   'safe-regex-test': [ '1.1.0' ],
2254 silly audit   'set-proto': [ '1.0.0' ],
2254 silly audit   'stop-iteration-iterator': [ '1.1.0' ],
2254 silly audit   'string.prototype.trim': [ '1.2.10' ],
2254 silly audit   'string.prototype.trimstart': [ '1.0.8' ],
2254 silly audit   'typed-array-buffer': [ '1.0.3' ],
2254 silly audit   'typed-array-byte-length': [ '1.0.3' ],
2254 silly audit   'typed-array-byte-offset': [ '1.0.4' ],
2254 silly audit   'typed-array-length': [ '1.0.7' ],
2254 silly audit   'unbox-primitive': [ '1.1.0' ],
2254 silly audit   'which-typed-array': [ '1.1.19' ],
2254 silly audit   'possible-typed-array-names': [ '1.1.0' ],
2254 silly audit   'has-tostringtag': [ '1.0.2' ],
2254 silly audit   'is-date-object': [ '1.1.0' ],
2254 silly audit   'is-symbol': [ '1.1.1' ],
2254 silly audit   'aria-query': [ '5.3.2' ],
2254 silly audit   'ast-types-flow': [ '0.0.8' ],
2254 silly audit   'axe-core': [ '4.11.1' ],
2254 silly audit   'axobject-query': [ '4.1.0' ],
2254 silly audit   'damerau-levenshtein': [ '1.0.8' ],
2254 silly audit   'emoji-regex': [ '9.2.2', '8.0.0' ],
2254 silly audit   'jsx-ast-utils': [ '3.3.5' ],
2254 silly audit   'language-tags': [ '1.0.9' ],
2254 silly audit   'string.prototype.includes': [ '2.0.1' ],
2254 silly audit   'array.prototype.findlast': [ '1.2.5' ],
2254 silly audit   'array.prototype.tosorted': [ '1.1.4' ],
2254 silly audit   'es-iterator-helpers': [ '1.2.2' ],
2254 silly audit   estraverse: [ '5.3.0' ],
2254 silly audit   'object.entries': [ '1.1.9' ],
2254 silly audit   'prop-types': [ '15.8.1' ],
2254 silly audit   'string.prototype.matchall': [ '4.0.12' ],
2254 silly audit   'string.prototype.repeat': [ '1.0.0' ],
2254 silly audit   'iterator.prototype': [ '1.1.5' ],
2254 silly audit   esrecurse: [ '4.3.0' ],
2254 silly audit   acorn: [ '8.15.0' ],
2254 silly audit   'acorn-jsx': [ '5.3.2' ],
2254 silly audit   reusify: [ '1.1.0' ],
2254 silly audit   'flat-cache': [ '3.2.0' ],
2254 silly audit   'locate-path': [ '6.0.0' ],
2254 silly audit   'path-exists': [ '4.0.0' ],
2254 silly audit   flatted: [ '3.3.3' ],
2254 silly audit   keyv: [ '4.5.4' ],
2254 silly audit   rimraf: [ '3.0.2' ],
2254 silly audit   'functions-have-names': [ '1.2.3' ],
2254 silly audit   'dunder-proto': [ '1.0.1' ],
2254 silly audit   'resolve-pkg-maps': [ '1.0.0' ],
2254 silly audit   'foreground-child': [ '3.3.1' ],
2254 silly audit   jackspeak: [ '2.3.6' ],
2254 silly audit   minipass: [ '7.1.2' ],
2254 silly audit   'path-scurry': [ '1.11.1' ],
2254 silly audit   'signal-exit': [ '4.1.0' ],
2254 silly audit   'type-fest': [ '0.20.2' ],
2254 silly audit   'array-union': [ '2.1.0' ],
2254 silly audit   'dir-glob': [ '3.0.1' ],
2254 silly audit   'fast-glob': [ '3.3.3' ],
2254 silly audit   merge2: [ '1.4.1' ],
2254 silly audit   slash: [ '3.0.0' ],
2254 silly audit   'path-type': [ '4.0.0' ],
2254 silly audit   micromatch: [ '4.0.8' ],
2254 silly audit   'parent-module': [ '1.0.1' ],
2254 silly audit   'resolve-from': [ '4.0.0' ],
2254 silly audit   'side-channel': [ '1.1.0' ],
2254 silly audit   'is-extglob': [ '2.1.1' ],
2254 silly audit   'set-function-name': [ '2.0.2' ],
2254 silly audit   '@isaacs/cliui': [ '8.0.2' ],
2254 silly audit   '@pkgjs/parseargs': [ '0.11.0' ],
2254 silly audit   'string-width': [ '5.1.2', '4.2.3' ],
2254 silly audit   'wrap-ansi': [ '8.1.0', '7.0.0' ],
2254 silly audit   argparse: [ '2.0.1' ],
2254 silly audit   'json-buffer': [ '3.0.1' ],
2254 silly audit   'language-subtag-registry': [ '0.3.23' ],
2254 silly audit   'prelude-ls': [ '1.2.1' ],
2254 silly audit   'type-check': [ '0.4.0' ],
2254 silly audit   'p-locate': [ '5.0.0' ],
2254 silly audit   braces: [ '3.0.3' ],
2254 silly audit   picomatch: [ '2.3.1', '4.0.3' ],
2254 silly audit   'fill-range': [ '7.1.1' ],
2254 silly audit   'to-regex-range': [ '5.0.1' ],
2254 silly audit   'brace-expansion': [ '1.1.12', '2.0.2' ],
2254 silly audit   'balanced-match': [ '1.0.2' ],
2254 silly audit   'concat-map': [ '0.0.1' ],
2254 silly audit   '@next/env': [ '16.1.1' ],
2254 silly audit   '@next/swc-darwin-arm64': [ '16.1.1' ],
2254 silly audit   '@next/swc-darwin-x64': [ '16.1.1' ],
2254 silly audit   '@next/swc-linux-arm64-gnu': [ '16.1.1' ],
2254 silly audit   '@next/swc-linux-arm64-musl': [ '16.1.1' ],
2254 silly audit   '@next/swc-linux-x64-gnu': [ '16.1.1' ],
2254 silly audit   '@next/swc-linux-x64-musl': [ '16.1.1' ],
2254 silly audit   '@next/swc-win32-arm64-msvc': [ '16.1.1' ],
2254 silly audit   '@next/swc-win32-x64-msvc': [ '16.1.1' ],
2254 silly audit   '@swc/helpers': [ '0.5.15' ],
2254 silly audit   'baseline-browser-mapping': [ '2.9.14' ],
2254 silly audit   'caniuse-lite': [ '1.0.30001764' ],
2254 silly audit   postcss: [ '8.4.31' ],
2254 silly audit   sharp: [ '0.34.5' ],
2254 silly audit   'styled-jsx': [ '5.1.6' ],
2254 silly audit   'deep-is': [ '0.1.4' ],
2254 silly audit   'fast-levenshtein': [ '2.0.6' ],
2254 silly audit   'word-wrap': [ '1.2.5' ],
2254 silly audit   'p-limit': [ '3.1.0' ],
2254 silly audit   'yocto-queue': [ '0.1.0' ],
2254 silly audit   callsites: [ '3.1.0' ],
2254 silly audit   'lru-cache': [ '10.4.3' ],
2254 silly audit   nanoid: [ '3.3.11' ],
2254 silly audit   picocolors: [ '1.1.1' ],
2254 silly audit   'source-map-js': [ '1.2.1' ],
2254 silly audit   'loose-envify': [ '1.4.0' ],
2254 silly audit   'object-assign': [ '4.1.1' ],
2254 silly audit   'react-is': [ '16.13.1' ],
2254 silly audit   'js-tokens': [ '4.0.0' ],
2254 silly audit   scheduler: [ '0.27.0' ],
2254 silly audit   'path-parse': [ '1.0.7' ],
2254 silly audit   'supports-preserve-symlinks-flag': [ '1.0.0' ],
2254 silly audit   'queue-microtask': [ '1.2.3' ],
2254 silly audit   isarray: [ '2.0.5' ],
2254 silly audit   '@img/colour': [ '1.0.0' ],
2254 silly audit   '@img/sharp-darwin-arm64': [ '0.34.5' ],
2254 silly audit   '@img/sharp-darwin-x64': [ '0.34.5' ],
2254 silly audit   '@img/sharp-libvips-darwin-arm64': [ '1.2.4' ],
2254 silly audit   '@img/sharp-libvips-darwin-x64': [ '1.2.4' ],
2254 silly audit   '@img/sharp-libvips-linux-arm': [ '1.2.4' ],
2254 silly audit   '@img/sharp-libvips-linux-arm64': [ '1.2.4' ],
2254 silly audit   '@img/sharp-libvips-linux-ppc64': [ '1.2.4' ],
2254 silly audit   '@img/sharp-libvips-linux-riscv64': [ '1.2.4' ],
2254 silly audit   '@img/sharp-libvips-linux-s390x': [ '1.2.4' ],
2254 silly audit   '@img/sharp-libvips-linux-x64': [ '1.2.4' ],
2254 silly audit   '@img/sharp-libvips-linuxmusl-arm64': [ '1.2.4' ],
2254 silly audit   '@img/sharp-libvips-linuxmusl-x64': [ '1.2.4' ],
2254 silly audit   '@img/sharp-linux-arm': [ '0.34.5' ],
2254 silly audit   '@img/sharp-linux-arm64': [ '0.34.5' ],
2254 silly audit   '@img/sharp-linux-ppc64': [ '0.34.5' ],
2254 silly audit   '@img/sharp-linux-riscv64': [ '0.34.5' ],
2254 silly audit   '@img/sharp-linux-s390x': [ '0.34.5' ],
2254 silly audit   '@img/sharp-linux-x64': [ '0.34.5' ],
2254 silly audit   '@img/sharp-linuxmusl-arm64': [ '0.34.5' ],
2254 silly audit   '@img/sharp-linuxmusl-x64': [ '0.34.5' ],
2254 silly audit   '@img/sharp-wasm32': [ '0.34.5' ],
2254 silly audit   '@img/sharp-win32-arm64': [ '0.34.5' ],
2254 silly audit   '@img/sharp-win32-ia32': [ '0.34.5' ],
2254 silly audit   '@img/sharp-win32-x64': [ '0.34.5' ],
2254 silly audit   'detect-libc': [ '2.1.2' ],
2254 silly audit   '@emnapi/runtime': [ '1.8.1' ],
2254 silly audit   'shebang-regex': [ '3.0.0' ],
2254 silly audit   'side-channel-list': [ '1.0.0' ],
2254 silly audit   'side-channel-map': [ '1.0.1' ],
2254 silly audit   'side-channel-weakmap': [ '1.0.2' ],
2254 silly audit   eastasianwidth: [ '0.2.0' ],
2254 silly audit   'is-fullwidth-code-point': [ '3.0.0' ],
2254 silly audit   'ansi-regex': [ '5.0.1', '6.2.2' ],
2254 silly audit   'client-only': [ '0.0.1' ],
2254 silly audit   'has-flag': [ '4.0.0' ],
2254 silly audit   fdir: [ '6.5.0' ],
2254 silly audit   'is-number': [ '7.0.0' ],
2254 silly audit   '@types/json5': [ '0.0.29' ],
2254 silly audit   json5: [ '1.0.2' ],
2254 silly audit   minimist: [ '1.2.8' ],
2254 silly audit   'strip-bom': [ '3.0.0' ],
2254 silly audit   'for-each': [ '0.3.5' ],
2254 silly audit   'reflect.getprototypeof': [ '1.0.10' ],
2254 silly audit   'which-builtin-type': [ '1.2.1' ],
2254 silly audit   'has-bigints': [ '1.1.0' ],
2254 silly audit   'which-boxed-primitive': [ '1.1.1' ],
2254 silly audit   '@unrs/resolver-binding-android-arm-eabi': [ '1.11.1' ],
2254 silly audit   '@unrs/resolver-binding-android-arm64': [ '1.11.1' ],
2254 silly audit   '@unrs/resolver-binding-darwin-arm64': [ '1.11.1' ],
2254 silly audit   '@unrs/resolver-binding-darwin-x64': [ '1.11.1' ],
2254 silly audit   '@unrs/resolver-binding-freebsd-x64': [ '1.11.1' ],
2254 silly audit   '@unrs/resolver-binding-linux-arm-gnueabihf': [ '1.11.1' ],
2254 silly audit   '@unrs/resolver-binding-linux-arm-musleabihf': [ '1.11.1' ],
2254 silly audit   '@unrs/resolver-binding-linux-arm64-gnu': [ '1.11.1' ],
2254 silly audit   '@unrs/resolver-binding-linux-arm64-musl': [ '1.11.1' ],
2254 silly audit   '@unrs/resolver-binding-linux-ppc64-gnu': [ '1.11.1' ],
2254 silly audit   '@unrs/resolver-binding-linux-riscv64-gnu': [ '1.11.1' ],
2254 silly audit   '@unrs/resolver-binding-linux-riscv64-musl': [ '1.11.1' ],
2254 silly audit   '@unrs/resolver-binding-linux-s390x-gnu': [ '1.11.1' ],
2254 silly audit   '@unrs/resolver-binding-linux-x64-gnu': [ '1.11.1' ],
2254 silly audit   '@unrs/resolver-binding-linux-x64-musl': [ '1.11.1' ],
2254 silly audit   '@unrs/resolver-binding-wasm32-wasi': [ '1.11.1' ],
2254 silly audit   '@unrs/resolver-binding-win32-arm64-msvc': [ '1.11.1' ],
2254 silly audit   '@unrs/resolver-binding-win32-ia32-msvc': [ '1.11.1' ],
2254 silly audit   '@unrs/resolver-binding-win32-x64-msvc': [ '1.11.1' ],
2254 silly audit   'napi-postinstall': [ '0.3.4' ],
2254 silly audit   '@napi-rs/wasm-runtime': [ '0.2.12' ],
2254 silly audit   '@emnapi/core': [ '1.8.1' ],
2254 silly audit   '@tybys/wasm-util': [ '0.10.1' ],
2254 silly audit   '@emnapi/wasi-threads': [ '1.1.0' ],
2254 silly audit   punycode: [ '2.3.1' ],
2254 silly audit   isexe: [ '2.0.0' ],
2254 silly audit   'is-bigint': [ '1.1.0' ],
2254 silly audit   'is-boolean-object': [ '1.2.2' ],
2254 silly audit   'is-number-object': [ '1.1.1' ],
2254 silly audit   'is-async-function': [ '2.1.1' ],
2254 silly audit   'is-finalizationregistry': [ '1.1.1' ],
2254 silly audit   'is-generator-function': [ '1.1.2' ],
2254 silly audit   'which-collection': [ '1.0.2' ],
2254 silly audit   'async-function': [ '1.0.0' ],
2254 silly audit   'generator-function': [ '2.0.1' ],
2254 silly audit   'is-map': [ '2.0.3' ],
2254 silly audit   'is-weakmap': [ '2.0.2' ],
2254 silly audit   'is-weakset': [ '2.0.4' ],
2254 silly audit   'fs.realpath': [ '1.0.0' ],
2254 silly audit   inflight: [ '1.0.6' ],
2254 silly audit   inherits: [ '2.0.4' ],
2254 silly audit   once: [ '1.4.0' ],
2254 silly audit   'path-is-absolute': [ '1.0.1' ],
2254 silly audit   wrappy: [ '1.0.2' ]
2254 silly audit }
2255 verbose reify failed optional dependency /Users/murilovieira/Documents/Projeto-Hexis/node_modules/@unrs/resolver-binding-win32-x64-msvc
2256 silly reify mark deleted [
2256 silly reify   '/Users/murilovieira/Documents/Projeto-Hexis/node_modules/@unrs/resolver-binding-win32-x64-msvc'
2256 silly reify ]
2257 verbose reify failed optional dependency /Users/murilovieira/Documents/Projeto-Hexis/node_modules/@unrs/resolver-binding-win32-ia32-msvc
2258 silly reify mark deleted [
2258 silly reify   '/Users/murilovieira/Documents/Projeto-Hexis/node_modules/@unrs/resolver-binding-win32-ia32-msvc'
2258 silly reify ]
2259 verbose reify failed optional dependency /Users/murilovieira/Documents/Projeto-Hexis/node_modules/@unrs/resolver-binding-win32-arm64-msvc
2260 silly reify mark deleted [
2260 silly reify   '/Users/murilovieira/Documents/Projeto-Hexis/node_modules/@unrs/resolver-binding-win32-arm64-msvc'
2260 silly reify ]
2261 verbose reify failed optional dependency /Users/murilovieira/Documents/Projeto-Hexis/node_modules/@unrs/resolver-binding-wasm32-wasi
2262 silly reify mark deleted [
2262 silly reify   '/Users/murilovieira/Documents/Projeto-Hexis/node_modules/@unrs/resolver-binding-wasm32-wasi'
2262 silly reify ]
2263 verbose reify failed optional dependency /Users/murilovieira/Documents/Projeto-Hexis/node_modules/@napi-rs/wasm-runtime
2264 silly reify mark deleted [
2264 silly reify   '/Users/murilovieira/Documents/Projeto-Hexis/node_modules/@napi-rs/wasm-runtime'
2264 silly reify ]
2265 verbose reify failed optional dependency /Users/murilovieira/Documents/Projeto-Hexis/node_modules/@emnapi/core
2266 silly reify mark deleted [
2266 silly reify   '/Users/murilovieira/Documents/Projeto-Hexis/node_modules/@emnapi/core'
2266 silly reify ]
2267 verbose reify failed optional dependency /Users/murilovieira/Documents/Projeto-Hexis/node_modules/@tybys/wasm-util
2268 silly reify mark deleted [
2268 silly reify   '/Users/murilovieira/Documents/Projeto-Hexis/node_modules/@tybys/wasm-util'
2268 silly reify ]
2269 verbose reify failed optional dependency /Users/murilovieira/Documents/Projeto-Hexis/node_modules/@emnapi/wasi-threads
2270 silly reify mark deleted [
2270 silly reify   '/Users/murilovieira/Documents/Projeto-Hexis/node_modules/@emnapi/wasi-threads'
2270 silly reify ]
2271 verbose reify failed optional dependency /Users/murilovieira/Documents/Projeto-Hexis/node_modules/@unrs/resolver-binding-linux-x64-musl
2272 silly reify mark deleted [
2272 silly reify   '/Users/murilovieira/Documents/Projeto-Hexis/node_modules/@unrs/resolver-binding-linux-x64-musl'
2272 silly reify ]
2273 verbose reify failed optional dependency /Users/murilovieira/Documents/Projeto-Hexis/node_modules/@unrs/resolver-binding-linux-x64-gnu
2274 silly reify mark deleted [
2274 silly reify   '/Users/murilovieira/Documents/Projeto-Hexis/node_modules/@unrs/resolver-binding-linux-x64-gnu'
2274 silly reify ]
2275 verbose reify failed optional dependency /Users/murilovieira/Documents/Projeto-Hexis/node_modules/@unrs/resolver-binding-linux-s390x-gnu
2276 silly reify mark deleted [
2276 silly reify   '/Users/murilovieira/Documents/Projeto-Hexis/node_modules/@unrs/resolver-binding-linux-s390x-gnu'
2276 silly reify ]
2277 verbose reify failed optional dependency /Users/murilovieira/Documents/Projeto-Hexis/node_modules/@unrs/resolver-binding-linux-riscv64-musl
2278 silly reify mark deleted [
2278 silly reify   '/Users/murilovieira/Documents/Projeto-Hexis/node_modules/@unrs/resolver-binding-linux-riscv64-musl'
2278 silly reify ]
2279 verbose reify failed optional dependency /Users/murilovieira/Documents/Projeto-Hexis/node_modules/@unrs/resolver-binding-linux-riscv64-gnu
2280 silly reify mark deleted [
2280 silly reify   '/Users/murilovieira/Documents/Projeto-Hexis/node_modules/@unrs/resolver-binding-linux-riscv64-gnu'
2280 silly reify ]
2281 verbose reify failed optional dependency /Users/murilovieira/Documents/Projeto-Hexis/node_modules/@unrs/resolver-binding-linux-ppc64-gnu
2282 silly reify mark deleted [
2282 silly reify   '/Users/murilovieira/Documents/Projeto-Hexis/node_modules/@unrs/resolver-binding-linux-ppc64-gnu'
2282 silly reify ]
2283 verbose reify failed optional dependency /Users/murilovieira/Documents/Projeto-Hexis/node_modules/@unrs/resolver-binding-linux-arm64-musl
2284 silly reify mark deleted [
2284 silly reify   '/Users/murilovieira/Documents/Projeto-Hexis/node_modules/@unrs/resolver-binding-linux-arm64-musl'
2284 silly reify ]
2285 verbose reify failed optional dependency /Users/murilovieira/Documents/Projeto-Hexis/node_modules/@unrs/resolver-binding-linux-arm64-gnu
2286 silly reify mark deleted [
2286 silly reify   '/Users/murilovieira/Documents/Projeto-Hexis/node_modules/@unrs/resolver-binding-linux-arm64-gnu'
2286 silly reify ]
2287 verbose reify failed optional dependency /Users/murilovieira/Documents/Projeto-Hexis/node_modules/@unrs/resolver-binding-linux-arm-musleabihf
2288 silly reify mark deleted [
2288 silly reify   '/Users/murilovieira/Documents/Projeto-Hexis/node_modules/@unrs/resolver-binding-linux-arm-musleabihf'
2288 silly reify ]
2289 verbose reify failed optional dependency /Users/murilovieira/Documents/Projeto-Hexis/node_modules/@unrs/resolver-binding-linux-arm-gnueabihf
2290 silly reify mark deleted [
2290 silly reify   '/Users/murilovieira/Documents/Projeto-Hexis/node_modules/@unrs/resolver-binding-linux-arm-gnueabihf'
2290 silly reify ]
2291 verbose reify failed optional dependency /Users/murilovieira/Documents/Projeto-Hexis/node_modules/@unrs/resolver-binding-freebsd-x64
2292 silly reify mark deleted [
2292 silly reify   '/Users/murilovieira/Documents/Projeto-Hexis/node_modules/@unrs/resolver-binding-freebsd-x64'
2292 silly reify ]
2293 verbose reify failed optional dependency /Users/murilovieira/Documents/Projeto-Hexis/node_modules/@unrs/resolver-binding-darwin-x64
2294 silly reify mark deleted [
2294 silly reify   '/Users/murilovieira/Documents/Projeto-Hexis/node_modules/@unrs/resolver-binding-darwin-x64'
2294 silly reify ]
2295 verbose reify failed optional dependency /Users/murilovieira/Documents/Projeto-Hexis/node_modules/@unrs/resolver-binding-android-arm64
2296 silly reify mark deleted [
2296 silly reify   '/Users/murilovieira/Documents/Projeto-Hexis/node_modules/@unrs/resolver-binding-android-arm64'
2296 silly reify ]
2297 verbose reify failed optional dependency /Users/murilovieira/Documents/Projeto-Hexis/node_modules/@unrs/resolver-binding-android-arm-eabi
2298 silly reify mark deleted [
2298 silly reify   '/Users/murilovieira/Documents/Projeto-Hexis/node_modules/@unrs/resolver-binding-android-arm-eabi'
2298 silly reify ]
2299 verbose reify failed optional dependency /Users/murilovieira/Documents/Projeto-Hexis/node_modules/@img/sharp-win32-x64
2300 silly reify mark deleted [
2300 silly reify   '/Users/murilovieira/Documents/Projeto-Hexis/node_modules/@img/sharp-win32-x64'
2300 silly reify ]
2301 verbose reify failed optional dependency /Users/murilovieira/Documents/Projeto-Hexis/node_modules/@img/sharp-win32-ia32
2302 silly reify mark deleted [
2302 silly reify   '/Users/murilovieira/Documents/Projeto-Hexis/node_modules/@img/sharp-win32-ia32'
2302 silly reify ]
2303 verbose reify failed optional dependency /Users/murilovieira/Documents/Projeto-Hexis/node_modules/@img/sharp-win32-arm64
2304 silly reify mark deleted [
2304 silly reify   '/Users/murilovieira/Documents/Projeto-Hexis/node_modules/@img/sharp-win32-arm64'
2304 silly reify ]
2305 verbose reify failed optional dependency /Users/murilovieira/Documents/Projeto-Hexis/node_modules/@img/sharp-wasm32
2306 silly reify mark deleted [
2306 silly reify   '/Users/murilovieira/Documents/Projeto-Hexis/node_modules/@img/sharp-wasm32'
2306 silly reify ]
2307 verbose reify failed optional dependency /Users/murilovieira/Documents/Projeto-Hexis/node_modules/@img/sharp-linuxmusl-x64
2308 silly reify mark deleted [
2308 silly reify   '/Users/murilovieira/Documents/Projeto-Hexis/node_modules/@img/sharp-linuxmusl-x64'
2308 silly reify ]
2309 verbose reify failed optional dependency /Users/murilovieira/Documents/Projeto-Hexis/node_modules/@img/sharp-linuxmusl-arm64
2310 silly reify mark deleted [
2310 silly reify   '/Users/murilovieira/Documents/Projeto-Hexis/node_modules/@img/sharp-linuxmusl-arm64'
2310 silly reify ]
2311 verbose reify failed optional dependency /Users/murilovieira/Documents/Projeto-Hexis/node_modules/@img/sharp-linux-x64
2312 silly reify mark deleted [
2312 silly reify   '/Users/murilovieira/Documents/Projeto-Hexis/node_modules/@img/sharp-linux-x64'
2312 silly reify ]
2313 verbose reify failed optional dependency /Users/murilovieira/Documents/Projeto-Hexis/node_modules/@img/sharp-linux-s390x
2314 silly reify mark deleted [
2314 silly reify   '/Users/murilovieira/Documents/Projeto-Hexis/node_modules/@img/sharp-linux-s390x'
2314 silly reify ]
2315 verbose reify failed optional dependency /Users/murilovieira/Documents/Projeto-Hexis/node_modules/@img/sharp-linux-riscv64
2316 silly reify mark deleted [
2316 silly reify   '/Users/murilovieira/Documents/Projeto-Hexis/node_modules/@img/sharp-linux-riscv64'
2316 silly reify ]
2317 verbose reify failed optional dependency /Users/murilovieira/Documents/Projeto-Hexis/node_modules/@img/sharp-linux-ppc64
2318 silly reify mark deleted [
2318 silly reify   '/Users/murilovieira/Documents/Projeto-Hexis/node_modules/@img/sharp-linux-ppc64'
2318 silly reify ]
2319 verbose reify failed optional dependency /Users/murilovieira/Documents/Projeto-Hexis/node_modules/@img/sharp-linux-arm64
2320 silly reify mark deleted [
2320 silly reify   '/Users/murilovieira/Documents/Projeto-Hexis/node_modules/@img/sharp-linux-arm64'
2320 silly reify ]
2321 verbose reify failed optional dependency /Users/murilovieira/Documents/Projeto-Hexis/node_modules/@img/sharp-linux-arm
2322 silly reify mark deleted [
2322 silly reify   '/Users/murilovieira/Documents/Projeto-Hexis/node_modules/@img/sharp-linux-arm'
2322 silly reify ]
2323 verbose reify failed optional dependency /Users/murilovieira/Documents/Projeto-Hexis/node_modules/@img/sharp-libvips-linuxmusl-x64
2324 silly reify mark deleted [
2324 silly reify   '/Users/murilovieira/Documents/Projeto-Hexis/node_modules/@img/sharp-libvips-linuxmusl-x64'
2324 silly reify ]
2325 verbose reify failed optional dependency /Users/murilovieira/Documents/Projeto-Hexis/node_modules/@img/sharp-libvips-linuxmusl-arm64
2326 silly reify mark deleted [
2326 silly reify   '/Users/murilovieira/Documents/Projeto-Hexis/node_modules/@img/sharp-libvips-linuxmusl-arm64'
2326 silly reify ]
2327 verbose reify failed optional dependency /Users/murilovieira/Documents/Projeto-Hexis/node_modules/@img/sharp-libvips-linux-x64
2328 silly reify mark deleted [
2328 silly reify   '/Users/murilovieira/Documents/Projeto-Hexis/node_modules/@img/sharp-libvips-linux-x64'
2328 silly reify ]
2329 verbose reify failed optional dependency /Users/murilovieira/Documents/Projeto-Hexis/node_modules/@img/sharp-libvips-linux-s390x
2330 silly reify mark deleted [
2330 silly reify   '/Users/murilovieira/Documents/Projeto-Hexis/node_modules/@img/sharp-libvips-linux-s390x'
2330 silly reify ]
2331 verbose reify failed optional dependency /Users/murilovieira/Documents/Projeto-Hexis/node_modules/@img/sharp-libvips-linux-riscv64
2332 silly reify mark deleted [
2332 silly reify   '/Users/murilovieira/Documents/Projeto-Hexis/node_modules/@img/sharp-libvips-linux-riscv64'
2332 silly reify ]
2333 verbose reify failed optional dependency /Users/murilovieira/Documents/Projeto-Hexis/node_modules/@img/sharp-libvips-linux-ppc64
2334 silly reify mark deleted [
2334 silly reify   '/Users/murilovieira/Documents/Projeto-Hexis/node_modules/@img/sharp-libvips-linux-ppc64'
2334 silly reify ]
2335 verbose reify failed optional dependency /Users/murilovieira/Documents/Projeto-Hexis/node_modules/@img/sharp-libvips-linux-arm64
2336 silly reify mark deleted [
2336 silly reify   '/Users/murilovieira/Documents/Projeto-Hexis/node_modules/@img/sharp-libvips-linux-arm64'
2336 silly reify ]
2337 verbose reify failed optional dependency /Users/murilovieira/Documents/Projeto-Hexis/node_modules/@img/sharp-libvips-linux-arm
2338 silly reify mark deleted [
2338 silly reify   '/Users/murilovieira/Documents/Projeto-Hexis/node_modules/@img/sharp-libvips-linux-arm'
2338 silly reify ]
2339 verbose reify failed optional dependency /Users/murilovieira/Documents/Projeto-Hexis/node_modules/@img/sharp-libvips-darwin-x64
2340 silly reify mark deleted [
2340 silly reify   '/Users/murilovieira/Documents/Projeto-Hexis/node_modules/@img/sharp-libvips-darwin-x64'
2340 silly reify ]
2341 verbose reify failed optional dependency /Users/murilovieira/Documents/Projeto-Hexis/node_modules/@img/sharp-darwin-x64
2342 silly reify mark deleted [
2342 silly reify   '/Users/murilovieira/Documents/Projeto-Hexis/node_modules/@img/sharp-darwin-x64'
2342 silly reify ]
2343 verbose reify failed optional dependency /Users/murilovieira/Documents/Projeto-Hexis/node_modules/@next/swc-win32-x64-msvc
2344 silly reify mark deleted [
2344 silly reify   '/Users/murilovieira/Documents/Projeto-Hexis/node_modules/@next/swc-win32-x64-msvc'
2344 silly reify ]
2345 verbose reify failed optional dependency /Users/murilovieira/Documents/Projeto-Hexis/node_modules/@next/swc-win32-arm64-msvc
2346 silly reify mark deleted [
2346 silly reify   '/Users/murilovieira/Documents/Projeto-Hexis/node_modules/@next/swc-win32-arm64-msvc'
2346 silly reify ]
2347 verbose reify failed optional dependency /Users/murilovieira/Documents/Projeto-Hexis/node_modules/@next/swc-linux-x64-musl
2348 silly reify mark deleted [
2348 silly reify   '/Users/murilovieira/Documents/Projeto-Hexis/node_modules/@next/swc-linux-x64-musl'
2348 silly reify ]
2349 verbose reify failed optional dependency /Users/murilovieira/Documents/Projeto-Hexis/node_modules/@next/swc-linux-x64-gnu
2350 silly reify mark deleted [
2350 silly reify   '/Users/murilovieira/Documents/Projeto-Hexis/node_modules/@next/swc-linux-x64-gnu'
2350 silly reify ]
2351 verbose reify failed optional dependency /Users/murilovieira/Documents/Projeto-Hexis/node_modules/@next/swc-linux-arm64-musl
2352 silly reify mark deleted [
2352 silly reify   '/Users/murilovieira/Documents/Projeto-Hexis/node_modules/@next/swc-linux-arm64-musl'
2352 silly reify ]
2353 verbose reify failed optional dependency /Users/murilovieira/Documents/Projeto-Hexis/node_modules/@next/swc-linux-arm64-gnu
2354 silly reify mark deleted [
2354 silly reify   '/Users/murilovieira/Documents/Projeto-Hexis/node_modules/@next/swc-linux-arm64-gnu'
2354 silly reify ]
2355 verbose reify failed optional dependency /Users/murilovieira/Documents/Projeto-Hexis/node_modules/@next/swc-darwin-x64
2356 silly reify mark deleted [
2356 silly reify   '/Users/murilovieira/Documents/Projeto-Hexis/node_modules/@next/swc-darwin-x64'
2356 silly reify ]
2357 http cache wrappy@https://registry.npmjs.org/wrappy/-/wrappy-1.0.2.tgz 0ms (cache hit)
2358 http cache path-is-absolute@https://registry.npmjs.org/path-is-absolute/-/path-is-absolute-1.0.1.tgz 0ms (cache hit)
2359 http cache once@https://registry.npmjs.org/once/-/once-1.4.0.tgz 0ms (cache hit)
2360 http cache inherits@https://registry.npmjs.org/inherits/-/inherits-2.0.4.tgz 0ms (cache hit)
2361 http cache is-weakset@https://registry.npmjs.org/is-weakset/-/is-weakset-2.0.4.tgz 0ms (cache hit)
2362 http cache fs.realpath@https://registry.npmjs.org/fs.realpath/-/fs.realpath-1.0.0.tgz 0ms (cache hit)
2363 http cache is-map@https://registry.npmjs.org/is-map/-/is-map-2.0.3.tgz 0ms (cache hit)
2364 http cache is-weakmap@https://registry.npmjs.org/is-weakmap/-/is-weakmap-2.0.2.tgz 0ms (cache hit)
2365 http cache inflight@https://registry.npmjs.org/inflight/-/inflight-1.0.6.tgz 0ms (cache hit)
2366 http cache generator-function@https://registry.npmjs.org/generator-function/-/generator-function-2.0.1.tgz 0ms (cache hit)
2367 http cache async-function@https://registry.npmjs.org/async-function/-/async-function-1.0.0.tgz 0ms (cache hit)
2368 http cache is-finalizationregistry@https://registry.npmjs.org/is-finalizationregistry/-/is-finalizationregistry-1.1.1.tgz 0ms (cache hit)
2369 http cache is-generator-function@https://registry.npmjs.org/is-generator-function/-/is-generator-function-1.1.2.tgz 0ms (cache hit)
2370 http cache is-number-object@https://registry.npmjs.org/is-number-object/-/is-number-object-1.1.1.tgz 0ms (cache hit)
2371 http cache which-collection@https://registry.npmjs.org/which-collection/-/which-collection-1.0.2.tgz 0ms (cache hit)
2372 http cache is-async-function@https://registry.npmjs.org/is-async-function/-/is-async-function-2.1.1.tgz 0ms (cache hit)
2373 http cache isexe@https://registry.npmjs.org/isexe/-/isexe-2.0.0.tgz 0ms (cache hit)
2374 http cache punycode@https://registry.npmjs.org/punycode/-/punycode-2.3.1.tgz 0ms (cache hit)
2375 http cache is-boolean-object@https://registry.npmjs.org/is-boolean-object/-/is-boolean-object-1.2.2.tgz 0ms (cache hit)
2376 http cache is-bigint@https://registry.npmjs.org/is-bigint/-/is-bigint-1.1.0.tgz 0ms (cache hit)
2377 http cache @tybys/wasm-util@https://registry.npmjs.org/@tybys/wasm-util/-/wasm-util-0.10.1.tgz 0ms (cache hit)
2378 http cache @emnapi/core@https://registry.npmjs.org/@emnapi/core/-/core-1.8.1.tgz 0ms (cache hit)
2379 http cache @emnapi/wasi-threads@https://registry.npmjs.org/@emnapi/wasi-threads/-/wasi-threads-1.1.0.tgz 0ms (cache hit)
2380 http cache napi-postinstall@https://registry.npmjs.org/napi-postinstall/-/napi-postinstall-0.3.4.tgz 0ms (cache hit)
2381 http cache @unrs/resolver-binding-darwin-arm64@https://registry.npmjs.org/@unrs/resolver-binding-darwin-arm64/-/resolver-binding-darwin-arm64-1.11.1.tgz 0ms (cache hit)
2382 http cache @napi-rs/wasm-runtime@https://registry.npmjs.org/@napi-rs/wasm-runtime/-/wasm-runtime-0.2.12.tgz 0ms (cache hit)
2383 http cache has-bigints@https://registry.npmjs.org/has-bigints/-/has-bigints-1.1.0.tgz 0ms (cache hit)
2384 http cache which-boxed-primitive@https://registry.npmjs.org/which-boxed-primitive/-/which-boxed-primitive-1.1.1.tgz 0ms (cache hit)
2385 http cache reflect.getprototypeof@https://registry.npmjs.org/reflect.getprototypeof/-/reflect.getprototypeof-1.0.10.tgz 0ms (cache hit)
2386 http cache which-builtin-type@https://registry.npmjs.org/which-builtin-type/-/which-builtin-type-1.2.1.tgz 0ms (cache hit)
2387 http cache strip-bom@https://registry.npmjs.org/strip-bom/-/strip-bom-3.0.0.tgz 0ms (cache hit)
2388 http cache for-each@https://registry.npmjs.org/for-each/-/for-each-0.3.5.tgz 0ms (cache hit)
2389 http cache json5@https://registry.npmjs.org/json5/-/json5-1.0.2.tgz 0ms (cache hit)
2390 http cache minimist@https://registry.npmjs.org/minimist/-/minimist-1.2.8.tgz 0ms (cache hit)
2391 http cache is-number@https://registry.npmjs.org/is-number/-/is-number-7.0.0.tgz 0ms (cache hit)
2392 http cache ansi-regex@https://registry.npmjs.org/ansi-regex/-/ansi-regex-5.0.1.tgz 0ms (cache hit)
2393 http cache client-only@https://registry.npmjs.org/client-only/-/client-only-0.0.1.tgz 0ms (cache hit)
2394 http cache is-fullwidth-code-point@https://registry.npmjs.org/is-fullwidth-code-point/-/is-fullwidth-code-point-3.0.0.tgz 0ms (cache hit)
2395 http cache eastasianwidth@https://registry.npmjs.org/eastasianwidth/-/eastasianwidth-0.2.0.tgz 0ms (cache hit)
2396 http cache side-channel-weakmap@https://registry.npmjs.org/side-channel-weakmap/-/side-channel-weakmap-1.0.2.tgz 0ms (cache hit)
2397 http cache side-channel-map@https://registry.npmjs.org/side-channel-map/-/side-channel-map-1.0.1.tgz 0ms (cache hit)
2398 http cache @types/json5@https://registry.npmjs.org/@types/json5/-/json5-0.0.29.tgz 0ms (cache hit)
2399 http cache @emnapi/runtime@https://registry.npmjs.org/@emnapi/runtime/-/runtime-1.8.1.tgz 0ms (cache hit)
2400 http cache detect-libc@https://registry.npmjs.org/detect-libc/-/detect-libc-2.1.2.tgz 0ms (cache hit)
2401 http cache side-channel-list@https://registry.npmjs.org/side-channel-list/-/side-channel-list-1.0.0.tgz 0ms (cache hit)
2402 http cache @img/sharp-libvips-darwin-arm64@https://registry.npmjs.org/@img/sharp-libvips-darwin-arm64/-/sharp-libvips-darwin-arm64-1.2.4.tgz 0ms (cache hit)
2403 http cache @img/sharp-darwin-arm64@https://registry.npmjs.org/@img/sharp-darwin-arm64/-/sharp-darwin-arm64-0.34.5.tgz 0ms (cache hit)
2404 http cache @img/colour@https://registry.npmjs.org/@img/colour/-/colour-1.0.0.tgz 0ms (cache hit)
2405 http cache isarray@https://registry.npmjs.org/isarray/-/isarray-2.0.5.tgz 0ms (cache hit)
2406 http cache queue-microtask@https://registry.npmjs.org/queue-microtask/-/queue-microtask-1.2.3.tgz 0ms (cache hit)
2407 http cache scheduler@https://registry.npmjs.org/scheduler/-/scheduler-0.27.0.tgz 0ms (cache hit)
2408 http cache js-tokens@https://registry.npmjs.org/js-tokens/-/js-tokens-4.0.0.tgz 0ms (cache hit)
2409 http cache path-parse@https://registry.npmjs.org/path-parse/-/path-parse-1.0.7.tgz 0ms (cache hit)
2410 http cache supports-preserve-symlinks-flag@https://registry.npmjs.org/supports-preserve-symlinks-flag/-/supports-preserve-symlinks-flag-1.0.0.tgz 0ms (cache hit)
2411 http cache react-is@https://registry.npmjs.org/react-is/-/react-is-16.13.1.tgz 0ms (cache hit)
2412 http cache object-assign@https://registry.npmjs.org/object-assign/-/object-assign-4.1.1.tgz 0ms (cache hit)
2413 http cache loose-envify@https://registry.npmjs.org/loose-envify/-/loose-envify-1.4.0.tgz 0ms (cache hit)
2414 http cache picocolors@https://registry.npmjs.org/picocolors/-/picocolors-1.1.1.tgz 0ms (cache hit)
2415 http cache has-flag@https://registry.npmjs.org/has-flag/-/has-flag-4.0.0.tgz 0ms (cache hit)
2416 http cache source-map-js@https://registry.npmjs.org/source-map-js/-/source-map-js-1.2.1.tgz 0ms (cache hit)
2417 http cache p-limit@https://registry.npmjs.org/p-limit/-/p-limit-3.1.0.tgz 0ms (cache hit)
2418 http cache callsites@https://registry.npmjs.org/callsites/-/callsites-3.1.0.tgz 0ms (cache hit)
2419 http cache lru-cache@https://registry.npmjs.org/lru-cache/-/lru-cache-10.4.3.tgz 0ms (cache hit)
2420 http cache nanoid@https://registry.npmjs.org/nanoid/-/nanoid-3.3.11.tgz 0ms (cache hit)
2421 http cache word-wrap@https://registry.npmjs.org/word-wrap/-/word-wrap-1.2.5.tgz 0ms (cache hit)
2422 http cache fast-levenshtein@https://registry.npmjs.org/fast-levenshtein/-/fast-levenshtein-2.0.6.tgz 0ms (cache hit)
2423 http cache deep-is@https://registry.npmjs.org/deep-is/-/deep-is-0.1.4.tgz 0ms (cache hit)
2424 http cache styled-jsx@https://registry.npmjs.org/styled-jsx/-/styled-jsx-5.1.6.tgz 0ms (cache hit)
2425 http cache sharp@https://registry.npmjs.org/sharp/-/sharp-0.34.5.tgz 0ms (cache hit)
2426 http cache postcss@https://registry.npmjs.org/postcss/-/postcss-8.4.31.tgz 0ms (cache hit)
2427 http cache caniuse-lite@https://registry.npmjs.org/caniuse-lite/-/caniuse-lite-1.0.30001764.tgz 0ms (cache hit)
2428 http cache baseline-browser-mapping@https://registry.npmjs.org/baseline-browser-mapping/-/baseline-browser-mapping-2.9.14.tgz 0ms (cache hit)
2429 http cache @swc/helpers@https://registry.npmjs.org/@swc/helpers/-/helpers-0.5.15.tgz 0ms (cache hit)
2430 http cache @next/swc-darwin-arm64@https://registry.npmjs.org/@next/swc-darwin-arm64/-/swc-darwin-arm64-16.1.1.tgz 0ms (cache hit)
2431 http cache @next/env@https://registry.npmjs.org/@next/env/-/env-16.1.1.tgz 0ms (cache hit)
2432 http cache concat-map@https://registry.npmjs.org/concat-map/-/concat-map-0.0.1.tgz 0ms (cache hit)
2433 http cache balanced-match@https://registry.npmjs.org/balanced-match/-/balanced-match-1.0.2.tgz 0ms (cache hit)
2434 http cache brace-expansion@https://registry.npmjs.org/brace-expansion/-/brace-expansion-1.1.12.tgz 0ms (cache hit)
2435 http cache to-regex-range@https://registry.npmjs.org/to-regex-range/-/to-regex-range-5.0.1.tgz 0ms (cache hit)
2436 http cache fill-range@https://registry.npmjs.org/fill-range/-/fill-range-7.1.1.tgz 0ms (cache hit)
2437 http cache picomatch@https://registry.npmjs.org/picomatch/-/picomatch-2.3.1.tgz 0ms (cache hit)
2438 http cache yocto-queue@https://registry.npmjs.org/yocto-queue/-/yocto-queue-0.1.0.tgz 0ms (cache hit)
2439 http cache braces@https://registry.npmjs.org/braces/-/braces-3.0.3.tgz 0ms (cache hit)
2440 http cache p-locate@https://registry.npmjs.org/p-locate/-/p-locate-5.0.0.tgz 0ms (cache hit)
2441 http cache type-check@https://registry.npmjs.org/type-check/-/type-check-0.4.0.tgz 0ms (cache hit)
2442 http cache prelude-ls@https://registry.npmjs.org/prelude-ls/-/prelude-ls-1.2.1.tgz 0ms (cache hit)
2443 http cache shebang-regex@https://registry.npmjs.org/shebang-regex/-/shebang-regex-3.0.0.tgz 0ms (cache hit)
2444 http cache argparse@https://registry.npmjs.org/argparse/-/argparse-2.0.1.tgz 0ms (cache hit)
2445 http cache json-buffer@https://registry.npmjs.org/json-buffer/-/json-buffer-3.0.1.tgz 0ms (cache hit)
2446 http cache wrap-ansi-cjs@https://registry.npmjs.org/wrap-ansi/-/wrap-ansi-7.0.0.tgz 0ms (cache hit)
2447 http cache strip-ansi-cjs@https://registry.npmjs.org/strip-ansi/-/strip-ansi-6.0.1.tgz 0ms (cache hit)
2448 http cache wrap-ansi@https://registry.npmjs.org/wrap-ansi/-/wrap-ansi-8.1.0.tgz 0ms (cache hit)
2449 http cache string-width@https://registry.npmjs.org/string-width/-/string-width-5.1.2.tgz 0ms (cache hit)
2450 http cache string-width-cjs@https://registry.npmjs.org/string-width/-/string-width-4.2.3.tgz 0ms (cache hit)
2451 http cache @pkgjs/parseargs@https://registry.npmjs.org/@pkgjs/parseargs/-/parseargs-0.11.0.tgz 0ms (cache hit)
2452 http cache set-function-name@https://registry.npmjs.org/set-function-name/-/set-function-name-2.0.2.tgz 0ms (cache hit)
2453 http cache is-extglob@https://registry.npmjs.org/is-extglob/-/is-extglob-2.1.1.tgz 0ms (cache hit)
2454 http cache @isaacs/cliui@https://registry.npmjs.org/@isaacs/cliui/-/cliui-8.0.2.tgz 0ms (cache hit)
2455 http cache side-channel@https://registry.npmjs.org/side-channel/-/side-channel-1.1.0.tgz 0ms (cache hit)
2456 http cache parent-module@https://registry.npmjs.org/parent-module/-/parent-module-1.0.1.tgz 0ms (cache hit)
2457 http cache resolve-from@https://registry.npmjs.org/resolve-from/-/resolve-from-4.0.0.tgz 0ms (cache hit)
2458 http cache path-type@https://registry.npmjs.org/path-type/-/path-type-4.0.0.tgz 0ms (cache hit)
2459 http cache micromatch@https://registry.npmjs.org/micromatch/-/micromatch-4.0.8.tgz 0ms (cache hit)
2460 http cache slash@https://registry.npmjs.org/slash/-/slash-3.0.0.tgz 0ms (cache hit)
2461 http cache merge2@https://registry.npmjs.org/merge2/-/merge2-1.4.1.tgz 0ms (cache hit)
2462 http cache dir-glob@https://registry.npmjs.org/dir-glob/-/dir-glob-3.0.1.tgz 0ms (cache hit)
2463 http cache fast-glob@https://registry.npmjs.org/fast-glob/-/fast-glob-3.3.3.tgz 0ms (cache hit)
2464 http cache array-union@https://registry.npmjs.org/array-union/-/array-union-2.1.0.tgz 0ms (cache hit)
2465 http cache type-fest@https://registry.npmjs.org/type-fest/-/type-fest-0.20.2.tgz 0ms (cache hit)
2466 http cache signal-exit@https://registry.npmjs.org/signal-exit/-/signal-exit-4.1.0.tgz 0ms (cache hit)
2467 http cache path-scurry@https://registry.npmjs.org/path-scurry/-/path-scurry-1.11.1.tgz 0ms (cache hit)
2468 http cache minipass@https://registry.npmjs.org/minipass/-/minipass-7.1.2.tgz 0ms (cache hit)
2469 http cache jackspeak@https://registry.npmjs.org/jackspeak/-/jackspeak-2.3.6.tgz 0ms (cache hit)
2470 http cache language-subtag-registry@https://registry.npmjs.org/language-subtag-registry/-/language-subtag-registry-0.3.23.tgz 0ms (cache hit)
2471 http cache foreground-child@https://registry.npmjs.org/foreground-child/-/foreground-child-3.3.1.tgz 0ms (cache hit)
2472 http cache dunder-proto@https://registry.npmjs.org/dunder-proto/-/dunder-proto-1.0.1.tgz 0ms (cache hit)
2473 http cache rimraf@https://registry.npmjs.org/rimraf/-/rimraf-3.0.2.tgz 0ms (cache hit)
2474 http cache functions-have-names@https://registry.npmjs.org/functions-have-names/-/functions-have-names-1.2.3.tgz 0ms (cache hit)
2475 http cache resolve-pkg-maps@https://registry.npmjs.org/resolve-pkg-maps/-/resolve-pkg-maps-1.0.0.tgz 0ms (cache hit)
2476 http cache keyv@https://registry.npmjs.org/keyv/-/keyv-4.5.4.tgz 0ms (cache hit)
2477 http cache flatted@https://registry.npmjs.org/flatted/-/flatted-3.3.3.tgz 0ms (cache hit)
2478 http cache path-exists@https://registry.npmjs.org/path-exists/-/path-exists-4.0.0.tgz 0ms (cache hit)
2479 http cache flat-cache@https://registry.npmjs.org/flat-cache/-/flat-cache-3.2.0.tgz 0ms (cache hit)
2480 http cache locate-path@https://registry.npmjs.org/locate-path/-/locate-path-6.0.0.tgz 0ms (cache hit)
2481 http cache reusify@https://registry.npmjs.org/reusify/-/reusify-1.1.0.tgz 0ms (cache hit)
2482 http cache acorn-jsx@https://registry.npmjs.org/acorn-jsx/-/acorn-jsx-5.3.2.tgz 0ms (cache hit)
2483 http cache acorn@https://registry.npmjs.org/acorn/-/acorn-8.15.0.tgz 0ms (cache hit)
2484 http cache iterator.prototype@https://registry.npmjs.org/iterator.prototype/-/iterator.prototype-1.1.5.tgz 0ms (cache hit)
2485 http cache esrecurse@https://registry.npmjs.org/esrecurse/-/esrecurse-4.3.0.tgz 0ms (cache hit)
2486 http cache string.prototype.repeat@https://registry.npmjs.org/string.prototype.repeat/-/string.prototype.repeat-1.0.0.tgz 0ms (cache hit)
2487 http cache string.prototype.matchall@https://registry.npmjs.org/string.prototype.matchall/-/string.prototype.matchall-4.0.12.tgz 0ms (cache hit)
2488 http cache object.entries@https://registry.npmjs.org/object.entries/-/object.entries-1.1.9.tgz 0ms (cache hit)
2489 http cache es-iterator-helpers@https://registry.npmjs.org/es-iterator-helpers/-/es-iterator-helpers-1.2.2.tgz 0ms (cache hit)
2490 http cache string.prototype.includes@https://registry.npmjs.org/string.prototype.includes/-/string.prototype.includes-2.0.1.tgz 0ms (cache hit)
2491 http cache array.prototype.findlast@https://registry.npmjs.org/array.prototype.findlast/-/array.prototype.findlast-1.2.5.tgz 0ms (cache hit)
2492 http cache estraverse@https://registry.npmjs.org/estraverse/-/estraverse-5.3.0.tgz 0ms (cache hit)
2493 http cache array.prototype.tosorted@https://registry.npmjs.org/array.prototype.tosorted/-/array.prototype.tosorted-1.1.4.tgz 0ms (cache hit)
2494 http cache prop-types@https://registry.npmjs.org/prop-types/-/prop-types-15.8.1.tgz 0ms (cache hit)
2495 http cache language-tags@https://registry.npmjs.org/language-tags/-/language-tags-1.0.9.tgz 0ms (cache hit)
2496 http cache emoji-regex@https://registry.npmjs.org/emoji-regex/-/emoji-regex-9.2.2.tgz 0ms (cache hit)
2497 http cache jsx-ast-utils@https://registry.npmjs.org/jsx-ast-utils/-/jsx-ast-utils-3.3.5.tgz 0ms (cache hit)
2498 http cache axobject-query@https://registry.npmjs.org/axobject-query/-/axobject-query-4.1.0.tgz 0ms (cache hit)
2499 http cache ast-types-flow@https://registry.npmjs.org/ast-types-flow/-/ast-types-flow-0.0.8.tgz 0ms (cache hit)
2500 http cache aria-query@https://registry.npmjs.org/aria-query/-/aria-query-5.3.2.tgz 0ms (cache hit)
2501 http cache axe-core@https://registry.npmjs.org/axe-core/-/axe-core-4.11.1.tgz 0ms (cache hit)
2502 http cache is-symbol@https://registry.npmjs.org/is-symbol/-/is-symbol-1.1.1.tgz 0ms (cache hit)
2503 http cache has-tostringtag@https://registry.npmjs.org/has-tostringtag/-/has-tostringtag-1.0.2.tgz 0ms (cache hit)
2504 http cache damerau-levenshtein@https://registry.npmjs.org/damerau-levenshtein/-/damerau-levenshtein-1.0.8.tgz 0ms (cache hit)
2505 http cache is-date-object@https://registry.npmjs.org/is-date-object/-/is-date-object-1.1.0.tgz 0ms (cache hit)
2506 http cache which-typed-array@https://registry.npmjs.org/which-typed-array/-/which-typed-array-1.1.19.tgz 0ms (cache hit)
2507 http cache possible-typed-array-names@https://registry.npmjs.org/possible-typed-array-names/-/possible-typed-array-names-1.1.0.tgz 0ms (cache hit)
2508 http cache typed-array-length@https://registry.npmjs.org/typed-array-length/-/typed-array-length-1.0.7.tgz 0ms (cache hit)
2509 http cache typed-array-byte-offset@https://registry.npmjs.org/typed-array-byte-offset/-/typed-array-byte-offset-1.0.4.tgz 0ms (cache hit)
2510 http cache typed-array-byte-length@https://registry.npmjs.org/typed-array-byte-length/-/typed-array-byte-length-1.0.3.tgz 0ms (cache hit)
2511 http cache typed-array-buffer@https://registry.npmjs.org/typed-array-buffer/-/typed-array-buffer-1.0.3.tgz 0ms (cache hit)
2512 http cache string.prototype.trimstart@https://registry.npmjs.org/string.prototype.trimstart/-/string.prototype.trimstart-1.0.8.tgz 0ms (cache hit)
2513 http cache string.prototype.trim@https://registry.npmjs.org/string.prototype.trim/-/string.prototype.trim-1.2.10.tgz 0ms (cache hit)
2514 http cache set-proto@https://registry.npmjs.org/set-proto/-/set-proto-1.0.0.tgz 0ms (cache hit)
2515 http cache stop-iteration-iterator@https://registry.npmjs.org/stop-iteration-iterator/-/stop-iteration-iterator-1.1.0.tgz 0ms (cache hit)
2516 http cache safe-push-apply@https://registry.npmjs.org/safe-push-apply/-/safe-push-apply-1.0.0.tgz 0ms (cache hit)
2517 http cache safe-regex-test@https://registry.npmjs.org/safe-regex-test/-/safe-regex-test-1.1.0.tgz 0ms (cache hit)
2518 http cache safe-array-concat@https://registry.npmjs.org/safe-array-concat/-/safe-array-concat-1.1.3.tgz 0ms (cache hit)
2519 http cache regexp.prototype.flags@https://registry.npmjs.org/regexp.prototype.flags/-/regexp.prototype.flags-1.5.4.tgz 0ms (cache hit)
2520 http cache own-keys@https://registry.npmjs.org/own-keys/-/own-keys-1.0.1.tgz 0ms (cache hit)
2521 http cache object-inspect@https://registry.npmjs.org/object-inspect/-/object-inspect-1.13.4.tgz 0ms (cache hit)
2522 http cache is-weakref@https://registry.npmjs.org/is-weakref/-/is-weakref-1.1.1.tgz 0ms (cache hit)
2523 http cache is-typed-array@https://registry.npmjs.org/is-typed-array/-/is-typed-array-1.1.15.tgz 0ms (cache hit)
2524 http cache object.assign@https://registry.npmjs.org/object.assign/-/object.assign-4.1.7.tgz 0ms (cache hit)
2525 http cache is-shared-array-buffer@https://registry.npmjs.org/is-shared-array-buffer/-/is-shared-array-buffer-1.0.4.tgz 0ms (cache hit)
2526 http cache is-set@https://registry.npmjs.org/is-set/-/is-set-2.0.3.tgz 0ms (cache hit)
2527 http cache is-regex@https://registry.npmjs.org/is-regex/-/is-regex-1.2.1.tgz 0ms (cache hit)
2528 http cache is-data-view@https://registry.npmjs.org/is-data-view/-/is-data-view-1.0.2.tgz 0ms (cache hit)
2529 http cache is-negative-zero@https://registry.npmjs.org/is-negative-zero/-/is-negative-zero-2.0.3.tgz 0ms (cache hit)
2530 http cache is-array-buffer@https://registry.npmjs.org/is-array-buffer/-/is-array-buffer-3.0.5.tgz 0ms (cache hit)
2531 http cache is-callable@https://registry.npmjs.org/is-callable/-/is-callable-1.2.7.tgz 0ms (cache hit)
2532 http cache internal-slot@https://registry.npmjs.org/internal-slot/-/internal-slot-1.1.0.tgz 0ms (cache hit)
2533 http cache has-symbols@https://registry.npmjs.org/has-symbols/-/has-symbols-1.1.0.tgz 0ms (cache hit)
2534 http cache has-proto@https://registry.npmjs.org/has-proto/-/has-proto-1.2.0.tgz 0ms (cache hit)
2535 http cache globalthis@https://registry.npmjs.org/globalthis/-/globalthis-1.0.4.tgz 0ms (cache hit)
2536 http cache get-proto@https://registry.npmjs.org/get-proto/-/get-proto-1.0.1.tgz 0ms (cache hit)
2537 http cache function.prototype.name@https://registry.npmjs.org/function.prototype.name/-/function.prototype.name-1.1.8.tgz 0ms (cache hit)
2538 http cache get-symbol-description@https://registry.npmjs.org/get-symbol-description/-/get-symbol-description-1.1.0.tgz 0ms (cache hit)
2539 http cache es-to-primitive@https://registry.npmjs.org/es-to-primitive/-/es-to-primitive-1.3.0.tgz 0ms (cache hit)
2540 http cache data-view-byte-offset@https://registry.npmjs.org/data-view-byte-offset/-/data-view-byte-offset-1.0.1.tgz 0ms (cache hit)
2541 http cache es-set-tostringtag@https://registry.npmjs.org/es-set-tostringtag/-/es-set-tostringtag-2.1.0.tgz 0ms (cache hit)
2542 http cache data-view-byte-length@https://registry.npmjs.org/data-view-byte-length/-/data-view-byte-length-1.0.2.tgz 0ms (cache hit)
2543 http cache data-view-buffer@https://registry.npmjs.org/data-view-buffer/-/data-view-buffer-1.0.2.tgz 0ms (cache hit)
2544 http cache unbox-primitive@https://registry.npmjs.org/unbox-primitive/-/unbox-primitive-1.1.0.tgz 0ms (cache hit)
2545 http cache available-typed-arrays@https://registry.npmjs.org/available-typed-arrays/-/available-typed-arrays-1.0.7.tgz 0ms (cache hit)
2546 http cache array-buffer-byte-length@https://registry.npmjs.org/array-buffer-byte-length/-/array-buffer-byte-length-1.0.2.tgz 0ms (cache hit)
2547 http cache arraybuffer.prototype.slice@https://registry.npmjs.org/arraybuffer.prototype.slice/-/arraybuffer.prototype.slice-1.0.4.tgz 0ms (cache hit)
2548 http cache gopd@https://registry.npmjs.org/gopd/-/gopd-1.2.0.tgz 0ms (cache hit)
2549 http cache has-property-descriptors@https://registry.npmjs.org/has-property-descriptors/-/has-property-descriptors-1.0.2.tgz 0ms (cache hit)
2550 http cache object-keys@https://registry.npmjs.org/object-keys/-/object-keys-1.1.1.tgz 0ms (cache hit)
2551 http cache define-data-property@https://registry.npmjs.org/define-data-property/-/define-data-property-1.1.4.tgz 0ms (cache hit)
2552 http cache function-bind@https://registry.npmjs.org/function-bind/-/function-bind-1.1.2.tgz 0ms (cache hit)
2553 http cache set-function-length@https://registry.npmjs.org/set-function-length/-/set-function-length-1.2.2.tgz 0ms (cache hit)
2554 http cache es-define-property@https://registry.npmjs.org/es-define-property/-/es-define-property-1.0.1.tgz 0ms (cache hit)
2555 http cache call-bind-apply-helpers@https://registry.npmjs.org/call-bind-apply-helpers/-/call-bind-apply-helpers-1.0.2.tgz 0ms (cache hit)
2556 http cache es-shim-unscopables@https://registry.npmjs.org/es-shim-unscopables/-/es-shim-unscopables-1.1.0.tgz 0ms (cache hit)
2557 http cache es-errors@https://registry.npmjs.org/es-errors/-/es-errors-1.3.0.tgz 0ms (cache hit)
2558 http cache is-string@https://registry.npmjs.org/is-string/-/is-string-1.1.1.tgz 0ms (cache hit)
2559 http cache math-intrinsics@https://registry.npmjs.org/math-intrinsics/-/math-intrinsics-1.1.0.tgz 0ms (cache hit)
2560 http cache get-intrinsic@https://registry.npmjs.org/get-intrinsic/-/get-intrinsic-1.3.0.tgz 0ms (cache hit)
2561 http cache call-bound@https://registry.npmjs.org/call-bound/-/call-bound-1.0.4.tgz 0ms (cache hit)
2562 http cache es-abstract@https://registry.npmjs.org/es-abstract/-/es-abstract-1.24.1.tgz 0ms (cache hit)
2563 http cache string.prototype.trimend@https://registry.npmjs.org/string.prototype.trimend/-/string.prototype.trimend-1.0.9.tgz 0ms (cache hit)
2564 http cache define-properties@https://registry.npmjs.org/define-properties/-/define-properties-1.2.1.tgz 0ms (cache hit)
2565 http cache tsconfig-paths@https://registry.npmjs.org/tsconfig-paths/-/tsconfig-paths-3.15.0.tgz 0ms (cache hit)
2566 http cache call-bind@https://registry.npmjs.org/call-bind/-/call-bind-1.0.8.tgz 0ms (cache hit)
2567 http cache object.fromentries@https://registry.npmjs.org/object.fromentries/-/object.fromentries-2.0.8.tgz 0ms (cache hit)
2568 http cache object.groupby@https://registry.npmjs.org/object.groupby/-/object.groupby-1.0.3.tgz 0ms (cache hit)
2569 http cache object.values@https://registry.npmjs.org/object.values/-/object.values-1.2.1.tgz 0ms (cache hit)
2570 http cache eslint-module-utils@https://registry.npmjs.org/eslint-module-utils/-/eslint-module-utils-2.12.1.tgz 0ms (cache hit)
2571 http cache hasown@https://registry.npmjs.org/hasown/-/hasown-2.0.2.tgz 0ms (cache hit)
2572 http cache array.prototype.flatmap@https://registry.npmjs.org/array.prototype.flatmap/-/array.prototype.flatmap-1.3.3.tgz 0ms (cache hit)
2573 http cache array.prototype.flat@https://registry.npmjs.org/array.prototype.flat/-/array.prototype.flat-1.3.3.tgz 0ms (cache hit)
2574 http cache array.prototype.findlastindex@https://registry.npmjs.org/array.prototype.findlastindex/-/array.prototype.findlastindex-1.2.6.tgz 0ms (cache hit)
2575 http cache array-includes@https://registry.npmjs.org/array-includes/-/array-includes-3.1.9.tgz 0ms (cache hit)
2576 http cache @rtsao/scc@https://registry.npmjs.org/@rtsao/scc/-/scc-1.1.0.tgz 0ms (cache hit)
2577 http cache unrs-resolver@https://registry.npmjs.org/unrs-resolver/-/unrs-resolver-1.11.1.tgz 0ms (cache hit)
2578 http cache tinyglobby@https://registry.npmjs.org/tinyglobby/-/tinyglobby-0.2.15.tgz 0ms (cache hit)
2579 http cache stable-hash@https://registry.npmjs.org/stable-hash/-/stable-hash-0.0.5.tgz 0ms (cache hit)
2580 http cache es-object-atoms@https://registry.npmjs.org/es-object-atoms/-/es-object-atoms-1.1.1.tgz 0ms (cache hit)
2581 http cache is-bun-module@https://registry.npmjs.org/is-bun-module/-/is-bun-module-2.0.0.tgz 0ms (cache hit)
2582 http cache get-tsconfig@https://registry.npmjs.org/get-tsconfig/-/get-tsconfig-4.13.0.tgz 0ms (cache hit)
2583 http cache @nolyfill/is-core-module@https://registry.npmjs.org/@nolyfill/is-core-module/-/is-core-module-1.0.39.tgz 0ms (cache hit)
2584 http cache resolve@https://registry.npmjs.org/resolve/-/resolve-1.22.11.tgz 0ms (cache hit)
2585 http cache is-core-module@https://registry.npmjs.org/is-core-module/-/is-core-module-2.16.1.tgz 0ms (cache hit)
2586 http cache ts-api-utils@https://registry.npmjs.org/ts-api-utils/-/ts-api-utils-1.4.3.tgz 0ms (cache hit)
2587 http cache semver@https://registry.npmjs.org/semver/-/semver-7.7.3.tgz 0ms (cache hit)
2588 http cache globby@https://registry.npmjs.org/globby/-/globby-11.1.0.tgz 0ms (cache hit)
2589 http cache @typescript-eslint/visitor-keys@https://registry.npmjs.org/@typescript-eslint/visitor-keys/-/visitor-keys-7.2.0.tgz 0ms (cache hit)
2590 http cache @typescript-eslint/typescript-estree@https://registry.npmjs.org/@typescript-eslint/typescript-estree/-/typescript-estree-7.2.0.tgz 0ms (cache hit)
2591 http cache @typescript-eslint/types@https://registry.npmjs.org/@typescript-eslint/types/-/types-7.2.0.tgz 0ms (cache hit)
2592 http cache glob@https://registry.npmjs.org/glob/-/glob-10.3.10.tgz 0ms (cache hit)
2593 http cache @typescript-eslint/scope-manager@https://registry.npmjs.org/@typescript-eslint/scope-manager/-/scope-manager-7.2.0.tgz 0ms (cache hit)
2594 http cache eslint-plugin-react-hooks@https://registry.npmjs.org/eslint-plugin-react-hooks/-/eslint-plugin-react-hooks-5.0.0-canary-7118f5dd7-20230705.tgz 0ms (cache hit)
2595 http cache eslint-plugin-jsx-a11y@https://registry.npmjs.org/eslint-plugin-jsx-a11y/-/eslint-plugin-jsx-a11y-6.10.2.tgz 0ms (cache hit)
2596 http cache eslint-plugin-react@https://registry.npmjs.org/eslint-plugin-react/-/eslint-plugin-react-7.37.5.tgz 0ms (cache hit)
2597 http cache eslint-plugin-import@https://registry.npmjs.org/eslint-plugin-import/-/eslint-plugin-import-2.32.0.tgz 0ms (cache hit)
2598 http cache eslint-import-resolver-typescript@https://registry.npmjs.org/eslint-import-resolver-typescript/-/eslint-import-resolver-typescript-3.10.1.tgz 0ms (cache hit)
2599 http cache eslint-import-resolver-node@https://registry.npmjs.org/eslint-import-resolver-node/-/eslint-import-resolver-node-0.3.9.tgz 0ms (cache hit)
2600 http cache @typescript-eslint/parser@https://registry.npmjs.org/@typescript-eslint/parser/-/parser-7.2.0.tgz 0ms (cache hit)
2601 http cache @rushstack/eslint-patch@https://registry.npmjs.org/@rushstack/eslint-patch/-/eslint-patch-1.15.0.tgz 0ms (cache hit)
2602 http cache @next/eslint-plugin-next@https://registry.npmjs.org/@next/eslint-plugin-next/-/eslint-plugin-next-14.2.5.tgz 0ms (cache hit)
2603 http cache ms@https://registry.npmjs.org/ms/-/ms-2.1.3.tgz 0ms (cache hit)
2604 http cache which@https://registry.npmjs.org/which/-/which-2.0.2.tgz 0ms (cache hit)
2605 http cache path-key@https://registry.npmjs.org/path-key/-/path-key-3.1.1.tgz 0ms (cache hit)
2606 http cache color-name@https://registry.npmjs.org/color-name/-/color-name-1.1.4.tgz 0ms (cache hit)
2607 http cache ansi-styles@https://registry.npmjs.org/ansi-styles/-/ansi-styles-4.3.0.tgz 0ms (cache hit)
2608 http cache shebang-command@https://registry.npmjs.org/shebang-command/-/shebang-command-2.0.0.tgz 0ms (cache hit)
2609 http cache supports-color@https://registry.npmjs.org/supports-color/-/supports-color-7.2.0.tgz 0ms (cache hit)
2610 http cache uri-js@https://registry.npmjs.org/uri-js/-/uri-js-4.4.1.tgz 0ms (cache hit)
2611 http cache color-convert@https://registry.npmjs.org/color-convert/-/color-convert-2.0.1.tgz 0ms (cache hit)
2612 http cache run-parallel@https://registry.npmjs.org/run-parallel/-/run-parallel-1.2.0.tgz 0ms (cache hit)
2613 http cache fastq@https://registry.npmjs.org/fastq/-/fastq-1.20.1.tgz 0ms (cache hit)
2614 http cache @nodelib/fs.stat@https://registry.npmjs.org/@nodelib/fs.stat/-/fs.stat-2.0.5.tgz 0ms (cache hit)
2615 http cache @nodelib/fs.scandir@https://registry.npmjs.org/@nodelib/fs.scandir/-/fs.scandir-2.1.5.tgz 0ms (cache hit)
2616 http cache fast-json-stable-stringify@https://registry.npmjs.org/fast-json-stable-stringify/-/fast-json-stable-stringify-2.1.0.tgz 0ms (cache hit)
2617 http cache import-fresh@https://registry.npmjs.org/import-fresh/-/import-fresh-3.3.1.tgz 0ms (cache hit)
2618 http cache text-table@https://registry.npmjs.org/text-table/-/text-table-0.2.0.tgz 0ms (cache hit)
2619 http cache strip-ansi@https://registry.npmjs.org/strip-ansi/-/strip-ansi-6.0.1.tgz 0ms (cache hit)
2620 http cache optionator@https://registry.npmjs.org/optionator/-/optionator-0.9.4.tgz 0ms (cache hit)
2621 http cache json-schema-traverse@https://registry.npmjs.org/json-schema-traverse/-/json-schema-traverse-0.4.1.tgz 0ms (cache hit)
2622 http cache natural-compare@https://registry.npmjs.org/natural-compare/-/natural-compare-1.4.0.tgz 0ms (cache hit)
2623 http cache @humanwhocodes/object-schema@https://registry.npmjs.org/@humanwhocodes/object-schema/-/object-schema-2.0.3.tgz 0ms (cache hit)
2624 http cache strip-json-comments@https://registry.npmjs.org/strip-json-comments/-/strip-json-comments-3.1.1.tgz 0ms (cache hit)
2625 http cache minimatch@https://registry.npmjs.org/minimatch/-/minimatch-3.1.2.tgz 0ms (cache hit)
2626 http cache levn@https://registry.npmjs.org/levn/-/levn-0.4.1.tgz 0ms (cache hit)
2627 http cache json-stable-stringify-without-jsonify@https://registry.npmjs.org/json-stable-stringify-without-jsonify/-/json-stable-stringify-without-jsonify-1.0.1.tgz 0ms (cache hit)
2628 http cache js-yaml@https://registry.npmjs.org/js-yaml/-/js-yaml-4.1.1.tgz 0ms (cache hit)
2629 http cache imurmurhash@https://registry.npmjs.org/imurmurhash/-/imurmurhash-0.1.4.tgz 0ms (cache hit)
2630 http cache is-glob@https://registry.npmjs.org/is-glob/-/is-glob-4.0.3.tgz 0ms (cache hit)
2631 http cache is-path-inside@https://registry.npmjs.org/is-path-inside/-/is-path-inside-3.0.3.tgz 0ms (cache hit)
2632 http cache ignore@https://registry.npmjs.org/ignore/-/ignore-5.3.2.tgz 0ms (cache hit)
2633 http cache graphemer@https://registry.npmjs.org/graphemer/-/graphemer-1.4.0.tgz 0ms (cache hit)
2634 http cache globals@https://registry.npmjs.org/globals/-/globals-13.24.0.tgz 0ms (cache hit)
2635 http cache glob-parent@https://registry.npmjs.org/glob-parent/-/glob-parent-6.0.2.tgz 0ms (cache hit)
2636 http cache find-up@https://registry.npmjs.org/find-up/-/find-up-5.0.0.tgz 0ms (cache hit)
2637 http cache file-entry-cache@https://registry.npmjs.org/file-entry-cache/-/file-entry-cache-6.0.1.tgz 0ms (cache hit)
2638 http cache fast-deep-equal@https://registry.npmjs.org/fast-deep-equal/-/fast-deep-equal-3.1.3.tgz 0ms (cache hit)
2639 http cache esutils@https://registry.npmjs.org/esutils/-/esutils-2.0.3.tgz 0ms (cache hit)
2640 http cache lodash.merge@https://registry.npmjs.org/lodash.merge/-/lodash.merge-4.6.2.tgz 0ms (cache hit)
2641 http cache esquery@https://registry.npmjs.org/esquery/-/esquery-1.7.0.tgz 0ms (cache hit)
2642 http cache eslint-visitor-keys@https://registry.npmjs.org/eslint-visitor-keys/-/eslint-visitor-keys-3.4.3.tgz 0ms (cache hit)
2643 http cache espree@https://registry.npmjs.org/espree/-/espree-9.6.1.tgz 0ms (cache hit)
2644 http cache eslint-scope@https://registry.npmjs.org/eslint-scope/-/eslint-scope-7.2.2.tgz 0ms (cache hit)
2645 http cache doctrine@https://registry.npmjs.org/doctrine/-/doctrine-3.0.0.tgz 0ms (cache hit)
2646 http cache debug@https://registry.npmjs.org/debug/-/debug-4.4.3.tgz 0ms (cache hit)
2647 http cache escape-string-regexp@https://registry.npmjs.org/escape-string-regexp/-/escape-string-regexp-4.0.0.tgz 0ms (cache hit)
2648 http cache cross-spawn@https://registry.npmjs.org/cross-spawn/-/cross-spawn-7.0.6.tgz 0ms (cache hit)
2649 http cache chalk@https://registry.npmjs.org/chalk/-/chalk-4.1.2.tgz 0ms (cache hit)
2650 http cache ajv@https://registry.npmjs.org/ajv/-/ajv-6.12.6.tgz 0ms (cache hit)
2651 http cache @nodelib/fs.walk@https://registry.npmjs.org/@nodelib/fs.walk/-/fs.walk-1.2.8.tgz 0ms (cache hit)
2652 http cache @ungap/structured-clone@https://registry.npmjs.org/@ungap/structured-clone/-/structured-clone-1.3.0.tgz 0ms (cache hit)
2653 http cache @humanwhocodes/config-array@https://registry.npmjs.org/@humanwhocodes/config-array/-/config-array-0.13.0.tgz 0ms (cache hit)
2654 http cache @eslint/js@https://registry.npmjs.org/@eslint/js/-/js-8.57.1.tgz 0ms (cache hit)
2655 http cache @eslint-community/regexpp@https://registry.npmjs.org/@eslint-community/regexpp/-/regexpp-4.12.2.tgz 0ms (cache hit)
2656 http cache @eslint/eslintrc@https://registry.npmjs.org/@eslint/eslintrc/-/eslintrc-2.1.4.tgz 0ms (cache hit)
2657 http cache @humanwhocodes/module-importer@https://registry.npmjs.org/@humanwhocodes/module-importer/-/module-importer-1.0.1.tgz 0ms (cache hit)
2658 http cache @eslint-community/eslint-utils@https://registry.npmjs.org/@eslint-community/eslint-utils/-/eslint-utils-4.9.1.tgz 0ms (cache hit)
2659 http cache csstype@https://registry.npmjs.org/csstype/-/csstype-3.2.3.tgz 0ms (cache hit)
2660 http cache @types/prop-types@https://registry.npmjs.org/@types/prop-types/-/prop-types-15.7.15.tgz 0ms (cache hit)
2661 http cache undici-types@https://registry.npmjs.org/undici-types/-/undici-types-6.21.0.tgz 0ms (cache hit)
2662 http cache iceberg-js@https://registry.npmjs.org/iceberg-js/-/iceberg-js-0.8.1.tgz 0ms (cache hit)
2663 http cache ws@https://registry.npmjs.org/ws/-/ws-8.19.0.tgz 0ms (cache hit)
2664 http cache @types/ws@https://registry.npmjs.org/@types/ws/-/ws-8.18.1.tgz 0ms (cache hit)
2665 http cache tslib@https://registry.npmjs.org/tslib/-/tslib-2.8.1.tgz 0ms (cache hit)
2666 http cache @types/phoenix@https://registry.npmjs.org/@types/phoenix/-/phoenix-1.6.7.tgz 0ms (cache hit)
2667 http cache @supabase/storage-js@https://registry.npmjs.org/@supabase/storage-js/-/storage-js-2.90.1.tgz 0ms (cache hit)
2668 http cache @supabase/realtime-js@https://registry.npmjs.org/@supabase/realtime-js/-/realtime-js-2.90.1.tgz 0ms (cache hit)
2669 http cache @supabase/postgrest-js@https://registry.npmjs.org/@supabase/postgrest-js/-/postgrest-js-2.90.1.tgz 0ms (cache hit)
2670 http cache @supabase/functions-js@https://registry.npmjs.org/@supabase/functions-js/-/functions-js-2.90.1.tgz 0ms (cache hit)
2671 http cache @supabase/auth-js@https://registry.npmjs.org/@supabase/auth-js/-/auth-js-2.90.1.tgz 0ms (cache hit)
2672 http cache ramda@https://registry.npmjs.org/ramda/-/ramda-0.29.1.tgz 0ms (cache hit)
2673 http cache cookie@https://registry.npmjs.org/cookie/-/cookie-0.5.0.tgz 0ms (cache hit)
2674 http cache typescript@https://registry.npmjs.org/typescript/-/typescript-5.9.3.tgz 0ms (cache hit)
2675 http cache react-dom@https://registry.npmjs.org/react-dom/-/react-dom-19.2.3.tgz 0ms (cache hit)
2676 http cache react@https://registry.npmjs.org/react/-/react-19.2.3.tgz 0ms (cache hit)
2677 http cache eslint-config-next@https://registry.npmjs.org/eslint-config-next/-/eslint-config-next-14.2.5.tgz 0ms (cache hit)
2678 http cache @types/react-dom@https://registry.npmjs.org/@types/react-dom/-/react-dom-18.3.7.tgz 0ms (cache hit)
2679 http cache @types/node@https://registry.npmjs.org/@types/node/-/node-20.19.28.tgz 0ms (cache hit)
2680 http cache @supabase/supabase-js@https://registry.npmjs.org/@supabase/supabase-js/-/supabase-js-2.90.1.tgz 0ms (cache hit)
2681 http cache eslint@https://registry.npmjs.org/eslint/-/eslint-8.57.1.tgz 0ms (cache hit)
2682 http cache @types/react@https://registry.npmjs.org/@types/react/-/react-18.3.27.tgz 0ms (cache hit)
2683 http cache @supabase/ssr@https://registry.npmjs.org/@supabase/ssr/-/ssr-0.1.0.tgz 0ms (cache hit)
2684 http cache emoji-regex@https://registry.npmjs.org/emoji-regex/-/emoji-regex-8.0.0.tgz 0ms (cache hit)
2685 http cache strip-ansi@https://registry.npmjs.org/strip-ansi/-/strip-ansi-7.1.2.tgz 0ms (cache hit)
2686 http cache emoji-regex@https://registry.npmjs.org/emoji-regex/-/emoji-regex-8.0.0.tgz 0ms (cache hit)
2687 http cache ansi-regex@https://registry.npmjs.org/ansi-regex/-/ansi-regex-6.2.2.tgz 0ms (cache hit)
2688 http cache ansi-styles@https://registry.npmjs.org/ansi-styles/-/ansi-styles-6.2.3.tgz 0ms (cache hit)
2689 http cache string-width@https://registry.npmjs.org/string-width/-/string-width-4.2.3.tgz 0ms (cache hit)
2690 http cache strip-ansi@https://registry.npmjs.org/strip-ansi/-/strip-ansi-7.1.2.tgz 0ms (cache hit)
2691 http cache glob-parent@https://registry.npmjs.org/glob-parent/-/glob-parent-5.1.2.tgz 0ms (cache hit)
2692 http cache glob@https://registry.npmjs.org/glob/-/glob-7.2.3.tgz 0ms (cache hit)
2693 http cache debug@https://registry.npmjs.org/debug/-/debug-3.2.7.tgz 0ms (cache hit)
2694 http cache picomatch@https://registry.npmjs.org/picomatch/-/picomatch-4.0.3.tgz 0ms (cache hit)
2695 http cache fdir@https://registry.npmjs.org/fdir/-/fdir-6.5.0.tgz 0ms (cache hit)
2696 http cache brace-expansion@https://registry.npmjs.org/brace-expansion/-/brace-expansion-2.0.2.tgz 0ms (cache hit)
2697 http cache minimatch@https://registry.npmjs.org/minimatch/-/minimatch-9.0.3.tgz 0ms (cache hit)
2698 http cache brace-expansion@https://registry.npmjs.org/brace-expansion/-/brace-expansion-2.0.2.tgz 0ms (cache hit)
2699 http cache strip-ansi@https://registry.npmjs.org/strip-ansi/-/strip-ansi-7.1.2.tgz 0ms (cache hit)
2700 http cache minimatch@https://registry.npmjs.org/minimatch/-/minimatch-9.0.5.tgz 0ms (cache hit)
2701 http cache semver@https://registry.npmjs.org/semver/-/semver-6.3.1.tgz 0ms (cache hit)
2702 http cache resolve@https://registry.npmjs.org/resolve/-/resolve-2.0.0-next.5.tgz 0ms (cache hit)
2703 http cache semver@https://registry.npmjs.org/semver/-/semver-6.3.1.tgz 0ms (cache hit)
2704 http cache debug@https://registry.npmjs.org/debug/-/debug-3.2.7.tgz 0ms (cache hit)
2705 http cache doctrine@https://registry.npmjs.org/doctrine/-/doctrine-2.1.0.tgz 0ms (cache hit)
2706 http cache doctrine@https://registry.npmjs.org/doctrine/-/doctrine-2.1.0.tgz 0ms (cache hit)
2707 http cache next@https://registry.npmjs.org/next/-/next-16.1.1.tgz 0ms (cache hit)
2708 silly tarball no local data for wrappy@https://registry.npmjs.org/wrappy/-/wrappy-1.0.2.tgz. Extracting by manifest.
2709 http cache ansi-regex@https://registry.npmjs.org/ansi-regex/-/ansi-regex-6.2.2.tgz 0ms (cache hit)
2710 http cache debug@https://registry.npmjs.org/debug/-/debug-3.2.7.tgz 0ms (cache hit)
2711 silly tarball no local data for path-is-absolute@https://registry.npmjs.org/path-is-absolute/-/path-is-absolute-1.0.1.tgz. Extracting by manifest.
2712 silly tarball no local data for once@https://registry.npmjs.org/once/-/once-1.4.0.tgz. Extracting by manifest.
2713 silly tarball no local data for inherits@https://registry.npmjs.org/inherits/-/inherits-2.0.4.tgz. Extracting by manifest.
2714 http cache ansi-regex@https://registry.npmjs.org/ansi-regex/-/ansi-regex-6.2.2.tgz 0ms (cache hit)
2715 silly tarball no local data for is-weakset@https://registry.npmjs.org/is-weakset/-/is-weakset-2.0.4.tgz. Extracting by manifest.
2716 silly tarball no local data for fs.realpath@https://registry.npmjs.org/fs.realpath/-/fs.realpath-1.0.0.tgz. Extracting by manifest.
2717 silly tarball no local data for is-map@https://registry.npmjs.org/is-map/-/is-map-2.0.3.tgz. Extracting by manifest.
2718 silly tarball no local data for is-weakmap@https://registry.npmjs.org/is-weakmap/-/is-weakmap-2.0.2.tgz. Extracting by manifest.
2719 silly tarball no local data for inflight@https://registry.npmjs.org/inflight/-/inflight-1.0.6.tgz. Extracting by manifest.
2720 silly tarball no local data for generator-function@https://registry.npmjs.org/generator-function/-/generator-function-2.0.1.tgz. Extracting by manifest.
2721 silly tarball no local data for async-function@https://registry.npmjs.org/async-function/-/async-function-1.0.0.tgz. Extracting by manifest.
2722 silly tarball no local data for is-finalizationregistry@https://registry.npmjs.org/is-finalizationregistry/-/is-finalizationregistry-1.1.1.tgz. Extracting by manifest.
2723 silly tarball no local data for is-generator-function@https://registry.npmjs.org/is-generator-function/-/is-generator-function-1.1.2.tgz. Extracting by manifest.
2724 silly tarball no local data for is-number-object@https://registry.npmjs.org/is-number-object/-/is-number-object-1.1.1.tgz. Extracting by manifest.
2725 silly tarball no local data for which-collection@https://registry.npmjs.org/which-collection/-/which-collection-1.0.2.tgz. Extracting by manifest.
2726 silly tarball no local data for is-async-function@https://registry.npmjs.org/is-async-function/-/is-async-function-2.1.1.tgz. Extracting by manifest.
2727 silly tarball no local data for isexe@https://registry.npmjs.org/isexe/-/isexe-2.0.0.tgz. Extracting by manifest.
2728 silly tarball no local data for punycode@https://registry.npmjs.org/punycode/-/punycode-2.3.1.tgz. Extracting by manifest.
2729 silly tarball no local data for is-boolean-object@https://registry.npmjs.org/is-boolean-object/-/is-boolean-object-1.2.2.tgz. Extracting by manifest.
2730 silly tarball no local data for is-bigint@https://registry.npmjs.org/is-bigint/-/is-bigint-1.1.0.tgz. Extracting by manifest.
2731 silly tarball no local data for @tybys/wasm-util@https://registry.npmjs.org/@tybys/wasm-util/-/wasm-util-0.10.1.tgz. Extracting by manifest.
2732 silly tarball no local data for @emnapi/core@https://registry.npmjs.org/@emnapi/core/-/core-1.8.1.tgz. Extracting by manifest.
2733 silly tarball no local data for @emnapi/wasi-threads@https://registry.npmjs.org/@emnapi/wasi-threads/-/wasi-threads-1.1.0.tgz. Extracting by manifest.
2734 silly tarball no local data for napi-postinstall@https://registry.npmjs.org/napi-postinstall/-/napi-postinstall-0.3.4.tgz. Extracting by manifest.
2735 silly tarball no local data for @unrs/resolver-binding-darwin-arm64@https://registry.npmjs.org/@unrs/resolver-binding-darwin-arm64/-/resolver-binding-darwin-arm64-1.11.1.tgz. Extracting by manifest.
2736 silly tarball no local data for @napi-rs/wasm-runtime@https://registry.npmjs.org/@napi-rs/wasm-runtime/-/wasm-runtime-0.2.12.tgz. Extracting by manifest.
2737 silly tarball no local data for has-bigints@https://registry.npmjs.org/has-bigints/-/has-bigints-1.1.0.tgz. Extracting by manifest.
2738 silly tarball no local data for which-boxed-primitive@https://registry.npmjs.org/which-boxed-primitive/-/which-boxed-primitive-1.1.1.tgz. Extracting by manifest.
2739 silly tarball no local data for reflect.getprototypeof@https://registry.npmjs.org/reflect.getprototypeof/-/reflect.getprototypeof-1.0.10.tgz. Extracting by manifest.
2740 silly tarball no local data for which-builtin-type@https://registry.npmjs.org/which-builtin-type/-/which-builtin-type-1.2.1.tgz. Extracting by manifest.
2741 silly tarball no local data for strip-bom@https://registry.npmjs.org/strip-bom/-/strip-bom-3.0.0.tgz. Extracting by manifest.
2742 silly tarball no local data for for-each@https://registry.npmjs.org/for-each/-/for-each-0.3.5.tgz. Extracting by manifest.
2743 silly tarball no local data for json5@https://registry.npmjs.org/json5/-/json5-1.0.2.tgz. Extracting by manifest.
2744 silly tarball no local data for minimist@https://registry.npmjs.org/minimist/-/minimist-1.2.8.tgz. Extracting by manifest.
2745 silly tarball no local data for is-number@https://registry.npmjs.org/is-number/-/is-number-7.0.0.tgz. Extracting by manifest.
2746 silly tarball no local data for ansi-regex@https://registry.npmjs.org/ansi-regex/-/ansi-regex-5.0.1.tgz. Extracting by manifest.
2747 silly tarball no local data for client-only@https://registry.npmjs.org/client-only/-/client-only-0.0.1.tgz. Extracting by manifest.
2748 silly tarball no local data for is-fullwidth-code-point@https://registry.npmjs.org/is-fullwidth-code-point/-/is-fullwidth-code-point-3.0.0.tgz. Extracting by manifest.
2749 silly tarball no local data for eastasianwidth@https://registry.npmjs.org/eastasianwidth/-/eastasianwidth-0.2.0.tgz. Extracting by manifest.
2750 silly tarball no local data for side-channel-weakmap@https://registry.npmjs.org/side-channel-weakmap/-/side-channel-weakmap-1.0.2.tgz. Extracting by manifest.
2751 silly tarball no local data for side-channel-map@https://registry.npmjs.org/side-channel-map/-/side-channel-map-1.0.1.tgz. Extracting by manifest.
2752 silly tarball no local data for @types/json5@https://registry.npmjs.org/@types/json5/-/json5-0.0.29.tgz. Extracting by manifest.
2753 silly tarball no local data for @emnapi/runtime@https://registry.npmjs.org/@emnapi/runtime/-/runtime-1.8.1.tgz. Extracting by manifest.
2754 silly tarball no local data for detect-libc@https://registry.npmjs.org/detect-libc/-/detect-libc-2.1.2.tgz. Extracting by manifest.
2755 silly tarball no local data for side-channel-list@https://registry.npmjs.org/side-channel-list/-/side-channel-list-1.0.0.tgz. Extracting by manifest.
2756 silly tarball no local data for @img/sharp-libvips-darwin-arm64@https://registry.npmjs.org/@img/sharp-libvips-darwin-arm64/-/sharp-libvips-darwin-arm64-1.2.4.tgz. Extracting by manifest.
2757 silly tarball no local data for @img/sharp-darwin-arm64@https://registry.npmjs.org/@img/sharp-darwin-arm64/-/sharp-darwin-arm64-0.34.5.tgz. Extracting by manifest.
2758 silly tarball no local data for @img/colour@https://registry.npmjs.org/@img/colour/-/colour-1.0.0.tgz. Extracting by manifest.
2759 silly tarball no local data for isarray@https://registry.npmjs.org/isarray/-/isarray-2.0.5.tgz. Extracting by manifest.
2760 silly tarball no local data for queue-microtask@https://registry.npmjs.org/queue-microtask/-/queue-microtask-1.2.3.tgz. Extracting by manifest.
2761 silly tarball no local data for scheduler@https://registry.npmjs.org/scheduler/-/scheduler-0.27.0.tgz. Extracting by manifest.
2762 silly tarball no local data for js-tokens@https://registry.npmjs.org/js-tokens/-/js-tokens-4.0.0.tgz. Extracting by manifest.
2763 silly tarball no local data for path-parse@https://registry.npmjs.org/path-parse/-/path-parse-1.0.7.tgz. Extracting by manifest.
2764 silly tarball no local data for supports-preserve-symlinks-flag@https://registry.npmjs.org/supports-preserve-symlinks-flag/-/supports-preserve-symlinks-flag-1.0.0.tgz. Extracting by manifest.
2765 silly tarball no local data for react-is@https://registry.npmjs.org/react-is/-/react-is-16.13.1.tgz. Extracting by manifest.
2766 silly tarball no local data for object-assign@https://registry.npmjs.org/object-assign/-/object-assign-4.1.1.tgz. Extracting by manifest.
2767 silly tarball no local data for loose-envify@https://registry.npmjs.org/loose-envify/-/loose-envify-1.4.0.tgz. Extracting by manifest.
2768 silly tarball no local data for picocolors@https://registry.npmjs.org/picocolors/-/picocolors-1.1.1.tgz. Extracting by manifest.
2769 silly tarball no local data for has-flag@https://registry.npmjs.org/has-flag/-/has-flag-4.0.0.tgz. Extracting by manifest.
2770 silly tarball no local data for source-map-js@https://registry.npmjs.org/source-map-js/-/source-map-js-1.2.1.tgz. Extracting by manifest.
2771 silly tarball no local data for p-limit@https://registry.npmjs.org/p-limit/-/p-limit-3.1.0.tgz. Extracting by manifest.
2772 silly tarball no local data for callsites@https://registry.npmjs.org/callsites/-/callsites-3.1.0.tgz. Extracting by manifest.
2773 silly tarball no local data for lru-cache@https://registry.npmjs.org/lru-cache/-/lru-cache-10.4.3.tgz. Extracting by manifest.
2774 silly tarball no local data for nanoid@https://registry.npmjs.org/nanoid/-/nanoid-3.3.11.tgz. Extracting by manifest.
2775 silly tarball no local data for word-wrap@https://registry.npmjs.org/word-wrap/-/word-wrap-1.2.5.tgz. Extracting by manifest.
2776 silly tarball no local data for fast-levenshtein@https://registry.npmjs.org/fast-levenshtein/-/fast-levenshtein-2.0.6.tgz. Extracting by manifest.
2777 silly tarball no local data for deep-is@https://registry.npmjs.org/deep-is/-/deep-is-0.1.4.tgz. Extracting by manifest.
2778 silly tarball no local data for styled-jsx@https://registry.npmjs.org/styled-jsx/-/styled-jsx-5.1.6.tgz. Extracting by manifest.
2779 silly tarball no local data for sharp@https://registry.npmjs.org/sharp/-/sharp-0.34.5.tgz. Extracting by manifest.
2780 silly tarball no local data for postcss@https://registry.npmjs.org/postcss/-/postcss-8.4.31.tgz. Extracting by manifest.
2781 silly tarball no local data for caniuse-lite@https://registry.npmjs.org/caniuse-lite/-/caniuse-lite-1.0.30001764.tgz. Extracting by manifest.
2782 silly tarball no local data for baseline-browser-mapping@https://registry.npmjs.org/baseline-browser-mapping/-/baseline-browser-mapping-2.9.14.tgz. Extracting by manifest.
2783 silly tarball no local data for @swc/helpers@https://registry.npmjs.org/@swc/helpers/-/helpers-0.5.15.tgz. Extracting by manifest.
2784 silly tarball no local data for @next/swc-darwin-arm64@https://registry.npmjs.org/@next/swc-darwin-arm64/-/swc-darwin-arm64-16.1.1.tgz. Extracting by manifest.
2785 silly tarball no local data for @next/env@https://registry.npmjs.org/@next/env/-/env-16.1.1.tgz. Extracting by manifest.
2786 silly tarball no local data for concat-map@https://registry.npmjs.org/concat-map/-/concat-map-0.0.1.tgz. Extracting by manifest.
2787 silly tarball no local data for balanced-match@https://registry.npmjs.org/balanced-match/-/balanced-match-1.0.2.tgz. Extracting by manifest.
2788 silly tarball no local data for brace-expansion@https://registry.npmjs.org/brace-expansion/-/brace-expansion-1.1.12.tgz. Extracting by manifest.
2789 silly tarball no local data for to-regex-range@https://registry.npmjs.org/to-regex-range/-/to-regex-range-5.0.1.tgz. Extracting by manifest.
2790 silly tarball no local data for fill-range@https://registry.npmjs.org/fill-range/-/fill-range-7.1.1.tgz. Extracting by manifest.
2791 silly tarball no local data for picomatch@https://registry.npmjs.org/picomatch/-/picomatch-2.3.1.tgz. Extracting by manifest.
2792 silly tarball no local data for yocto-queue@https://registry.npmjs.org/yocto-queue/-/yocto-queue-0.1.0.tgz. Extracting by manifest.
2793 silly tarball no local data for braces@https://registry.npmjs.org/braces/-/braces-3.0.3.tgz. Extracting by manifest.
2794 silly tarball no local data for p-locate@https://registry.npmjs.org/p-locate/-/p-locate-5.0.0.tgz. Extracting by manifest.
2795 silly tarball no local data for type-check@https://registry.npmjs.org/type-check/-/type-check-0.4.0.tgz. Extracting by manifest.
2796 silly tarball no local data for prelude-ls@https://registry.npmjs.org/prelude-ls/-/prelude-ls-1.2.1.tgz. Extracting by manifest.
2797 silly tarball no local data for shebang-regex@https://registry.npmjs.org/shebang-regex/-/shebang-regex-3.0.0.tgz. Extracting by manifest.
2798 silly tarball no local data for argparse@https://registry.npmjs.org/argparse/-/argparse-2.0.1.tgz. Extracting by manifest.
2799 silly tarball no local data for json-buffer@https://registry.npmjs.org/json-buffer/-/json-buffer-3.0.1.tgz. Extracting by manifest.
2800 silly tarball no local data for wrap-ansi-cjs@https://registry.npmjs.org/wrap-ansi/-/wrap-ansi-7.0.0.tgz. Extracting by manifest.
2801 silly tarball no local data for strip-ansi-cjs@https://registry.npmjs.org/strip-ansi/-/strip-ansi-6.0.1.tgz. Extracting by manifest.
2802 silly tarball no local data for wrap-ansi@https://registry.npmjs.org/wrap-ansi/-/wrap-ansi-8.1.0.tgz. Extracting by manifest.
2803 silly tarball no local data for string-width@https://registry.npmjs.org/string-width/-/string-width-5.1.2.tgz. Extracting by manifest.
2804 silly tarball no local data for string-width-cjs@https://registry.npmjs.org/string-width/-/string-width-4.2.3.tgz. Extracting by manifest.
2805 silly tarball no local data for @pkgjs/parseargs@https://registry.npmjs.org/@pkgjs/parseargs/-/parseargs-0.11.0.tgz. Extracting by manifest.
2806 silly tarball no local data for set-function-name@https://registry.npmjs.org/set-function-name/-/set-function-name-2.0.2.tgz. Extracting by manifest.
2807 silly tarball no local data for is-extglob@https://registry.npmjs.org/is-extglob/-/is-extglob-2.1.1.tgz. Extracting by manifest.
2808 silly tarball no local data for @isaacs/cliui@https://registry.npmjs.org/@isaacs/cliui/-/cliui-8.0.2.tgz. Extracting by manifest.
2809 silly tarball no local data for side-channel@https://registry.npmjs.org/side-channel/-/side-channel-1.1.0.tgz. Extracting by manifest.
2810 silly tarball no local data for parent-module@https://registry.npmjs.org/parent-module/-/parent-module-1.0.1.tgz. Extracting by manifest.
2811 silly tarball no local data for resolve-from@https://registry.npmjs.org/resolve-from/-/resolve-from-4.0.0.tgz. Extracting by manifest.
2812 silly tarball no local data for path-type@https://registry.npmjs.org/path-type/-/path-type-4.0.0.tgz. Extracting by manifest.
2813 silly tarball no local data for micromatch@https://registry.npmjs.org/micromatch/-/micromatch-4.0.8.tgz. Extracting by manifest.
2814 silly tarball no local data for slash@https://registry.npmjs.org/slash/-/slash-3.0.0.tgz. Extracting by manifest.
2815 silly tarball no local data for merge2@https://registry.npmjs.org/merge2/-/merge2-1.4.1.tgz. Extracting by manifest.
2816 silly tarball no local data for dir-glob@https://registry.npmjs.org/dir-glob/-/dir-glob-3.0.1.tgz. Extracting by manifest.
2817 silly tarball no local data for fast-glob@https://registry.npmjs.org/fast-glob/-/fast-glob-3.3.3.tgz. Extracting by manifest.
2818 silly tarball no local data for array-union@https://registry.npmjs.org/array-union/-/array-union-2.1.0.tgz. Extracting by manifest.
2819 silly tarball no local data for type-fest@https://registry.npmjs.org/type-fest/-/type-fest-0.20.2.tgz. Extracting by manifest.
2820 silly tarball no local data for signal-exit@https://registry.npmjs.org/signal-exit/-/signal-exit-4.1.0.tgz. Extracting by manifest.
2821 silly tarball no local data for path-scurry@https://registry.npmjs.org/path-scurry/-/path-scurry-1.11.1.tgz. Extracting by manifest.
2822 silly tarball no local data for minipass@https://registry.npmjs.org/minipass/-/minipass-7.1.2.tgz. Extracting by manifest.
2823 silly tarball no local data for jackspeak@https://registry.npmjs.org/jackspeak/-/jackspeak-2.3.6.tgz. Extracting by manifest.
2824 silly tarball no local data for language-subtag-registry@https://registry.npmjs.org/language-subtag-registry/-/language-subtag-registry-0.3.23.tgz. Extracting by manifest.
2825 silly tarball no local data for foreground-child@https://registry.npmjs.org/foreground-child/-/foreground-child-3.3.1.tgz. Extracting by manifest.
2826 silly tarball no local data for dunder-proto@https://registry.npmjs.org/dunder-proto/-/dunder-proto-1.0.1.tgz. Extracting by manifest.
2827 silly tarball no local data for rimraf@https://registry.npmjs.org/rimraf/-/rimraf-3.0.2.tgz. Extracting by manifest.
2828 silly tarball no local data for functions-have-names@https://registry.npmjs.org/functions-have-names/-/functions-have-names-1.2.3.tgz. Extracting by manifest.
2829 silly tarball no local data for resolve-pkg-maps@https://registry.npmjs.org/resolve-pkg-maps/-/resolve-pkg-maps-1.0.0.tgz. Extracting by manifest.
2830 silly tarball no local data for keyv@https://registry.npmjs.org/keyv/-/keyv-4.5.4.tgz. Extracting by manifest.
2831 silly tarball no local data for flatted@https://registry.npmjs.org/flatted/-/flatted-3.3.3.tgz. Extracting by manifest.
2832 silly tarball no local data for path-exists@https://registry.npmjs.org/path-exists/-/path-exists-4.0.0.tgz. Extracting by manifest.
2833 silly tarball no local data for flat-cache@https://registry.npmjs.org/flat-cache/-/flat-cache-3.2.0.tgz. Extracting by manifest.
2834 silly tarball no local data for locate-path@https://registry.npmjs.org/locate-path/-/locate-path-6.0.0.tgz. Extracting by manifest.
2835 silly tarball no local data for reusify@https://registry.npmjs.org/reusify/-/reusify-1.1.0.tgz. Extracting by manifest.
2836 silly tarball no local data for acorn-jsx@https://registry.npmjs.org/acorn-jsx/-/acorn-jsx-5.3.2.tgz. Extracting by manifest.
2837 silly tarball no local data for acorn@https://registry.npmjs.org/acorn/-/acorn-8.15.0.tgz. Extracting by manifest.
2838 silly tarball no local data for iterator.prototype@https://registry.npmjs.org/iterator.prototype/-/iterator.prototype-1.1.5.tgz. Extracting by manifest.
2839 silly tarball no local data for esrecurse@https://registry.npmjs.org/esrecurse/-/esrecurse-4.3.0.tgz. Extracting by manifest.
2840 silly tarball no local data for string.prototype.repeat@https://registry.npmjs.org/string.prototype.repeat/-/string.prototype.repeat-1.0.0.tgz. Extracting by manifest.
2841 silly tarball no local data for string.prototype.matchall@https://registry.npmjs.org/string.prototype.matchall/-/string.prototype.matchall-4.0.12.tgz. Extracting by manifest.
2842 silly tarball no local data for object.entries@https://registry.npmjs.org/object.entries/-/object.entries-1.1.9.tgz. Extracting by manifest.
2843 silly tarball no local data for es-iterator-helpers@https://registry.npmjs.org/es-iterator-helpers/-/es-iterator-helpers-1.2.2.tgz. Extracting by manifest.
2844 silly tarball no local data for string.prototype.includes@https://registry.npmjs.org/string.prototype.includes/-/string.prototype.includes-2.0.1.tgz. Extracting by manifest.
2845 silly tarball no local data for array.prototype.findlast@https://registry.npmjs.org/array.prototype.findlast/-/array.prototype.findlast-1.2.5.tgz. Extracting by manifest.
2846 silly tarball no local data for estraverse@https://registry.npmjs.org/estraverse/-/estraverse-5.3.0.tgz. Extracting by manifest.
2847 silly tarball no local data for array.prototype.tosorted@https://registry.npmjs.org/array.prototype.tosorted/-/array.prototype.tosorted-1.1.4.tgz. Extracting by manifest.
2848 silly tarball no local data for prop-types@https://registry.npmjs.org/prop-types/-/prop-types-15.8.1.tgz. Extracting by manifest.
2849 silly tarball no local data for language-tags@https://registry.npmjs.org/language-tags/-/language-tags-1.0.9.tgz. Extracting by manifest.
2850 silly tarball no local data for emoji-regex@https://registry.npmjs.org/emoji-regex/-/emoji-regex-9.2.2.tgz. Extracting by manifest.
2851 silly tarball no local data for jsx-ast-utils@https://registry.npmjs.org/jsx-ast-utils/-/jsx-ast-utils-3.3.5.tgz. Extracting by manifest.
2852 silly tarball no local data for axobject-query@https://registry.npmjs.org/axobject-query/-/axobject-query-4.1.0.tgz. Extracting by manifest.
2853 silly tarball no local data for ast-types-flow@https://registry.npmjs.org/ast-types-flow/-/ast-types-flow-0.0.8.tgz. Extracting by manifest.
2854 silly tarball no local data for aria-query@https://registry.npmjs.org/aria-query/-/aria-query-5.3.2.tgz. Extracting by manifest.
2855 silly tarball no local data for axe-core@https://registry.npmjs.org/axe-core/-/axe-core-4.11.1.tgz. Extracting by manifest.
2856 silly tarball no local data for is-symbol@https://registry.npmjs.org/is-symbol/-/is-symbol-1.1.1.tgz. Extracting by manifest.
2857 silly tarball no local data for has-tostringtag@https://registry.npmjs.org/has-tostringtag/-/has-tostringtag-1.0.2.tgz. Extracting by manifest.
2858 silly tarball no local data for damerau-levenshtein@https://registry.npmjs.org/damerau-levenshtein/-/damerau-levenshtein-1.0.8.tgz. Extracting by manifest.
2859 silly tarball no local data for is-date-object@https://registry.npmjs.org/is-date-object/-/is-date-object-1.1.0.tgz. Extracting by manifest.
2860 silly tarball no local data for which-typed-array@https://registry.npmjs.org/which-typed-array/-/which-typed-array-1.1.19.tgz. Extracting by manifest.
2861 silly tarball no local data for possible-typed-array-names@https://registry.npmjs.org/possible-typed-array-names/-/possible-typed-array-names-1.1.0.tgz. Extracting by manifest.
2862 silly tarball no local data for typed-array-length@https://registry.npmjs.org/typed-array-length/-/typed-array-length-1.0.7.tgz. Extracting by manifest.
2863 silly tarball no local data for typed-array-byte-offset@https://registry.npmjs.org/typed-array-byte-offset/-/typed-array-byte-offset-1.0.4.tgz. Extracting by manifest.
2864 silly tarball no local data for typed-array-byte-length@https://registry.npmjs.org/typed-array-byte-length/-/typed-array-byte-length-1.0.3.tgz. Extracting by manifest.
2865 silly tarball no local data for typed-array-buffer@https://registry.npmjs.org/typed-array-buffer/-/typed-array-buffer-1.0.3.tgz. Extracting by manifest.
2866 silly tarball no local data for string.prototype.trimstart@https://registry.npmjs.org/string.prototype.trimstart/-/string.prototype.trimstart-1.0.8.tgz. Extracting by manifest.
2867 silly tarball no local data for string.prototype.trim@https://registry.npmjs.org/string.prototype.trim/-/string.prototype.trim-1.2.10.tgz. Extracting by manifest.
2868 silly tarball no local data for set-proto@https://registry.npmjs.org/set-proto/-/set-proto-1.0.0.tgz. Extracting by manifest.
2869 silly tarball no local data for stop-iteration-iterator@https://registry.npmjs.org/stop-iteration-iterator/-/stop-iteration-iterator-1.1.0.tgz. Extracting by manifest.
2870 silly tarball no local data for safe-push-apply@https://registry.npmjs.org/safe-push-apply/-/safe-push-apply-1.0.0.tgz. Extracting by manifest.
2871 silly tarball no local data for safe-regex-test@https://registry.npmjs.org/safe-regex-test/-/safe-regex-test-1.1.0.tgz. Extracting by manifest.
2872 silly tarball no local data for safe-array-concat@https://registry.npmjs.org/safe-array-concat/-/safe-array-concat-1.1.3.tgz. Extracting by manifest.
2873 silly tarball no local data for regexp.prototype.flags@https://registry.npmjs.org/regexp.prototype.flags/-/regexp.prototype.flags-1.5.4.tgz. Extracting by manifest.
2874 silly tarball no local data for own-keys@https://registry.npmjs.org/own-keys/-/own-keys-1.0.1.tgz. Extracting by manifest.
2875 silly tarball no local data for object-inspect@https://registry.npmjs.org/object-inspect/-/object-inspect-1.13.4.tgz. Extracting by manifest.
2876 silly tarball no local data for is-weakref@https://registry.npmjs.org/is-weakref/-/is-weakref-1.1.1.tgz. Extracting by manifest.
2877 silly tarball no local data for is-typed-array@https://registry.npmjs.org/is-typed-array/-/is-typed-array-1.1.15.tgz. Extracting by manifest.
2878 silly tarball no local data for object.assign@https://registry.npmjs.org/object.assign/-/object.assign-4.1.7.tgz. Extracting by manifest.
2879 silly tarball no local data for is-shared-array-buffer@https://registry.npmjs.org/is-shared-array-buffer/-/is-shared-array-buffer-1.0.4.tgz. Extracting by manifest.
2880 silly tarball no local data for is-set@https://registry.npmjs.org/is-set/-/is-set-2.0.3.tgz. Extracting by manifest.
2881 silly tarball no local data for is-regex@https://registry.npmjs.org/is-regex/-/is-regex-1.2.1.tgz. Extracting by manifest.
2882 silly tarball no local data for is-data-view@https://registry.npmjs.org/is-data-view/-/is-data-view-1.0.2.tgz. Extracting by manifest.
2883 silly tarball no local data for is-negative-zero@https://registry.npmjs.org/is-negative-zero/-/is-negative-zero-2.0.3.tgz. Extracting by manifest.
2884 silly tarball no local data for is-array-buffer@https://registry.npmjs.org/is-array-buffer/-/is-array-buffer-3.0.5.tgz. Extracting by manifest.
2885 silly tarball no local data for is-callable@https://registry.npmjs.org/is-callable/-/is-callable-1.2.7.tgz. Extracting by manifest.
2886 silly tarball no local data for has-symbols@https://registry.npmjs.org/has-symbols/-/has-symbols-1.1.0.tgz. Extracting by manifest.
2887 silly tarball no local data for internal-slot@https://registry.npmjs.org/internal-slot/-/internal-slot-1.1.0.tgz. Extracting by manifest.
2888 silly tarball no local data for globalthis@https://registry.npmjs.org/globalthis/-/globalthis-1.0.4.tgz. Extracting by manifest.
2889 silly tarball no local data for has-proto@https://registry.npmjs.org/has-proto/-/has-proto-1.2.0.tgz. Extracting by manifest.
2890 silly tarball no local data for get-proto@https://registry.npmjs.org/get-proto/-/get-proto-1.0.1.tgz. Extracting by manifest.
2891 silly tarball no local data for function.prototype.name@https://registry.npmjs.org/function.prototype.name/-/function.prototype.name-1.1.8.tgz. Extracting by manifest.
2892 silly tarball no local data for get-symbol-description@https://registry.npmjs.org/get-symbol-description/-/get-symbol-description-1.1.0.tgz. Extracting by manifest.
2893 silly tarball no local data for es-to-primitive@https://registry.npmjs.org/es-to-primitive/-/es-to-primitive-1.3.0.tgz. Extracting by manifest.
2894 silly tarball no local data for data-view-byte-offset@https://registry.npmjs.org/data-view-byte-offset/-/data-view-byte-offset-1.0.1.tgz. Extracting by manifest.
2895 silly tarball no local data for es-set-tostringtag@https://registry.npmjs.org/es-set-tostringtag/-/es-set-tostringtag-2.1.0.tgz. Extracting by manifest.
2896 silly tarball no local data for data-view-byte-length@https://registry.npmjs.org/data-view-byte-length/-/data-view-byte-length-1.0.2.tgz. Extracting by manifest.
2897 silly tarball no local data for data-view-buffer@https://registry.npmjs.org/data-view-buffer/-/data-view-buffer-1.0.2.tgz. Extracting by manifest.
2898 silly tarball no local data for unbox-primitive@https://registry.npmjs.org/unbox-primitive/-/unbox-primitive-1.1.0.tgz. Extracting by manifest.
2899 silly tarball no local data for available-typed-arrays@https://registry.npmjs.org/available-typed-arrays/-/available-typed-arrays-1.0.7.tgz. Extracting by manifest.
2900 silly tarball no local data for array-buffer-byte-length@https://registry.npmjs.org/array-buffer-byte-length/-/array-buffer-byte-length-1.0.2.tgz. Extracting by manifest.
2901 silly tarball no local data for arraybuffer.prototype.slice@https://registry.npmjs.org/arraybuffer.prototype.slice/-/arraybuffer.prototype.slice-1.0.4.tgz. Extracting by manifest.
2902 silly tarball no local data for gopd@https://registry.npmjs.org/gopd/-/gopd-1.2.0.tgz. Extracting by manifest.
2903 silly tarball no local data for has-property-descriptors@https://registry.npmjs.org/has-property-descriptors/-/has-property-descriptors-1.0.2.tgz. Extracting by manifest.
2904 silly tarball no local data for object-keys@https://registry.npmjs.org/object-keys/-/object-keys-1.1.1.tgz. Extracting by manifest.
2905 silly tarball no local data for define-data-property@https://registry.npmjs.org/define-data-property/-/define-data-property-1.1.4.tgz. Extracting by manifest.
2906 silly tarball no local data for function-bind@https://registry.npmjs.org/function-bind/-/function-bind-1.1.2.tgz. Extracting by manifest.
2907 silly tarball no local data for set-function-length@https://registry.npmjs.org/set-function-length/-/set-function-length-1.2.2.tgz. Extracting by manifest.
2908 silly tarball no local data for es-define-property@https://registry.npmjs.org/es-define-property/-/es-define-property-1.0.1.tgz. Extracting by manifest.
2909 silly tarball no local data for call-bind-apply-helpers@https://registry.npmjs.org/call-bind-apply-helpers/-/call-bind-apply-helpers-1.0.2.tgz. Extracting by manifest.
2910 silly tarball no local data for es-shim-unscopables@https://registry.npmjs.org/es-shim-unscopables/-/es-shim-unscopables-1.1.0.tgz. Extracting by manifest.
2911 silly tarball no local data for es-errors@https://registry.npmjs.org/es-errors/-/es-errors-1.3.0.tgz. Extracting by manifest.
2912 silly tarball no local data for is-string@https://registry.npmjs.org/is-string/-/is-string-1.1.1.tgz. Extracting by manifest.
2913 silly tarball no local data for math-intrinsics@https://registry.npmjs.org/math-intrinsics/-/math-intrinsics-1.1.0.tgz. Extracting by manifest.
2914 silly tarball no local data for get-intrinsic@https://registry.npmjs.org/get-intrinsic/-/get-intrinsic-1.3.0.tgz. Extracting by manifest.
2915 silly tarball no local data for call-bound@https://registry.npmjs.org/call-bound/-/call-bound-1.0.4.tgz. Extracting by manifest.
2916 silly tarball no local data for es-abstract@https://registry.npmjs.org/es-abstract/-/es-abstract-1.24.1.tgz. Extracting by manifest.
2917 silly tarball no local data for string.prototype.trimend@https://registry.npmjs.org/string.prototype.trimend/-/string.prototype.trimend-1.0.9.tgz. Extracting by manifest.
2918 silly tarball no local data for define-properties@https://registry.npmjs.org/define-properties/-/define-properties-1.2.1.tgz. Extracting by manifest.
2919 silly tarball no local data for tsconfig-paths@https://registry.npmjs.org/tsconfig-paths/-/tsconfig-paths-3.15.0.tgz. Extracting by manifest.
2920 silly tarball no local data for call-bind@https://registry.npmjs.org/call-bind/-/call-bind-1.0.8.tgz. Extracting by manifest.
2921 silly tarball no local data for object.fromentries@https://registry.npmjs.org/object.fromentries/-/object.fromentries-2.0.8.tgz. Extracting by manifest.
2922 silly tarball no local data for object.groupby@https://registry.npmjs.org/object.groupby/-/object.groupby-1.0.3.tgz. Extracting by manifest.
2923 silly tarball no local data for object.values@https://registry.npmjs.org/object.values/-/object.values-1.2.1.tgz. Extracting by manifest.
2924 silly tarball no local data for eslint-module-utils@https://registry.npmjs.org/eslint-module-utils/-/eslint-module-utils-2.12.1.tgz. Extracting by manifest.
2925 silly tarball no local data for hasown@https://registry.npmjs.org/hasown/-/hasown-2.0.2.tgz. Extracting by manifest.
2926 silly tarball no local data for array.prototype.flatmap@https://registry.npmjs.org/array.prototype.flatmap/-/array.prototype.flatmap-1.3.3.tgz. Extracting by manifest.
2927 silly tarball no local data for array.prototype.flat@https://registry.npmjs.org/array.prototype.flat/-/array.prototype.flat-1.3.3.tgz. Extracting by manifest.
2928 silly tarball no local data for array.prototype.findlastindex@https://registry.npmjs.org/array.prototype.findlastindex/-/array.prototype.findlastindex-1.2.6.tgz. Extracting by manifest.
2929 silly tarball no local data for array-includes@https://registry.npmjs.org/array-includes/-/array-includes-3.1.9.tgz. Extracting by manifest.
2930 silly tarball no local data for @rtsao/scc@https://registry.npmjs.org/@rtsao/scc/-/scc-1.1.0.tgz. Extracting by manifest.
2931 silly tarball no local data for unrs-resolver@https://registry.npmjs.org/unrs-resolver/-/unrs-resolver-1.11.1.tgz. Extracting by manifest.
2932 silly tarball no local data for tinyglobby@https://registry.npmjs.org/tinyglobby/-/tinyglobby-0.2.15.tgz. Extracting by manifest.
2933 silly tarball no local data for stable-hash@https://registry.npmjs.org/stable-hash/-/stable-hash-0.0.5.tgz. Extracting by manifest.
2934 silly tarball no local data for es-object-atoms@https://registry.npmjs.org/es-object-atoms/-/es-object-atoms-1.1.1.tgz. Extracting by manifest.
2935 silly tarball no local data for is-bun-module@https://registry.npmjs.org/is-bun-module/-/is-bun-module-2.0.0.tgz. Extracting by manifest.
2936 silly tarball no local data for get-tsconfig@https://registry.npmjs.org/get-tsconfig/-/get-tsconfig-4.13.0.tgz. Extracting by manifest.
2937 silly tarball no local data for @nolyfill/is-core-module@https://registry.npmjs.org/@nolyfill/is-core-module/-/is-core-module-1.0.39.tgz. Extracting by manifest.
2938 silly tarball no local data for resolve@https://registry.npmjs.org/resolve/-/resolve-1.22.11.tgz. Extracting by manifest.
2939 silly tarball no local data for is-core-module@https://registry.npmjs.org/is-core-module/-/is-core-module-2.16.1.tgz. Extracting by manifest.
2940 silly tarball no local data for ts-api-utils@https://registry.npmjs.org/ts-api-utils/-/ts-api-utils-1.4.3.tgz. Extracting by manifest.
2941 silly tarball no local data for semver@https://registry.npmjs.org/semver/-/semver-7.7.3.tgz. Extracting by manifest.
2942 silly tarball no local data for globby@https://registry.npmjs.org/globby/-/globby-11.1.0.tgz. Extracting by manifest.
2943 silly tarball no local data for @typescript-eslint/visitor-keys@https://registry.npmjs.org/@typescript-eslint/visitor-keys/-/visitor-keys-7.2.0.tgz. Extracting by manifest.
2944 silly tarball no local data for @typescript-eslint/typescript-estree@https://registry.npmjs.org/@typescript-eslint/typescript-estree/-/typescript-estree-7.2.0.tgz. Extracting by manifest.
2945 silly tarball no local data for @typescript-eslint/types@https://registry.npmjs.org/@typescript-eslint/types/-/types-7.2.0.tgz. Extracting by manifest.
2946 silly tarball no local data for glob@https://registry.npmjs.org/glob/-/glob-10.3.10.tgz. Extracting by manifest.
2947 silly tarball no local data for @typescript-eslint/scope-manager@https://registry.npmjs.org/@typescript-eslint/scope-manager/-/scope-manager-7.2.0.tgz. Extracting by manifest.
2948 silly tarball no local data for eslint-plugin-react-hooks@https://registry.npmjs.org/eslint-plugin-react-hooks/-/eslint-plugin-react-hooks-5.0.0-canary-7118f5dd7-20230705.tgz. Extracting by manifest.
2949 silly tarball no local data for eslint-plugin-jsx-a11y@https://registry.npmjs.org/eslint-plugin-jsx-a11y/-/eslint-plugin-jsx-a11y-6.10.2.tgz. Extracting by manifest.
2950 silly tarball no local data for eslint-plugin-react@https://registry.npmjs.org/eslint-plugin-react/-/eslint-plugin-react-7.37.5.tgz. Extracting by manifest.
2951 silly tarball no local data for eslint-plugin-import@https://registry.npmjs.org/eslint-plugin-import/-/eslint-plugin-import-2.32.0.tgz. Extracting by manifest.
2952 silly tarball no local data for eslint-import-resolver-typescript@https://registry.npmjs.org/eslint-import-resolver-typescript/-/eslint-import-resolver-typescript-3.10.1.tgz. Extracting by manifest.
2953 silly tarball no local data for eslint-import-resolver-node@https://registry.npmjs.org/eslint-import-resolver-node/-/eslint-import-resolver-node-0.3.9.tgz. Extracting by manifest.
2954 silly tarball no local data for @typescript-eslint/parser@https://registry.npmjs.org/@typescript-eslint/parser/-/parser-7.2.0.tgz. Extracting by manifest.
2955 silly tarball no local data for @rushstack/eslint-patch@https://registry.npmjs.org/@rushstack/eslint-patch/-/eslint-patch-1.15.0.tgz. Extracting by manifest.
2956 silly tarball no local data for @next/eslint-plugin-next@https://registry.npmjs.org/@next/eslint-plugin-next/-/eslint-plugin-next-14.2.5.tgz. Extracting by manifest.
2957 silly tarball no local data for ms@https://registry.npmjs.org/ms/-/ms-2.1.3.tgz. Extracting by manifest.
2958 silly tarball no local data for which@https://registry.npmjs.org/which/-/which-2.0.2.tgz. Extracting by manifest.
2959 silly tarball no local data for path-key@https://registry.npmjs.org/path-key/-/path-key-3.1.1.tgz. Extracting by manifest.
2960 silly tarball no local data for color-name@https://registry.npmjs.org/color-name/-/color-name-1.1.4.tgz. Extracting by manifest.
2961 silly tarball no local data for ansi-styles@https://registry.npmjs.org/ansi-styles/-/ansi-styles-4.3.0.tgz. Extracting by manifest.
2962 silly tarball no local data for shebang-command@https://registry.npmjs.org/shebang-command/-/shebang-command-2.0.0.tgz. Extracting by manifest.
2963 silly tarball no local data for supports-color@https://registry.npmjs.org/supports-color/-/supports-color-7.2.0.tgz. Extracting by manifest.
2964 silly tarball no local data for uri-js@https://registry.npmjs.org/uri-js/-/uri-js-4.4.1.tgz. Extracting by manifest.
2965 silly tarball no local data for color-convert@https://registry.npmjs.org/color-convert/-/color-convert-2.0.1.tgz. Extracting by manifest.
2966 silly tarball no local data for run-parallel@https://registry.npmjs.org/run-parallel/-/run-parallel-1.2.0.tgz. Extracting by manifest.
2967 silly tarball no local data for fastq@https://registry.npmjs.org/fastq/-/fastq-1.20.1.tgz. Extracting by manifest.
2968 silly tarball no local data for @nodelib/fs.stat@https://registry.npmjs.org/@nodelib/fs.stat/-/fs.stat-2.0.5.tgz. Extracting by manifest.
2969 silly tarball no local data for @nodelib/fs.scandir@https://registry.npmjs.org/@nodelib/fs.scandir/-/fs.scandir-2.1.5.tgz. Extracting by manifest.
2970 silly tarball no local data for fast-json-stable-stringify@https://registry.npmjs.org/fast-json-stable-stringify/-/fast-json-stable-stringify-2.1.0.tgz. Extracting by manifest.
2971 silly tarball no local data for import-fresh@https://registry.npmjs.org/import-fresh/-/import-fresh-3.3.1.tgz. Extracting by manifest.
2972 silly tarball no local data for text-table@https://registry.npmjs.org/text-table/-/text-table-0.2.0.tgz. Extracting by manifest.
2973 silly tarball no local data for strip-ansi@https://registry.npmjs.org/strip-ansi/-/strip-ansi-6.0.1.tgz. Extracting by manifest.
2974 silly tarball no local data for optionator@https://registry.npmjs.org/optionator/-/optionator-0.9.4.tgz. Extracting by manifest.
2975 silly tarball no local data for json-schema-traverse@https://registry.npmjs.org/json-schema-traverse/-/json-schema-traverse-0.4.1.tgz. Extracting by manifest.
2976 silly tarball no local data for natural-compare@https://registry.npmjs.org/natural-compare/-/natural-compare-1.4.0.tgz. Extracting by manifest.
2977 silly tarball no local data for @humanwhocodes/object-schema@https://registry.npmjs.org/@humanwhocodes/object-schema/-/object-schema-2.0.3.tgz. Extracting by manifest.
2978 silly tarball no local data for strip-json-comments@https://registry.npmjs.org/strip-json-comments/-/strip-json-comments-3.1.1.tgz. Extracting by manifest.
2979 silly tarball no local data for minimatch@https://registry.npmjs.org/minimatch/-/minimatch-3.1.2.tgz. Extracting by manifest.
2980 silly tarball no local data for levn@https://registry.npmjs.org/levn/-/levn-0.4.1.tgz. Extracting by manifest.
2981 silly tarball no local data for json-stable-stringify-without-jsonify@https://registry.npmjs.org/json-stable-stringify-without-jsonify/-/json-stable-stringify-without-jsonify-1.0.1.tgz. Extracting by manifest.
2982 silly tarball no local data for js-yaml@https://registry.npmjs.org/js-yaml/-/js-yaml-4.1.1.tgz. Extracting by manifest.
2983 silly tarball no local data for imurmurhash@https://registry.npmjs.org/imurmurhash/-/imurmurhash-0.1.4.tgz. Extracting by manifest.
2984 silly tarball no local data for is-glob@https://registry.npmjs.org/is-glob/-/is-glob-4.0.3.tgz. Extracting by manifest.
2985 silly tarball no local data for is-path-inside@https://registry.npmjs.org/is-path-inside/-/is-path-inside-3.0.3.tgz. Extracting by manifest.
2986 silly tarball no local data for ignore@https://registry.npmjs.org/ignore/-/ignore-5.3.2.tgz. Extracting by manifest.
2987 silly tarball no local data for graphemer@https://registry.npmjs.org/graphemer/-/graphemer-1.4.0.tgz. Extracting by manifest.
2988 silly tarball no local data for globals@https://registry.npmjs.org/globals/-/globals-13.24.0.tgz. Extracting by manifest.
2989 silly tarball no local data for glob-parent@https://registry.npmjs.org/glob-parent/-/glob-parent-6.0.2.tgz. Extracting by manifest.
2990 silly tarball no local data for find-up@https://registry.npmjs.org/find-up/-/find-up-5.0.0.tgz. Extracting by manifest.
2991 silly tarball no local data for file-entry-cache@https://registry.npmjs.org/file-entry-cache/-/file-entry-cache-6.0.1.tgz. Extracting by manifest.
2992 silly tarball no local data for fast-deep-equal@https://registry.npmjs.org/fast-deep-equal/-/fast-deep-equal-3.1.3.tgz. Extracting by manifest.
2993 silly tarball no local data for esutils@https://registry.npmjs.org/esutils/-/esutils-2.0.3.tgz. Extracting by manifest.
2994 silly tarball no local data for lodash.merge@https://registry.npmjs.org/lodash.merge/-/lodash.merge-4.6.2.tgz. Extracting by manifest.
2995 silly tarball no local data for esquery@https://registry.npmjs.org/esquery/-/esquery-1.7.0.tgz. Extracting by manifest.
2996 silly tarball no local data for eslint-visitor-keys@https://registry.npmjs.org/eslint-visitor-keys/-/eslint-visitor-keys-3.4.3.tgz. Extracting by manifest.
2997 silly tarball no local data for espree@https://registry.npmjs.org/espree/-/espree-9.6.1.tgz. Extracting by manifest.
2998 silly tarball no local data for eslint-scope@https://registry.npmjs.org/eslint-scope/-/eslint-scope-7.2.2.tgz. Extracting by manifest.
2999 silly tarball no local data for doctrine@https://registry.npmjs.org/doctrine/-/doctrine-3.0.0.tgz. Extracting by manifest.
3000 silly tarball no local data for debug@https://registry.npmjs.org/debug/-/debug-4.4.3.tgz. Extracting by manifest.
3001 silly tarball no local data for escape-string-regexp@https://registry.npmjs.org/escape-string-regexp/-/escape-string-regexp-4.0.0.tgz. Extracting by manifest.
3002 silly tarball no local data for cross-spawn@https://registry.npmjs.org/cross-spawn/-/cross-spawn-7.0.6.tgz. Extracting by manifest.
3003 silly tarball no local data for chalk@https://registry.npmjs.org/chalk/-/chalk-4.1.2.tgz. Extracting by manifest.
3004 silly tarball no local data for @nodelib/fs.walk@https://registry.npmjs.org/@nodelib/fs.walk/-/fs.walk-1.2.8.tgz. Extracting by manifest.
3005 silly tarball no local data for ajv@https://registry.npmjs.org/ajv/-/ajv-6.12.6.tgz. Extracting by manifest.
3006 silly tarball no local data for @ungap/structured-clone@https://registry.npmjs.org/@ungap/structured-clone/-/structured-clone-1.3.0.tgz. Extracting by manifest.
3007 silly tarball no local data for @humanwhocodes/config-array@https://registry.npmjs.org/@humanwhocodes/config-array/-/config-array-0.13.0.tgz. Extracting by manifest.
3008 silly tarball no local data for @eslint/js@https://registry.npmjs.org/@eslint/js/-/js-8.57.1.tgz. Extracting by manifest.
3009 silly tarball no local data for @eslint-community/regexpp@https://registry.npmjs.org/@eslint-community/regexpp/-/regexpp-4.12.2.tgz. Extracting by manifest.
3010 silly tarball no local data for @eslint/eslintrc@https://registry.npmjs.org/@eslint/eslintrc/-/eslintrc-2.1.4.tgz. Extracting by manifest.
3011 silly tarball no local data for @humanwhocodes/module-importer@https://registry.npmjs.org/@humanwhocodes/module-importer/-/module-importer-1.0.1.tgz. Extracting by manifest.
3012 silly tarball no local data for @eslint-community/eslint-utils@https://registry.npmjs.org/@eslint-community/eslint-utils/-/eslint-utils-4.9.1.tgz. Extracting by manifest.
3013 silly tarball no local data for csstype@https://registry.npmjs.org/csstype/-/csstype-3.2.3.tgz. Extracting by manifest.
3014 silly tarball no local data for undici-types@https://registry.npmjs.org/undici-types/-/undici-types-6.21.0.tgz. Extracting by manifest.
3015 silly tarball no local data for @types/prop-types@https://registry.npmjs.org/@types/prop-types/-/prop-types-15.7.15.tgz. Extracting by manifest.
3016 silly tarball no local data for iceberg-js@https://registry.npmjs.org/iceberg-js/-/iceberg-js-0.8.1.tgz. Extracting by manifest.
3017 silly tarball no local data for ws@https://registry.npmjs.org/ws/-/ws-8.19.0.tgz. Extracting by manifest.
3018 silly tarball no local data for @types/ws@https://registry.npmjs.org/@types/ws/-/ws-8.18.1.tgz. Extracting by manifest.
3019 silly tarball no local data for tslib@https://registry.npmjs.org/tslib/-/tslib-2.8.1.tgz. Extracting by manifest.
3020 silly tarball no local data for @types/phoenix@https://registry.npmjs.org/@types/phoenix/-/phoenix-1.6.7.tgz. Extracting by manifest.
3021 silly tarball no local data for @supabase/storage-js@https://registry.npmjs.org/@supabase/storage-js/-/storage-js-2.90.1.tgz. Extracting by manifest.
3022 silly tarball no local data for @supabase/realtime-js@https://registry.npmjs.org/@supabase/realtime-js/-/realtime-js-2.90.1.tgz. Extracting by manifest.
3023 silly tarball no local data for @supabase/postgrest-js@https://registry.npmjs.org/@supabase/postgrest-js/-/postgrest-js-2.90.1.tgz. Extracting by manifest.
3024 silly tarball no local data for @supabase/functions-js@https://registry.npmjs.org/@supabase/functions-js/-/functions-js-2.90.1.tgz. Extracting by manifest.
3025 silly tarball no local data for @supabase/auth-js@https://registry.npmjs.org/@supabase/auth-js/-/auth-js-2.90.1.tgz. Extracting by manifest.
3026 silly tarball no local data for cookie@https://registry.npmjs.org/cookie/-/cookie-0.5.0.tgz. Extracting by manifest.
3027 silly tarball no local data for ramda@https://registry.npmjs.org/ramda/-/ramda-0.29.1.tgz. Extracting by manifest.
3028 silly tarball no local data for typescript@https://registry.npmjs.org/typescript/-/typescript-5.9.3.tgz. Extracting by manifest.
3029 silly tarball no local data for react@https://registry.npmjs.org/react/-/react-19.2.3.tgz. Extracting by manifest.
3030 silly tarball no local data for react-dom@https://registry.npmjs.org/react-dom/-/react-dom-19.2.3.tgz. Extracting by manifest.
3031 silly tarball no local data for eslint-config-next@https://registry.npmjs.org/eslint-config-next/-/eslint-config-next-14.2.5.tgz. Extracting by manifest.
3032 silly tarball no local data for @types/react-dom@https://registry.npmjs.org/@types/react-dom/-/react-dom-18.3.7.tgz. Extracting by manifest.
3033 silly tarball no local data for @types/node@https://registry.npmjs.org/@types/node/-/node-20.19.28.tgz. Extracting by manifest.
3034 silly tarball no local data for eslint@https://registry.npmjs.org/eslint/-/eslint-8.57.1.tgz. Extracting by manifest.
3035 silly tarball no local data for @supabase/supabase-js@https://registry.npmjs.org/@supabase/supabase-js/-/supabase-js-2.90.1.tgz. Extracting by manifest.
3036 silly tarball no local data for @types/react@https://registry.npmjs.org/@types/react/-/react-18.3.27.tgz. Extracting by manifest.
3037 silly tarball no local data for @supabase/ssr@https://registry.npmjs.org/@supabase/ssr/-/ssr-0.1.0.tgz. Extracting by manifest.
3038 silly tarball no local data for emoji-regex@https://registry.npmjs.org/emoji-regex/-/emoji-regex-8.0.0.tgz. Extracting by manifest.
3039 silly tarball no local data for strip-ansi@https://registry.npmjs.org/strip-ansi/-/strip-ansi-7.1.2.tgz. Extracting by manifest.
3040 silly tarball no local data for emoji-regex@https://registry.npmjs.org/emoji-regex/-/emoji-regex-8.0.0.tgz. Extracting by manifest.
3041 silly tarball no local data for ansi-regex@https://registry.npmjs.org/ansi-regex/-/ansi-regex-6.2.2.tgz. Extracting by manifest.
3042 silly tarball no local data for ansi-styles@https://registry.npmjs.org/ansi-styles/-/ansi-styles-6.2.3.tgz. Extracting by manifest.
3043 silly tarball no local data for string-width@https://registry.npmjs.org/string-width/-/string-width-4.2.3.tgz. Extracting by manifest.
3044 silly tarball no local data for strip-ansi@https://registry.npmjs.org/strip-ansi/-/strip-ansi-7.1.2.tgz. Extracting by manifest.
3045 silly tarball no local data for glob@https://registry.npmjs.org/glob/-/glob-7.2.3.tgz. Extracting by manifest.
3046 silly tarball no local data for glob-parent@https://registry.npmjs.org/glob-parent/-/glob-parent-5.1.2.tgz. Extracting by manifest.
3047 silly tarball no local data for debug@https://registry.npmjs.org/debug/-/debug-3.2.7.tgz. Extracting by manifest.
3048 silly tarball no local data for picomatch@https://registry.npmjs.org/picomatch/-/picomatch-4.0.3.tgz. Extracting by manifest.
3049 silly tarball no local data for fdir@https://registry.npmjs.org/fdir/-/fdir-6.5.0.tgz. Extracting by manifest.
3050 silly tarball no local data for brace-expansion@https://registry.npmjs.org/brace-expansion/-/brace-expansion-2.0.2.tgz. Extracting by manifest.
3051 silly tarball no local data for minimatch@https://registry.npmjs.org/minimatch/-/minimatch-9.0.3.tgz. Extracting by manifest.
3052 silly tarball no local data for brace-expansion@https://registry.npmjs.org/brace-expansion/-/brace-expansion-2.0.2.tgz. Extracting by manifest.
3053 silly tarball no local data for minimatch@https://registry.npmjs.org/minimatch/-/minimatch-9.0.5.tgz. Extracting by manifest.
3054 silly tarball no local data for strip-ansi@https://registry.npmjs.org/strip-ansi/-/strip-ansi-7.1.2.tgz. Extracting by manifest.
3055 silly tarball no local data for semver@https://registry.npmjs.org/semver/-/semver-6.3.1.tgz. Extracting by manifest.
3056 silly tarball no local data for resolve@https://registry.npmjs.org/resolve/-/resolve-2.0.0-next.5.tgz. Extracting by manifest.
3057 silly tarball no local data for semver@https://registry.npmjs.org/semver/-/semver-6.3.1.tgz. Extracting by manifest.
3058 silly tarball no local data for debug@https://registry.npmjs.org/debug/-/debug-3.2.7.tgz. Extracting by manifest.
3059 silly tarball no local data for doctrine@https://registry.npmjs.org/doctrine/-/doctrine-2.1.0.tgz. Extracting by manifest.
3060 silly tarball no local data for doctrine@https://registry.npmjs.org/doctrine/-/doctrine-2.1.0.tgz. Extracting by manifest.
3061 silly tarball no local data for next@https://registry.npmjs.org/next/-/next-16.1.1.tgz. Extracting by manifest.
3062 silly tarball no local data for ansi-regex@https://registry.npmjs.org/ansi-regex/-/ansi-regex-6.2.2.tgz. Extracting by manifest.
3063 silly tarball no local data for debug@https://registry.npmjs.org/debug/-/debug-3.2.7.tgz. Extracting by manifest.
3064 silly tarball no local data for ansi-regex@https://registry.npmjs.org/ansi-regex/-/ansi-regex-6.2.2.tgz. Extracting by manifest.
3065 http fetch GET 200 https://registry.npmjs.org/once/-/once-1.4.0.tgz 115ms (cache miss)
3066 http fetch GET 200 https://registry.npmjs.org/wrappy/-/wrappy-1.0.2.tgz 116ms (cache miss)
3067 http fetch GET 200 https://registry.npmjs.org/is-weakset/-/is-weakset-2.0.4.tgz 116ms (cache miss)
3068 http fetch GET 200 https://registry.npmjs.org/path-is-absolute/-/path-is-absolute-1.0.1.tgz 116ms (cache miss)
3069 http fetch GET 200 https://registry.npmjs.org/fs.realpath/-/fs.realpath-1.0.0.tgz 116ms (cache miss)
3070 http fetch GET 200 https://registry.npmjs.org/inherits/-/inherits-2.0.4.tgz 116ms (cache miss)
3071 http fetch GET 200 https://registry.npmjs.org/isexe/-/isexe-2.0.0.tgz 147ms (cache miss)
3072 http fetch GET 200 https://registry.npmjs.org/is-async-function/-/is-async-function-2.1.1.tgz 147ms (cache miss)
3073 http fetch GET 200 https://registry.npmjs.org/punycode/-/punycode-2.3.1.tgz 147ms (cache miss)
3074 http fetch GET 200 https://registry.npmjs.org/is-bigint/-/is-bigint-1.1.0.tgz 153ms (cache miss)
3075 http fetch GET 200 https://registry.npmjs.org/is-boolean-object/-/is-boolean-object-1.2.2.tgz 153ms (cache miss)
3076 http fetch GET 200 https://registry.npmjs.org/is-map/-/is-map-2.0.3.tgz 171ms (cache miss)
3077 http fetch GET 200 https://registry.npmjs.org/generator-function/-/generator-function-2.0.1.tgz 172ms (cache miss)
3078 http fetch GET 200 https://registry.npmjs.org/inflight/-/inflight-1.0.6.tgz 176ms (cache miss)
3079 warn deprecated inflight@1.0.6: This module is not supported, and leaks memory. Do not use it. Check out lru-cache if you want a good and tested way to coalesce async requests by a key value, which is much more comprehensive and powerful.
3080 http fetch GET 200 https://registry.npmjs.org/is-number-object/-/is-number-object-1.1.1.tgz 177ms (cache miss)
3081 http fetch GET 200 https://registry.npmjs.org/is-weakmap/-/is-weakmap-2.0.2.tgz 181ms (cache miss)
3082 http fetch GET 200 https://registry.npmjs.org/async-function/-/async-function-1.0.0.tgz 188ms (cache miss)
3083 http fetch GET 200 https://registry.npmjs.org/is-finalizationregistry/-/is-finalizationregistry-1.1.1.tgz 193ms (cache miss)
3084 http fetch GET 200 https://registry.npmjs.org/is-generator-function/-/is-generator-function-1.1.2.tgz 195ms (cache miss)
3085 http fetch GET 200 https://registry.npmjs.org/napi-postinstall/-/napi-postinstall-0.3.4.tgz 196ms (cache miss)
3086 http fetch POST 200 https://registry.npmjs.org/-/npm/v1/security/advisories/bulk 246ms
3087 silly audit report {
3087 silly audit report   cookie: [
3087 silly audit report     {
3087 silly audit report       id: 1103907,
3087 silly audit report       url: 'https://github.com/advisories/GHSA-pxg6-pf52-xh8x',
3087 silly audit report       title: 'cookie accepts cookie name, path, and domain with out of bounds characters',
3087 silly audit report       severity: 'low',
3087 silly audit report       vulnerable_versions: '<0.7.0',
3087 silly audit report       cwe: [Array],
3087 silly audit report       cvss: [Object]
3087 silly audit report     }
3087 silly audit report   ],
3087 silly audit report   glob: [
3087 silly audit report     {
3087 silly audit report       id: 1109842,
3087 silly audit report       url: 'https://github.com/advisories/GHSA-5j98-mcp5-4vw2',
3087 silly audit report       title: 'glob CLI: Command injection via -c/--cmd executes matches with shell:true',
3087 silly audit report       severity: 'high',
3087 silly audit report       vulnerable_versions: '>=10.2.0 <10.5.0',
3087 silly audit report       cwe: [Array],
3087 silly audit report       cvss: [Object]
3087 silly audit report     }
3087 silly audit report   ]
3087 silly audit report }
3088 silly packumentCache corgi:https://registry.npmjs.org/cookie cache-miss
3089 silly packumentCache corgi:https://registry.npmjs.org/glob cache-miss
3090 http fetch GET 200 https://registry.npmjs.org/which-boxed-primitive/-/which-boxed-primitive-1.1.1.tgz 207ms (cache miss)
3091 http fetch GET 200 https://registry.npmjs.org/reflect.getprototypeof/-/reflect.getprototypeof-1.0.10.tgz 210ms (cache miss)
3092 http fetch GET 200 https://registry.npmjs.org/which-collection/-/which-collection-1.0.2.tgz 220ms (cache miss)
3093 http fetch GET 200 https://registry.npmjs.org/strip-bom/-/strip-bom-3.0.0.tgz 222ms (cache miss)
3094 http fetch GET 200 https://registry.npmjs.org/@tybys/wasm-util/-/wasm-util-0.10.1.tgz 223ms (cache miss)
3095 http fetch GET 200 https://registry.npmjs.org/for-each/-/for-each-0.3.5.tgz 228ms (cache miss)
3096 http fetch GET 200 https://registry.npmjs.org/which-builtin-type/-/which-builtin-type-1.2.1.tgz 235ms (cache miss)
3097 http fetch GET 200 https://registry.npmjs.org/json5/-/json5-1.0.2.tgz 236ms (cache miss)
3098 http fetch GET 200 https://registry.npmjs.org/is-number/-/is-number-7.0.0.tgz 246ms (cache miss)
3099 http fetch GET 200 https://registry.npmjs.org/client-only/-/client-only-0.0.1.tgz 246ms (cache miss)
3100 http fetch GET 200 https://registry.npmjs.org/has-bigints/-/has-bigints-1.1.0.tgz 249ms (cache miss)
3101 http fetch GET 200 https://registry.npmjs.org/ansi-regex/-/ansi-regex-5.0.1.tgz 254ms (cache miss)
3102 http fetch GET 200 https://registry.npmjs.org/@emnapi/core/-/core-1.8.1.tgz 258ms (cache miss)
3103 http fetch GET 200 https://registry.npmjs.org/eastasianwidth/-/eastasianwidth-0.2.0.tgz 261ms (cache miss)
3104 http fetch GET 200 https://registry.npmjs.org/side-channel-weakmap/-/side-channel-weakmap-1.0.2.tgz 261ms (cache miss)
3105 http fetch GET 200 https://registry.npmjs.org/is-fullwidth-code-point/-/is-fullwidth-code-point-3.0.0.tgz 261ms (cache miss)
3106 http fetch GET 200 https://registry.npmjs.org/side-channel-map/-/side-channel-map-1.0.1.tgz 262ms (cache miss)
3107 http fetch GET 200 https://registry.npmjs.org/minimist/-/minimist-1.2.8.tgz 264ms (cache miss)
3108 http fetch GET 200 https://registry.npmjs.org/@emnapi/wasi-threads/-/wasi-threads-1.1.0.tgz 294ms (cache miss)
3109 http fetch GET 200 https://registry.npmjs.org/@types/json5/-/json5-0.0.29.tgz 305ms (cache miss)
3110 http fetch GET 200 https://registry.npmjs.org/side-channel-list/-/side-channel-list-1.0.0.tgz 310ms (cache miss)
3111 http fetch GET 200 https://registry.npmjs.org/isarray/-/isarray-2.0.5.tgz 310ms (cache miss)
3112 http fetch GET 200 https://registry.npmjs.org/detect-libc/-/detect-libc-2.1.2.tgz 316ms (cache miss)
3113 http fetch GET 200 https://registry.npmjs.org/queue-microtask/-/queue-microtask-1.2.3.tgz 320ms (cache miss)
3114 http fetch GET 200 https://registry.npmjs.org/@img/colour/-/colour-1.0.0.tgz 322ms (cache miss)
3115 http fetch GET 200 https://registry.npmjs.org/js-tokens/-/js-tokens-4.0.0.tgz 325ms (cache miss)
3116 http fetch GET 200 https://registry.npmjs.org/path-parse/-/path-parse-1.0.7.tgz 329ms (cache miss)
3117 http fetch GET 200 https://registry.npmjs.org/supports-preserve-symlinks-flag/-/supports-preserve-symlinks-flag-1.0.0.tgz 341ms (cache miss)
3118 http fetch GET 200 https://registry.npmjs.org/@img/sharp-darwin-arm64/-/sharp-darwin-arm64-0.34.5.tgz 343ms (cache miss)
3119 http fetch GET 200 https://registry.npmjs.org/object-assign/-/object-assign-4.1.1.tgz 343ms (cache miss)
3120 http fetch GET 200 https://registry.npmjs.org/react-is/-/react-is-16.13.1.tgz 344ms (cache miss)
3121 http fetch GET 200 https://registry.npmjs.org/scheduler/-/scheduler-0.27.0.tgz 346ms (cache miss)
3122 http fetch GET 200 https://registry.npmjs.org/loose-envify/-/loose-envify-1.4.0.tgz 346ms (cache miss)
3123 http fetch GET 200 https://registry.npmjs.org/@emnapi/runtime/-/runtime-1.8.1.tgz 352ms (cache miss)
3124 http fetch GET 200 https://registry.npmjs.org/picocolors/-/picocolors-1.1.1.tgz 370ms (cache miss)
3125 http fetch GET 200 https://registry.npmjs.org/@napi-rs/wasm-runtime/-/wasm-runtime-0.2.12.tgz 378ms (cache miss)
3126 http fetch GET 200 https://registry.npmjs.org/deep-is/-/deep-is-0.1.4.tgz 381ms (cache miss)
3127 http fetch GET 200 https://registry.npmjs.org/fast-levenshtein/-/fast-levenshtein-2.0.6.tgz 383ms (cache miss)
3128 http fetch GET 200 https://registry.npmjs.org/word-wrap/-/word-wrap-1.2.5.tgz 387ms (cache miss)
3129 http fetch GET 200 https://registry.npmjs.org/has-flag/-/has-flag-4.0.0.tgz 391ms (cache miss)
3130 http fetch GET 200 https://registry.npmjs.org/source-map-js/-/source-map-js-1.2.1.tgz 404ms (cache miss)
3131 http fetch GET 200 https://registry.npmjs.org/sharp/-/sharp-0.34.5.tgz 415ms (cache miss)
3132 http fetch GET 200 https://registry.npmjs.org/callsites/-/callsites-3.1.0.tgz 423ms (cache miss)
3133 http fetch GET 200 https://registry.npmjs.org/lru-cache/-/lru-cache-10.4.3.tgz 423ms (cache miss)
3134 http fetch GET 200 https://registry.npmjs.org/p-limit/-/p-limit-3.1.0.tgz 423ms (cache miss)
3135 http fetch GET 200 https://registry.npmjs.org/nanoid/-/nanoid-3.3.11.tgz 423ms (cache miss)
3136 http fetch GET 200 https://registry.npmjs.org/styled-jsx/-/styled-jsx-5.1.6.tgz 437ms (cache miss)
3137 http fetch GET 200 https://registry.npmjs.org/postcss/-/postcss-8.4.31.tgz 449ms (cache miss)
3138 http fetch GET 200 https://registry.npmjs.org/baseline-browser-mapping/-/baseline-browser-mapping-2.9.14.tgz 450ms (cache miss)
3139 http fetch GET 200 https://registry.npmjs.org/@next/env/-/env-16.1.1.tgz 452ms (cache miss)
3140 http fetch GET 200 https://registry.npmjs.org/balanced-match/-/balanced-match-1.0.2.tgz 474ms (cache miss)
3141 http fetch GET 200 https://registry.npmjs.org/brace-expansion/-/brace-expansion-1.1.12.tgz 480ms (cache miss)
3142 http fetch GET 200 https://registry.npmjs.org/concat-map/-/concat-map-0.0.1.tgz 480ms (cache miss)
3143 http fetch GET 200 https://registry.npmjs.org/to-regex-range/-/to-regex-range-5.0.1.tgz 480ms (cache miss)
3144 http fetch GET 200 https://registry.npmjs.org/yocto-queue/-/yocto-queue-0.1.0.tgz 499ms (cache miss)
3145 http fetch GET 200 https://registry.npmjs.org/p-locate/-/p-locate-5.0.0.tgz 507ms (cache miss)
3146 http fetch GET 200 https://registry.npmjs.org/braces/-/braces-3.0.3.tgz 520ms (cache miss)
3147 http fetch GET 200 https://registry.npmjs.org/type-check/-/type-check-0.4.0.tgz 521ms (cache miss)
3148 http fetch GET 200 https://registry.npmjs.org/prelude-ls/-/prelude-ls-1.2.1.tgz 524ms (cache miss)
3149 http fetch GET 200 https://registry.npmjs.org/@swc/helpers/-/helpers-0.5.15.tgz 535ms (cache miss)
3150 http fetch GET 200 https://registry.npmjs.org/fill-range/-/fill-range-7.1.1.tgz 535ms (cache miss)
3151 http fetch GET 200 https://registry.npmjs.org/wrap-ansi/-/wrap-ansi-7.0.0.tgz 535ms (cache miss)
3152 http fetch GET 200 https://registry.npmjs.org/picomatch/-/picomatch-2.3.1.tgz 536ms (cache miss)
3153 http fetch GET 200 https://registry.npmjs.org/shebang-regex/-/shebang-regex-3.0.0.tgz 544ms (cache miss)
3154 http fetch GET 200 https://registry.npmjs.org/strip-ansi/-/strip-ansi-6.0.1.tgz 559ms (cache miss)
3155 http fetch GET 200 https://registry.npmjs.org/string-width/-/string-width-4.2.3.tgz 563ms (cache miss)
3156 http fetch GET 200 https://registry.npmjs.org/string-width/-/string-width-5.1.2.tgz 564ms (cache miss)
3157 http fetch GET 200 https://registry.npmjs.org/wrap-ansi/-/wrap-ansi-8.1.0.tgz 564ms (cache miss)
3158 http fetch GET 200 https://registry.npmjs.org/set-function-name/-/set-function-name-2.0.2.tgz 564ms (cache miss)
3159 http fetch GET 200 https://registry.npmjs.org/is-extglob/-/is-extglob-2.1.1.tgz 564ms (cache miss)
3160 http fetch GET 200 https://registry.npmjs.org/json-buffer/-/json-buffer-3.0.1.tgz 570ms (cache miss)
3161 http fetch GET 200 https://registry.npmjs.org/argparse/-/argparse-2.0.1.tgz 595ms (cache miss)
3162 http fetch GET 200 https://registry.npmjs.org/side-channel/-/side-channel-1.1.0.tgz 594ms (cache miss)
3163 http fetch GET 200 https://registry.npmjs.org/parent-module/-/parent-module-1.0.1.tgz 594ms (cache miss)
3164 http fetch GET 200 https://registry.npmjs.org/path-type/-/path-type-4.0.0.tgz 595ms (cache miss)
3165 http fetch GET 200 https://registry.npmjs.org/resolve-from/-/resolve-from-4.0.0.tgz 598ms (cache miss)
3166 http fetch GET 200 https://registry.npmjs.org/@isaacs/cliui/-/cliui-8.0.2.tgz 601ms (cache miss)
3167 http fetch GET 200 https://registry.npmjs.org/merge2/-/merge2-1.4.1.tgz 602ms (cache miss)
3168 http fetch GET 200 https://registry.npmjs.org/slash/-/slash-3.0.0.tgz 603ms (cache miss)
3169 http fetch GET 200 https://registry.npmjs.org/micromatch/-/micromatch-4.0.8.tgz 603ms (cache miss)
3170 http fetch GET 200 https://registry.npmjs.org/dir-glob/-/dir-glob-3.0.1.tgz 606ms (cache miss)
3171 http fetch GET 200 https://registry.npmjs.org/@pkgjs/parseargs/-/parseargs-0.11.0.tgz 610ms (cache miss)
3172 http fetch GET 200 https://registry.npmjs.org/@unrs/resolver-binding-darwin-arm64/-/resolver-binding-darwin-arm64-1.11.1.tgz 620ms (cache miss)
3173 http fetch GET 200 https://registry.npmjs.org/fast-glob/-/fast-glob-3.3.3.tgz 621ms (cache miss)
3174 http fetch GET 200 https://registry.npmjs.org/minipass/-/minipass-7.1.2.tgz 627ms (cache miss)
3175 http fetch GET 200 https://registry.npmjs.org/path-scurry/-/path-scurry-1.11.1.tgz 632ms (cache miss)
3176 http fetch GET 200 https://registry.npmjs.org/signal-exit/-/signal-exit-4.1.0.tgz 632ms (cache miss)
3177 http fetch GET 200 https://registry.npmjs.org/jackspeak/-/jackspeak-2.3.6.tgz 646ms (cache miss)
3178 http fetch GET 200 https://registry.npmjs.org/type-fest/-/type-fest-0.20.2.tgz 648ms (cache miss)
3179 http fetch GET 200 https://registry.npmjs.org/language-subtag-registry/-/language-subtag-registry-0.3.23.tgz 658ms (cache miss)
3180 http fetch GET 200 https://registry.npmjs.org/caniuse-lite/-/caniuse-lite-1.0.30001764.tgz 669ms (cache miss)
3181 http fetch GET 200 https://registry.npmjs.org/keyv/-/keyv-4.5.4.tgz 666ms (cache miss)
3182 http fetch GET 200 https://registry.npmjs.org/rimraf/-/rimraf-3.0.2.tgz 695ms (cache miss)
3183 warn deprecated rimraf@3.0.2: Rimraf versions prior to v4 are no longer supported
3184 http fetch GET 200 https://registry.npmjs.org/functions-have-names/-/functions-have-names-1.2.3.tgz 698ms (cache miss)
3185 http fetch GET 200 https://registry.npmjs.org/foreground-child/-/foreground-child-3.3.1.tgz 699ms (cache miss)
3186 http fetch GET 200 https://registry.npmjs.org/dunder-proto/-/dunder-proto-1.0.1.tgz 702ms (cache miss)
3187 http fetch GET 200 https://registry.npmjs.org/path-exists/-/path-exists-4.0.0.tgz 702ms (cache miss)
3188 http fetch GET 200 https://registry.npmjs.org/locate-path/-/locate-path-6.0.0.tgz 702ms (cache miss)
3189 http fetch GET 200 https://registry.npmjs.org/reusify/-/reusify-1.1.0.tgz 702ms (cache miss)
3190 http fetch GET 200 https://registry.npmjs.org/flatted/-/flatted-3.3.3.tgz 703ms (cache miss)
3191 http fetch GET 200 https://registry.npmjs.org/resolve-pkg-maps/-/resolve-pkg-maps-1.0.0.tgz 704ms (cache miss)
3192 http fetch GET 200 https://registry.npmjs.org/flat-cache/-/flat-cache-3.2.0.tgz 705ms (cache miss)
3193 http fetch GET 200 https://registry.npmjs.org/acorn-jsx/-/acorn-jsx-5.3.2.tgz 716ms (cache miss)
3194 http fetch GET 200 https://registry.npmjs.org/string.prototype.repeat/-/string.prototype.repeat-1.0.0.tgz 719ms (cache miss)
3195 http fetch GET 200 https://registry.npmjs.org/string.prototype.matchall/-/string.prototype.matchall-4.0.12.tgz 729ms (cache miss)
3196 http fetch GET 200 https://registry.npmjs.org/array-union/-/array-union-2.1.0.tgz 764ms (cache miss)
3197 http fetch GET 200 https://registry.npmjs.org/iterator.prototype/-/iterator.prototype-1.1.5.tgz 764ms (cache miss)
3198 http fetch GET 200 https://registry.npmjs.org/array.prototype.tosorted/-/array.prototype.tosorted-1.1.4.tgz 764ms (cache miss)
3199 http fetch GET 200 https://registry.npmjs.org/array.prototype.findlast/-/array.prototype.findlast-1.2.5.tgz 765ms (cache miss)
3200 http fetch GET 200 https://registry.npmjs.org/es-iterator-helpers/-/es-iterator-helpers-1.2.2.tgz 771ms (cache miss)
3201 http fetch GET 200 https://registry.npmjs.org/prop-types/-/prop-types-15.8.1.tgz 776ms (cache miss)
3202 http fetch GET 200 https://registry.npmjs.org/object.entries/-/object.entries-1.1.9.tgz 785ms (cache miss)
3203 http fetch GET 200 https://registry.npmjs.org/string.prototype.includes/-/string.prototype.includes-2.0.1.tgz 791ms (cache miss)
3204 http fetch GET 200 https://registry.npmjs.org/emoji-regex/-/emoji-regex-9.2.2.tgz 801ms (cache miss)
3205 http fetch GET 200 https://registry.npmjs.org/jsx-ast-utils/-/jsx-ast-utils-3.3.5.tgz 821ms (cache miss)
3206 http fetch GET 200 https://registry.npmjs.org/damerau-levenshtein/-/damerau-levenshtein-1.0.8.tgz 861ms (cache miss)
3207 http fetch GET 200 https://registry.npmjs.org/is-date-object/-/is-date-object-1.1.0.tgz 889ms (cache miss)
3208 http fetch GET 200 https://registry.npmjs.org/language-tags/-/language-tags-1.0.9.tgz 891ms (cache miss)
3209 http fetch GET 200 https://registry.npmjs.org/esrecurse/-/esrecurse-4.3.0.tgz 894ms (cache miss)
3210 http fetch GET 200 https://registry.npmjs.org/which-typed-array/-/which-typed-array-1.1.19.tgz 892ms (cache miss)
3211 http fetch GET 200 https://registry.npmjs.org/has-tostringtag/-/has-tostringtag-1.0.2.tgz 907ms (cache miss)
3212 http fetch GET 200 https://registry.npmjs.org/possible-typed-array-names/-/possible-typed-array-names-1.1.0.tgz 922ms (cache miss)
3213 http fetch GET 200 https://registry.npmjs.org/acorn/-/acorn-8.15.0.tgz 924ms (cache miss)
3214 http fetch GET 200 https://registry.npmjs.org/axobject-query/-/axobject-query-4.1.0.tgz 923ms (cache miss)
3215 http fetch GET 200 https://registry.npmjs.org/is-symbol/-/is-symbol-1.1.1.tgz 934ms (cache miss)
3216 http fetch GET 200 https://registry.npmjs.org/typed-array-length/-/typed-array-length-1.0.7.tgz 943ms (cache miss)
3217 http fetch GET 200 https://registry.npmjs.org/typed-array-byte-offset/-/typed-array-byte-offset-1.0.4.tgz 949ms (cache miss)
3218 http fetch GET 200 https://registry.npmjs.org/typed-array-byte-length/-/typed-array-byte-length-1.0.3.tgz 952ms (cache miss)
3219 http fetch GET 200 https://registry.npmjs.org/typed-array-buffer/-/typed-array-buffer-1.0.3.tgz 955ms (cache miss)
3220 http fetch GET 200 https://registry.npmjs.org/ast-types-flow/-/ast-types-flow-0.0.8.tgz 967ms (cache miss)
3221 http fetch GET 200 https://registry.npmjs.org/string.prototype.trimstart/-/string.prototype.trimstart-1.0.8.tgz 966ms (cache miss)
3222 http fetch GET 200 https://registry.npmjs.org/estraverse/-/estraverse-5.3.0.tgz 969ms (cache miss)
3223 http fetch GET 200 https://registry.npmjs.org/aria-query/-/aria-query-5.3.2.tgz 975ms (cache miss)
3224 http fetch GET 200 https://registry.npmjs.org/set-proto/-/set-proto-1.0.0.tgz 982ms (cache miss)
3225 http fetch GET 200 https://registry.npmjs.org/safe-push-apply/-/safe-push-apply-1.0.0.tgz 985ms (cache miss)
3226 http fetch GET 200 https://registry.npmjs.org/stop-iteration-iterator/-/stop-iteration-iterator-1.1.0.tgz 986ms (cache miss)
3227 http fetch GET 200 https://registry.npmjs.org/safe-array-concat/-/safe-array-concat-1.1.3.tgz 996ms (cache miss)
3228 http fetch GET 200 https://registry.npmjs.org/regexp.prototype.flags/-/regexp.prototype.flags-1.5.4.tgz 1009ms (cache miss)
3229 http fetch GET 200 https://registry.npmjs.org/is-weakref/-/is-weakref-1.1.1.tgz 1010ms (cache miss)
3230 http fetch GET 200 https://registry.npmjs.org/object-inspect/-/object-inspect-1.13.4.tgz 1011ms (cache miss)
3231 http fetch GET 200 https://registry.npmjs.org/object.assign/-/object.assign-4.1.7.tgz 1028ms (cache miss)
3232 http fetch GET 200 https://registry.npmjs.org/is-shared-array-buffer/-/is-shared-array-buffer-1.0.4.tgz 1043ms (cache miss)
3233 http fetch GET 200 https://registry.npmjs.org/is-set/-/is-set-2.0.3.tgz 1044ms (cache miss)
3234 http fetch GET 200 https://registry.npmjs.org/own-keys/-/own-keys-1.0.1.tgz 1052ms (cache miss)
3235 http fetch GET 200 https://registry.npmjs.org/is-negative-zero/-/is-negative-zero-2.0.3.tgz 1062ms (cache miss)
3236 http fetch GET 200 https://registry.npmjs.org/string.prototype.trim/-/string.prototype.trim-1.2.10.tgz 1067ms (cache miss)
3237 http fetch GET 200 https://registry.npmjs.org/is-regex/-/is-regex-1.2.1.tgz 1068ms (cache miss)
3238 http fetch GET 200 https://registry.npmjs.org/is-data-view/-/is-data-view-1.0.2.tgz 1069ms (cache miss)
3239 http fetch GET 200 https://registry.npmjs.org/is-array-buffer/-/is-array-buffer-3.0.5.tgz 1069ms (cache miss)
3240 http fetch GET 200 https://registry.npmjs.org/is-callable/-/is-callable-1.2.7.tgz 1079ms (cache miss)
3241 http fetch GET 200 https://registry.npmjs.org/has-symbols/-/has-symbols-1.1.0.tgz 1091ms (cache miss)
3242 http fetch GET 200 https://registry.npmjs.org/axe-core/-/axe-core-4.11.1.tgz 1095ms (cache miss)
3243 http fetch GET 200 https://registry.npmjs.org/internal-slot/-/internal-slot-1.1.0.tgz 1104ms (cache miss)
3244 http fetch GET 200 https://registry.npmjs.org/globalthis/-/globalthis-1.0.4.tgz 1109ms (cache miss)
3245 http fetch GET 200 https://registry.npmjs.org/get-proto/-/get-proto-1.0.1.tgz 1111ms (cache miss)
3246 http fetch GET 200 https://registry.npmjs.org/safe-regex-test/-/safe-regex-test-1.1.0.tgz 1124ms (cache miss)
3247 http fetch GET 200 https://registry.npmjs.org/is-typed-array/-/is-typed-array-1.1.15.tgz 1127ms (cache miss)
3248 http fetch GET 200 https://registry.npmjs.org/get-symbol-description/-/get-symbol-description-1.1.0.tgz 1135ms (cache miss)
3249 http fetch GET 200 https://registry.npmjs.org/data-view-byte-offset/-/data-view-byte-offset-1.0.1.tgz 1137ms (cache miss)
3250 http fetch GET 200 https://registry.npmjs.org/es-set-tostringtag/-/es-set-tostringtag-2.1.0.tgz 1139ms (cache miss)
3251 http fetch GET 200 https://registry.npmjs.org/es-to-primitive/-/es-to-primitive-1.3.0.tgz 1139ms (cache miss)
3252 http fetch GET 200 https://registry.npmjs.org/data-view-byte-length/-/data-view-byte-length-1.0.2.tgz 1141ms (cache miss)
3253 http fetch GET 200 https://registry.npmjs.org/data-view-buffer/-/data-view-buffer-1.0.2.tgz 1144ms (cache miss)
3254 http fetch GET 200 https://registry.npmjs.org/unbox-primitive/-/unbox-primitive-1.1.0.tgz 1170ms (cache miss)
3255 http fetch GET 200 https://registry.npmjs.org/available-typed-arrays/-/available-typed-arrays-1.0.7.tgz 1186ms (cache miss)
3256 http fetch GET 200 https://registry.npmjs.org/gopd/-/gopd-1.2.0.tgz 1188ms (cache miss)
3257 http fetch GET 200 https://registry.npmjs.org/arraybuffer.prototype.slice/-/arraybuffer.prototype.slice-1.0.4.tgz 1190ms (cache miss)
3258 http fetch GET 200 https://registry.npmjs.org/array-buffer-byte-length/-/array-buffer-byte-length-1.0.2.tgz 1191ms (cache miss)
3259 http fetch GET 200 https://registry.npmjs.org/object-keys/-/object-keys-1.1.1.tgz 1191ms (cache miss)
3260 http fetch GET 200 https://registry.npmjs.org/has-property-descriptors/-/has-property-descriptors-1.0.2.tgz 1191ms (cache miss)
3261 http fetch GET 200 https://registry.npmjs.org/es-define-property/-/es-define-property-1.0.1.tgz 1199ms (cache miss)
3262 http fetch GET 200 https://registry.npmjs.org/function-bind/-/function-bind-1.1.2.tgz 1202ms (cache miss)
3263 http fetch GET 200 https://registry.npmjs.org/define-data-property/-/define-data-property-1.1.4.tgz 1204ms (cache miss)
3264 http fetch GET 200 https://registry.npmjs.org/set-function-length/-/set-function-length-1.2.2.tgz 1208ms (cache miss)
3265 http fetch GET 200 https://registry.npmjs.org/function.prototype.name/-/function.prototype.name-1.1.8.tgz 1212ms (cache miss)
3266 http fetch GET 200 https://registry.npmjs.org/call-bind-apply-helpers/-/call-bind-apply-helpers-1.0.2.tgz 1228ms (cache miss)
3267 http fetch GET 200 https://registry.npmjs.org/es-errors/-/es-errors-1.3.0.tgz 1230ms (cache miss)
3268 http fetch GET 200 https://registry.npmjs.org/math-intrinsics/-/math-intrinsics-1.1.0.tgz 1237ms (cache miss)
3269 http fetch GET 200 https://registry.npmjs.org/string.prototype.trimend/-/string.prototype.trimend-1.0.9.tgz 1245ms (cache miss)
3270 http fetch GET 200 https://registry.npmjs.org/call-bound/-/call-bound-1.0.4.tgz 1248ms (cache miss)
3271 http fetch GET 200 https://registry.npmjs.org/is-string/-/is-string-1.1.1.tgz 1259ms (cache miss)
3272 http fetch GET 200 https://registry.npmjs.org/define-properties/-/define-properties-1.2.1.tgz 1262ms (cache miss)
3273 http fetch GET 200 https://registry.npmjs.org/get-intrinsic/-/get-intrinsic-1.3.0.tgz 1268ms (cache miss)
3274 http fetch GET 200 https://registry.npmjs.org/tsconfig-paths/-/tsconfig-paths-3.15.0.tgz 1281ms (cache miss)
3275 http fetch GET 200 https://registry.npmjs.org/has-proto/-/has-proto-1.2.0.tgz 1294ms (cache miss)
3276 http fetch GET 200 https://registry.npmjs.org/es-shim-unscopables/-/es-shim-unscopables-1.1.0.tgz 1300ms (cache miss)
3277 http fetch GET 200 https://registry.npmjs.org/object.values/-/object.values-1.2.1.tgz 1306ms (cache miss)
3278 http fetch GET 200 https://registry.npmjs.org/object.fromentries/-/object.fromentries-2.0.8.tgz 1307ms (cache miss)
3279 http fetch GET 200 https://registry.npmjs.org/object.groupby/-/object.groupby-1.0.3.tgz 1309ms (cache miss)
3280 http fetch GET 200 https://registry.npmjs.org/eslint-module-utils/-/eslint-module-utils-2.12.1.tgz 1320ms (cache miss)
3281 http fetch GET 200 https://registry.npmjs.org/array.prototype.flatmap/-/array.prototype.flatmap-1.3.3.tgz 1326ms (cache miss)
3282 http fetch GET 200 https://registry.npmjs.org/call-bind/-/call-bind-1.0.8.tgz 1333ms (cache miss)
3283 http fetch GET 200 https://registry.npmjs.org/hasown/-/hasown-2.0.2.tgz 1333ms (cache miss)
3284 http fetch GET 200 https://registry.npmjs.org/array.prototype.findlastindex/-/array.prototype.findlastindex-1.2.6.tgz 1342ms (cache miss)
3285 http fetch GET 200 https://registry.npmjs.org/array.prototype.flat/-/array.prototype.flat-1.3.3.tgz 1343ms (cache miss)
3286 http fetch GET 200 https://registry.npmjs.org/array-includes/-/array-includes-3.1.9.tgz 1344ms (cache miss)
3287 http fetch GET 200 https://registry.npmjs.org/tinyglobby/-/tinyglobby-0.2.15.tgz 1348ms (cache miss)
3288 http fetch GET 200 https://registry.npmjs.org/es-object-atoms/-/es-object-atoms-1.1.1.tgz 1356ms (cache miss)
3289 http fetch GET 200 https://registry.npmjs.org/stable-hash/-/stable-hash-0.0.5.tgz 1360ms (cache miss)
3290 http fetch GET 200 https://registry.npmjs.org/is-bun-module/-/is-bun-module-2.0.0.tgz 1364ms (cache miss)
3291 http fetch GET 200 https://registry.npmjs.org/@rtsao/scc/-/scc-1.1.0.tgz 1368ms (cache miss)
3292 http fetch GET 200 https://registry.npmjs.org/get-tsconfig/-/get-tsconfig-4.13.0.tgz 1386ms (cache miss)
3293 http fetch GET 200 https://registry.npmjs.org/is-core-module/-/is-core-module-2.16.1.tgz 1394ms (cache miss)
3294 http fetch GET 200 https://registry.npmjs.org/globby/-/globby-11.1.0.tgz 1398ms (cache miss)
3295 http fetch GET 200 https://registry.npmjs.org/@nolyfill/is-core-module/-/is-core-module-1.0.39.tgz 1399ms (cache miss)
3296 http fetch GET 200 https://registry.npmjs.org/ts-api-utils/-/ts-api-utils-1.4.3.tgz 1403ms (cache miss)
3297 http fetch GET 200 https://registry.npmjs.org/semver/-/semver-7.7.3.tgz 1443ms (cache miss)
3298 http fetch GET 200 https://registry.npmjs.org/unrs-resolver/-/unrs-resolver-1.11.1.tgz 1448ms (cache miss)
3299 http fetch GET 200 https://registry.npmjs.org/@typescript-eslint/types/-/types-7.2.0.tgz 1450ms (cache miss)
3300 http fetch GET 200 https://registry.npmjs.org/glob/-/glob-10.3.10.tgz 1458ms (cache miss)
3301 http fetch GET 200 https://registry.npmjs.org/eslint-import-resolver-typescript/-/eslint-import-resolver-typescript-3.10.1.tgz 1499ms (cache miss)
3302 http fetch GET 200 https://registry.npmjs.org/eslint-import-resolver-node/-/eslint-import-resolver-node-0.3.9.tgz 1511ms (cache miss)
3303 http fetch GET 200 https://registry.npmjs.org/es-abstract/-/es-abstract-1.24.1.tgz 1524ms (cache miss)
3304 http fetch GET 200 https://registry.npmjs.org/eslint-plugin-react-hooks/-/eslint-plugin-react-hooks-5.0.0-canary-7118f5dd7-20230705.tgz 1534ms (cache miss)
3305 http fetch GET 200 https://registry.npmjs.org/ms/-/ms-2.1.3.tgz 1567ms (cache miss)
3306 http fetch GET 200 https://registry.npmjs.org/which/-/which-2.0.2.tgz 1599ms (cache miss)
3307 http fetch GET 200 https://registry.npmjs.org/path-key/-/path-key-3.1.1.tgz 1608ms (cache miss)
3308 http fetch GET 200 https://registry.npmjs.org/resolve/-/resolve-1.22.11.tgz 1611ms (cache miss)
3309 http fetch GET 200 https://registry.npmjs.org/@typescript-eslint/visitor-keys/-/visitor-keys-7.2.0.tgz 1648ms (cache miss)
3310 http fetch GET 200 https://registry.npmjs.org/ansi-styles/-/ansi-styles-4.3.0.tgz 1656ms (cache miss)
3311 http fetch GET 200 https://registry.npmjs.org/color-name/-/color-name-1.1.4.tgz 1657ms (cache miss)
3312 http fetch GET 200 https://registry.npmjs.org/shebang-command/-/shebang-command-2.0.0.tgz 1670ms (cache miss)
3313 http fetch GET 200 https://registry.npmjs.org/supports-color/-/supports-color-7.2.0.tgz 1676ms (cache miss)
3314 http fetch GET 200 https://registry.npmjs.org/run-parallel/-/run-parallel-1.2.0.tgz 1711ms (cache miss)
3315 http fetch GET 200 https://registry.npmjs.org/fast-json-stable-stringify/-/fast-json-stable-stringify-2.1.0.tgz 1714ms (cache miss)
3316 http fetch GET 200 https://registry.npmjs.org/fastq/-/fastq-1.20.1.tgz 1720ms (cache miss)
3317 http fetch GET 200 https://registry.npmjs.org/eslint-plugin-import/-/eslint-plugin-import-2.32.0.tgz 1722ms (cache miss)
3318 http fetch GET 200 https://registry.npmjs.org/color-convert/-/color-convert-2.0.1.tgz 1727ms (cache miss)
3319 http fetch GET 200 https://registry.npmjs.org/@nodelib/fs.stat/-/fs.stat-2.0.5.tgz 1729ms (cache miss)
3320 http fetch GET 200 https://registry.npmjs.org/@typescript-eslint/parser/-/parser-7.2.0.tgz 1738ms (cache miss)
3321 http fetch GET 200 https://registry.npmjs.org/@next/eslint-plugin-next/-/eslint-plugin-next-14.2.5.tgz 1750ms (cache miss)
3322 http fetch GET 200 https://registry.npmjs.org/eslint-plugin-jsx-a11y/-/eslint-plugin-jsx-a11y-6.10.2.tgz 1756ms (cache miss)
3323 http fetch GET 200 https://registry.npmjs.org/@nodelib/fs.scandir/-/fs.scandir-2.1.5.tgz 1758ms (cache miss)
3324 http fetch GET 200 https://registry.npmjs.org/strip-ansi/-/strip-ansi-6.0.1.tgz 1759ms (cache miss)
3325 http fetch GET 200 https://registry.npmjs.org/json-schema-traverse/-/json-schema-traverse-0.4.1.tgz 1797ms (cache miss)
3326 http fetch GET 200 https://registry.npmjs.org/import-fresh/-/import-fresh-3.3.1.tgz 1798ms (cache miss)
3327 http fetch GET 200 https://registry.npmjs.org/strip-json-comments/-/strip-json-comments-3.1.1.tgz 1797ms (cache miss)
3328 http fetch GET 200 https://registry.npmjs.org/text-table/-/text-table-0.2.0.tgz 1798ms (cache miss)
3329 http fetch GET 200 https://registry.npmjs.org/optionator/-/optionator-0.9.4.tgz 1799ms (cache miss)
3330 http fetch GET 200 https://registry.npmjs.org/natural-compare/-/natural-compare-1.4.0.tgz 1799ms (cache miss)
3331 http fetch GET 200 https://registry.npmjs.org/minimatch/-/minimatch-3.1.2.tgz 1805ms (cache miss)
3332 http fetch GET 200 https://registry.npmjs.org/eslint-plugin-react/-/eslint-plugin-react-7.37.5.tgz 1818ms (cache miss)
3333 http fetch GET 200 https://registry.npmjs.org/json-stable-stringify-without-jsonify/-/json-stable-stringify-without-jsonify-1.0.1.tgz 1825ms (cache miss)
3334 http fetch GET 200 https://registry.npmjs.org/is-glob/-/is-glob-4.0.3.tgz 1826ms (cache miss)
3335 http fetch GET 200 https://registry.npmjs.org/imurmurhash/-/imurmurhash-0.1.4.tgz 1833ms (cache miss)
3336 http fetch GET 200 https://registry.npmjs.org/is-path-inside/-/is-path-inside-3.0.3.tgz 1843ms (cache miss)
3337 http fetch GET 200 https://registry.npmjs.org/levn/-/levn-0.4.1.tgz 1885ms (cache miss)
3338 http fetch GET 200 https://registry.npmjs.org/glob-parent/-/glob-parent-6.0.2.tgz 1921ms (cache miss)
3339 http fetch GET 200 https://registry.npmjs.org/find-up/-/find-up-5.0.0.tgz 1921ms (cache miss)
3340 http fetch GET 200 https://registry.npmjs.org/file-entry-cache/-/file-entry-cache-6.0.1.tgz 1922ms (cache miss)
3341 http fetch GET 200 https://registry.npmjs.org/globals/-/globals-13.24.0.tgz 1923ms (cache miss)
3342 http fetch GET 200 https://registry.npmjs.org/ignore/-/ignore-5.3.2.tgz 1923ms (cache miss)
3343 http fetch GET 200 https://registry.npmjs.org/fast-deep-equal/-/fast-deep-equal-3.1.3.tgz 1923ms (cache miss)
3344 http fetch GET 200 https://registry.npmjs.org/js-yaml/-/js-yaml-4.1.1.tgz 1932ms (cache miss)
3345 http fetch GET 200 https://registry.npmjs.org/esutils/-/esutils-2.0.3.tgz 1946ms (cache miss)
3346 http fetch GET 200 https://registry.npmjs.org/eslint-visitor-keys/-/eslint-visitor-keys-3.4.3.tgz 1960ms (cache miss)
3347 http fetch GET 200 https://registry.npmjs.org/lodash.merge/-/lodash.merge-4.6.2.tgz 1963ms (cache miss)
3348 http fetch GET 200 https://registry.npmjs.org/debug/-/debug-4.4.3.tgz 1981ms (cache miss)
3349 http fetch GET 200 https://registry.npmjs.org/espree/-/espree-9.6.1.tgz 1982ms (cache miss)
3350 http fetch GET 200 https://registry.npmjs.org/doctrine/-/doctrine-3.0.0.tgz 1984ms (cache miss)
3351 http fetch GET 200 https://registry.npmjs.org/graphemer/-/graphemer-1.4.0.tgz 1986ms (cache miss)
3352 http fetch GET 200 https://registry.npmjs.org/@rushstack/eslint-patch/-/eslint-patch-1.15.0.tgz 1999ms (cache miss)
3353 http fetch GET 200 https://registry.npmjs.org/escape-string-regexp/-/escape-string-regexp-4.0.0.tgz 2002ms (cache miss)
3354 http fetch GET 200 https://registry.npmjs.org/cross-spawn/-/cross-spawn-7.0.6.tgz 2005ms (cache miss)
3355 http fetch GET 200 https://registry.npmjs.org/eslint-scope/-/eslint-scope-7.2.2.tgz 2005ms (cache miss)
3356 http fetch GET 200 https://registry.npmjs.org/uri-js/-/uri-js-4.4.1.tgz 2011ms (cache miss)
3357 http fetch GET 200 https://registry.npmjs.org/esquery/-/esquery-1.7.0.tgz 2028ms (cache miss)
3358 http fetch GET 200 https://registry.npmjs.org/@nodelib/fs.walk/-/fs.walk-1.2.8.tgz 2044ms (cache miss)
3359 http fetch GET 200 https://registry.npmjs.org/@ungap/structured-clone/-/structured-clone-1.3.0.tgz 2046ms (cache miss)
3360 http fetch GET 200 https://registry.npmjs.org/chalk/-/chalk-4.1.2.tgz 2077ms (cache miss)
3361 http fetch GET 200 https://registry.npmjs.org/@eslint/js/-/js-8.57.1.tgz 2078ms (cache miss)
3362 http fetch GET 200 https://registry.npmjs.org/@humanwhocodes/module-importer/-/module-importer-1.0.1.tgz 2085ms (cache miss)
3363 http fetch GET 200 https://registry.npmjs.org/@humanwhocodes/config-array/-/config-array-0.13.0.tgz 2093ms (cache miss)
3364 warn deprecated @humanwhocodes/config-array@0.13.0: Use @eslint/config-array instead
3365 http fetch GET 200 https://registry.npmjs.org/@eslint-community/regexpp/-/regexpp-4.12.2.tgz 2106ms (cache miss)
3366 http fetch GET 200 https://registry.npmjs.org/undici-types/-/undici-types-6.21.0.tgz 2110ms (cache miss)
3367 http fetch GET 200 https://registry.npmjs.org/@types/prop-types/-/prop-types-15.7.15.tgz 2143ms (cache miss)
3368 http fetch GET 200 https://registry.npmjs.org/tslib/-/tslib-2.8.1.tgz 2166ms (cache miss)
3369 http fetch GET 200 https://registry.npmjs.org/@typescript-eslint/typescript-estree/-/typescript-estree-7.2.0.tgz 2173ms (cache miss)
3370 http fetch GET 200 https://registry.npmjs.org/ws/-/ws-8.19.0.tgz 2169ms (cache miss)
3371 http fetch GET 200 https://registry.npmjs.org/csstype/-/csstype-3.2.3.tgz 2171ms (cache miss)
3372 http fetch GET 200 https://registry.npmjs.org/@types/phoenix/-/phoenix-1.6.7.tgz 2181ms (cache miss)
3373 http fetch GET 200 https://registry.npmjs.org/@types/ws/-/ws-8.18.1.tgz 2182ms (cache miss)
3374 http fetch GET 200 https://registry.npmjs.org/@eslint-community/eslint-utils/-/eslint-utils-4.9.1.tgz 2185ms (cache miss)
3375 http fetch GET 200 https://registry.npmjs.org/cookie/-/cookie-0.5.0.tgz 2232ms (cache miss)
3376 http fetch GET 200 https://registry.npmjs.org/iceberg-js/-/iceberg-js-0.8.1.tgz 2299ms (cache miss)
3377 http fetch GET 200 https://registry.npmjs.org/@supabase/functions-js/-/functions-js-2.90.1.tgz 2311ms (cache miss)
3378 http fetch GET 200 https://registry.npmjs.org/eslint-config-next/-/eslint-config-next-14.2.5.tgz 2387ms (cache miss)
3379 http fetch GET 200 https://registry.npmjs.org/@eslint/eslintrc/-/eslintrc-2.1.4.tgz 2411ms (cache miss)
3380 http fetch GET 200 https://registry.npmjs.org/@humanwhocodes/object-schema/-/object-schema-2.0.3.tgz 2418ms (cache miss)
3381 warn deprecated @humanwhocodes/object-schema@2.0.3: Use @eslint/object-schema instead
3382 http fetch GET 200 https://registry.npmjs.org/@types/react-dom/-/react-dom-18.3.7.tgz 2474ms (cache miss)
3383 http fetch GET 200 https://registry.npmjs.org/ramda/-/ramda-0.29.1.tgz 2532ms (cache miss)
3384 http fetch GET 200 https://registry.npmjs.org/@typescript-eslint/scope-manager/-/scope-manager-7.2.0.tgz 2573ms (cache miss)
3385 http fetch GET 200 https://registry.npmjs.org/@supabase/storage-js/-/storage-js-2.90.1.tgz 2631ms (cache miss)
3386 http fetch GET 200 https://registry.npmjs.org/@types/react/-/react-18.3.27.tgz 2678ms (cache miss)
3387 http fetch GET 200 https://registry.npmjs.org/react/-/react-19.2.3.tgz 2682ms (cache miss)
3388 http fetch GET 200 https://registry.npmjs.org/@supabase/auth-js/-/auth-js-2.90.1.tgz 2695ms (cache miss)
3389 http fetch GET 200 https://registry.npmjs.org/emoji-regex/-/emoji-regex-8.0.0.tgz 2703ms (cache miss)
3390 http fetch GET 200 https://registry.npmjs.org/@supabase/supabase-js/-/supabase-js-2.90.1.tgz 2728ms (cache miss)
3391 http fetch GET 200 https://registry.npmjs.org/emoji-regex/-/emoji-regex-8.0.0.tgz 2741ms (cache miss)
3392 http fetch GET 200 https://registry.npmjs.org/strip-ansi/-/strip-ansi-7.1.2.tgz 2741ms (cache miss)
3393 http fetch GET 200 https://registry.npmjs.org/ansi-regex/-/ansi-regex-6.2.2.tgz 2757ms (cache miss)
3394 http fetch GET 200 https://registry.npmjs.org/ansi-styles/-/ansi-styles-6.2.3.tgz 2763ms (cache miss)
3395 http fetch GET 200 https://registry.npmjs.org/ajv/-/ajv-6.12.6.tgz 2784ms (cache miss)
3396 http fetch GET 200 https://registry.npmjs.org/strip-ansi/-/strip-ansi-7.1.2.tgz 2784ms (cache miss)
3397 http fetch GET 200 https://registry.npmjs.org/string-width/-/string-width-4.2.3.tgz 2792ms (cache miss)
3398 http fetch GET 200 https://registry.npmjs.org/glob-parent/-/glob-parent-5.1.2.tgz 2815ms (cache miss)
3399 http fetch GET 200 https://registry.npmjs.org/glob/-/glob-7.2.3.tgz 2818ms (cache miss)
3400 warn deprecated glob@7.2.3: Glob versions prior to v9 are no longer supported
3401 http fetch GET 200 https://registry.npmjs.org/@supabase/realtime-js/-/realtime-js-2.90.1.tgz 2849ms (cache miss)
3402 http fetch GET 200 https://registry.npmjs.org/debug/-/debug-3.2.7.tgz 2848ms (cache miss)
3403 http fetch GET 200 https://registry.npmjs.org/brace-expansion/-/brace-expansion-2.0.2.tgz 2854ms (cache miss)
3404 http fetch GET 200 https://registry.npmjs.org/fdir/-/fdir-6.5.0.tgz 2856ms (cache miss)
3405 http fetch GET 200 https://registry.npmjs.org/brace-expansion/-/brace-expansion-2.0.2.tgz 2984ms (cache miss)
3406 http fetch GET 200 https://registry.npmjs.org/strip-ansi/-/strip-ansi-7.1.2.tgz 2984ms (cache miss)
3407 http fetch GET 200 https://registry.npmjs.org/semver/-/semver-6.3.1.tgz 2985ms (cache miss)
3408 http fetch GET 200 https://registry.npmjs.org/@supabase/ssr/-/ssr-0.1.0.tgz 2991ms (cache miss)
3409 http fetch GET 200 https://registry.npmjs.org/picomatch/-/picomatch-4.0.3.tgz 2989ms (cache miss)
3410 http fetch GET 200 https://registry.npmjs.org/semver/-/semver-6.3.1.tgz 2992ms (cache miss)
3411 http fetch GET 200 https://registry.npmjs.org/doctrine/-/doctrine-2.1.0.tgz 2996ms (cache miss)
3412 http fetch GET 200 https://registry.npmjs.org/debug/-/debug-3.2.7.tgz 3004ms (cache miss)
3413 http fetch GET 200 https://registry.npmjs.org/minimatch/-/minimatch-9.0.3.tgz 3013ms (cache miss)
3414 http fetch GET 200 https://registry.npmjs.org/doctrine/-/doctrine-2.1.0.tgz 3015ms (cache miss)
3415 http fetch GET 200 https://registry.npmjs.org/resolve/-/resolve-2.0.0-next.5.tgz 3025ms (cache miss)
3416 http fetch GET 200 https://registry.npmjs.org/ansi-regex/-/ansi-regex-6.2.2.tgz 3025ms (cache miss)
3417 http fetch GET 200 https://registry.npmjs.org/ansi-regex/-/ansi-regex-6.2.2.tgz 3032ms (cache miss)
3418 http fetch GET 200 https://registry.npmjs.org/debug/-/debug-3.2.7.tgz 3049ms (cache miss)
3419 http fetch GET 200 https://registry.npmjs.org/cookie 2908ms (cache miss)
3420 silly packumentCache corgi:https://registry.npmjs.org/cookie set size:undefined disposed:false
3421 http fetch GET 200 https://registry.npmjs.org/glob 2953ms (cache miss)
3422 silly packumentCache corgi:https://registry.npmjs.org/glob set size:undefined disposed:false
3423 silly packumentCache corgi:https://registry.npmjs.org/@supabase%2fssr cache-miss
3424 http fetch GET 200 https://registry.npmjs.org/minimatch/-/minimatch-9.0.5.tgz 3222ms (cache miss)
3425 http fetch GET 200 https://registry.npmjs.org/@types/node/-/node-20.19.28.tgz 3287ms (cache miss)
3426 http fetch GET 200 https://registry.npmjs.org/@supabase/postgrest-js/-/postgrest-js-2.90.1.tgz 3332ms (cache miss)
3427 http fetch GET 200 https://registry.npmjs.org/typescript/-/typescript-5.9.3.tgz 3445ms (cache miss)
3428 http fetch GET 200 https://registry.npmjs.org/@supabase%2fssr 623ms (cache miss)
3429 silly packumentCache corgi:https://registry.npmjs.org/@supabase%2fssr set size:undefined disposed:false
3430 silly packumentCache corgi:https://registry.npmjs.org/@next%2feslint-plugin-next cache-miss
3431 http fetch GET https://registry.npmjs.org/@next%2feslint-plugin-next attempt 1 failed with 500
3432 http fetch GET 200 https://registry.npmjs.org/eslint/-/eslint-8.57.1.tgz 4065ms (cache miss)
3433 warn deprecated eslint@8.57.1: This version is no longer supported. Please see https://eslint.org/version-support for other options.
3434 http fetch GET 200 https://registry.npmjs.org/react-dom/-/react-dom-19.2.3.tgz 4377ms (cache miss)
3435 http fetch GET 200 https://registry.npmjs.org/@img/sharp-libvips-darwin-arm64/-/sharp-libvips-darwin-arm64-1.2.4.tgz 4486ms (cache miss)
3436 http fetch GET 200 https://registry.npmjs.org/@next/swc-darwin-arm64/-/swc-darwin-arm64-16.1.1.tgz 6153ms (cache miss)
3437 http fetch GET 200 https://registry.npmjs.org/next/-/next-16.1.1.tgz 8778ms (cache miss)
3438 info run sharp@0.34.5 install node_modules/sharp node install/check.js || npm run build
3439 info run sharp@0.34.5 install { code: 0, signal: null }
3440 info run unrs-resolver@1.11.1 postinstall node_modules/unrs-resolver napi-postinstall unrs-resolver 1.11.1 check
3441 info run unrs-resolver@1.11.1 postinstall { code: 0, signal: null }
3442 http fetch GET 200 https://registry.npmjs.org/@next%2feslint-plugin-next 10518ms attempt #2 (cache miss)
3443 silly packumentCache corgi:https://registry.npmjs.org/@next%2feslint-plugin-next set size:undefined disposed:false
3444 silly packumentCache corgi:https://registry.npmjs.org/eslint-config-next cache-miss
3445 http fetch GET 200 https://registry.npmjs.org/eslint-config-next 581ms (cache miss)
3446 silly packumentCache corgi:https://registry.npmjs.org/eslint-config-next set size:undefined disposed:false
3447 silly ADD node_modules/wrappy
3448 silly ADD node_modules/path-is-absolute
3449 silly ADD node_modules/once
3450 silly ADD node_modules/inherits
3451 silly ADD node_modules/inflight
3452 silly ADD node_modules/fs.realpath
3453 silly ADD node_modules/is-weakset
3454 silly ADD node_modules/is-weakmap
3455 silly ADD node_modules/is-map
3456 silly ADD node_modules/generator-function
3457 silly ADD node_modules/async-function
3458 silly ADD node_modules/which-collection
3459 silly ADD node_modules/is-generator-function
3460 silly ADD node_modules/is-finalizationregistry
3461 silly ADD node_modules/is-async-function
3462 silly ADD node_modules/is-number-object
3463 silly ADD node_modules/is-boolean-object
3464 silly ADD node_modules/is-bigint
3465 silly ADD node_modules/isexe
3466 silly ADD node_modules/punycode
3467 silly ADD
3468 silly ADD
3469 silly ADD
3470 silly ADD
3471 silly ADD node_modules/napi-postinstall
3472 silly ADD
3473 silly ADD
3474 silly ADD
3475 silly ADD
3476 silly ADD
3477 silly ADD
3478 silly ADD
3479 silly ADD
3480 silly ADD
3481 silly ADD
3482 silly ADD
3483 silly ADD
3484 silly ADD
3485 silly ADD
3486 silly ADD
3487 silly ADD
3488 silly ADD node_modules/@unrs/resolver-binding-darwin-arm64
3489 silly ADD
3490 silly ADD
3491 silly ADD node_modules/which-boxed-primitive
3492 silly ADD node_modules/has-bigints
3493 silly ADD node_modules/which-builtin-type
3494 silly ADD node_modules/reflect.getprototypeof
3495 silly ADD node_modules/for-each
3496 silly ADD node_modules/strip-bom
3497 silly ADD node_modules/minimist
3498 silly ADD node_modules/json5
3499 silly ADD node_modules/@types/json5
3500 silly ADD node_modules/is-number
3501 silly ADD node_modules/has-flag
3502 silly ADD node_modules/client-only
3503 silly ADD node_modules/ansi-regex
3504 silly ADD node_modules/is-fullwidth-code-point
3505 silly ADD node_modules/eastasianwidth
3506 silly ADD node_modules/side-channel-weakmap
3507 silly ADD node_modules/side-channel-map
3508 silly ADD node_modules/side-channel-list
3509 silly ADD node_modules/shebang-regex
3510 silly ADD node_modules/@emnapi/runtime
3511 silly ADD node_modules/detect-libc
3512 silly ADD
3513 silly ADD
3514 silly ADD
3515 silly ADD
3516 silly ADD
3517 silly ADD
3518 silly ADD
3519 silly ADD
3520 silly ADD
3521 silly ADD
3522 silly ADD
3523 silly ADD
3524 silly ADD
3525 silly ADD
3526 silly ADD
3527 silly ADD
3528 silly ADD
3529 silly ADD
3530 silly ADD
3531 silly ADD
3532 silly ADD
3533 silly ADD node_modules/@img/sharp-libvips-darwin-arm64
3534 silly ADD
3535 silly ADD node_modules/@img/sharp-darwin-arm64
3536 silly ADD node_modules/@img/colour
3537 silly ADD node_modules/isarray
3538 silly ADD node_modules/queue-microtask
3539 silly ADD node_modules/supports-preserve-symlinks-flag
3540 silly ADD node_modules/path-parse
3541 silly ADD node_modules/scheduler
3542 silly ADD node_modules/js-tokens
3543 silly ADD node_modules/react-is
3544 silly ADD node_modules/object-assign
3545 silly ADD node_modules/loose-envify
3546 silly ADD node_modules/source-map-js
3547 silly ADD node_modules/picocolors
3548 silly ADD node_modules/nanoid
3549 silly ADD node_modules/lru-cache
3550 silly ADD node_modules/callsites
3551 silly ADD node_modules/yocto-queue
3552 silly ADD node_modules/p-limit
3553 silly ADD node_modules/word-wrap
3554 silly ADD node_modules/fast-levenshtein
3555 silly ADD node_modules/deep-is
3556 silly ADD node_modules/styled-jsx
3557 silly ADD node_modules/sharp
3558 silly ADD node_modules/postcss
3559 silly ADD node_modules/caniuse-lite
3560 silly ADD node_modules/baseline-browser-mapping
3561 silly ADD node_modules/@swc/helpers
3562 silly ADD
3563 silly ADD
3564 silly ADD
3565 silly ADD
3566 silly ADD
3567 silly ADD
3568 silly ADD
3569 silly ADD node_modules/@next/swc-darwin-arm64
3570 silly ADD node_modules/@next/env
3571 silly ADD node_modules/concat-map
3572 silly ADD node_modules/balanced-match
3573 silly ADD node_modules/brace-expansion
3574 silly ADD node_modules/to-regex-range
3575 silly ADD node_modules/fill-range
3576 silly ADD node_modules/picomatch
3577 silly ADD node_modules/braces
3578 silly ADD node_modules/p-locate
3579 silly ADD node_modules/type-check
3580 silly ADD node_modules/prelude-ls
3581 silly ADD node_modules/language-subtag-registry
3582 silly ADD node_modules/json-buffer
3583 silly ADD node_modules/argparse
3584 silly ADD node_modules/wrap-ansi-cjs
3585 silly ADD node_modules/wrap-ansi-cjs/node_modules/emoji-regex
3586 silly ADD node_modules/wrap-ansi-cjs/node_modules/string-width
3587 silly ADD node_modules/wrap-ansi
3588 silly ADD node_modules/wrap-ansi/node_modules/ansi-regex
3589 silly ADD node_modules/wrap-ansi/node_modules/strip-ansi
3590 silly ADD node_modules/wrap-ansi/node_modules/ansi-styles
3591 silly ADD node_modules/strip-ansi-cjs
3592 silly ADD node_modules/string-width-cjs
3593 silly ADD node_modules/string-width-cjs/node_modules/emoji-regex
3594 silly ADD node_modules/string-width
3595 silly ADD node_modules/string-width/node_modules/ansi-regex
3596 silly ADD node_modules/string-width/node_modules/strip-ansi
3597 silly ADD node_modules/@pkgjs/parseargs
3598 silly ADD node_modules/@isaacs/cliui
3599 silly ADD node_modules/@isaacs/cliui/node_modules/ansi-regex
3600 silly ADD node_modules/@isaacs/cliui/node_modules/strip-ansi
3601 silly ADD node_modules/set-function-name
3602 silly ADD node_modules/is-extglob
3603 silly ADD node_modules/side-channel
3604 silly ADD node_modules/resolve-from
3605 silly ADD node_modules/parent-module
3606 silly ADD node_modules/micromatch
3607 silly ADD node_modules/path-type
3608 silly ADD node_modules/slash
3609 silly ADD node_modules/merge2
3610 silly ADD node_modules/fast-glob
3611 silly ADD node_modules/fast-glob/node_modules/glob-parent
3612 silly ADD node_modules/dir-glob
3613 silly ADD node_modules/array-union
3614 silly ADD node_modules/type-fest
3615 silly ADD node_modules/signal-exit
3616 silly ADD node_modules/path-scurry
3617 silly ADD node_modules/minipass
3618 silly ADD node_modules/jackspeak
3619 silly ADD node_modules/foreground-child
3620 silly ADD node_modules/resolve-pkg-maps
3621 silly ADD node_modules/dunder-proto
3622 silly ADD node_modules/functions-have-names
3623 silly ADD node_modules/rimraf
3624 silly ADD node_modules/rimraf/node_modules/glob
3625 silly ADD node_modules/keyv
3626 silly ADD node_modules/flatted
3627 silly ADD node_modules/path-exists
3628 silly ADD node_modules/locate-path
3629 silly ADD node_modules/flat-cache
3630 silly ADD node_modules/reusify
3631 silly ADD node_modules/acorn-jsx
3632 silly ADD node_modules/acorn
3633 silly ADD node_modules/esrecurse
3634 silly ADD node_modules/iterator.prototype
3635 silly ADD node_modules/string.prototype.repeat
3636 silly ADD node_modules/string.prototype.matchall
3637 silly ADD node_modules/prop-types
3638 silly ADD node_modules/object.entries
3639 silly ADD node_modules/estraverse
3640 silly ADD node_modules/es-iterator-helpers
3641 silly ADD node_modules/array.prototype.tosorted
3642 silly ADD node_modules/array.prototype.findlast
3643 silly ADD node_modules/string.prototype.includes
3644 silly ADD node_modules/language-tags
3645 silly ADD node_modules/jsx-ast-utils
3646 silly ADD node_modules/emoji-regex
3647 silly ADD node_modules/damerau-levenshtein
3648 silly ADD node_modules/axobject-query
3649 silly ADD node_modules/axe-core
3650 silly ADD node_modules/ast-types-flow
3651 silly ADD node_modules/aria-query
3652 silly ADD node_modules/is-symbol
3653 silly ADD node_modules/is-date-object
3654 silly ADD node_modules/has-tostringtag
3655 silly ADD node_modules/possible-typed-array-names
3656 silly ADD node_modules/which-typed-array
3657 silly ADD node_modules/unbox-primitive
3658 silly ADD node_modules/typed-array-length
3659 silly ADD node_modules/typed-array-byte-offset
3660 silly ADD node_modules/typed-array-byte-length
3661 silly ADD node_modules/typed-array-buffer
3662 silly ADD node_modules/string.prototype.trimstart
3663 silly ADD node_modules/string.prototype.trim
3664 silly ADD node_modules/stop-iteration-iterator
3665 silly ADD node_modules/set-proto
3666 silly ADD node_modules/safe-regex-test
3667 silly ADD node_modules/safe-push-apply
3668 silly ADD node_modules/safe-array-concat
3669 silly ADD node_modules/regexp.prototype.flags
3670 silly ADD node_modules/own-keys
3671 silly ADD node_modules/object.assign
3672 silly ADD node_modules/object-inspect
3673 silly ADD node_modules/is-weakref
3674 silly ADD node_modules/is-typed-array
3675 silly ADD node_modules/is-shared-array-buffer
3676 silly ADD node_modules/is-set
3677 silly ADD node_modules/is-regex
3678 silly ADD node_modules/is-negative-zero
3679 silly ADD node_modules/is-data-view
3680 silly ADD node_modules/is-callable
3681 silly ADD node_modules/is-array-buffer
3682 silly ADD node_modules/internal-slot
3683 silly ADD node_modules/has-symbols
3684 silly ADD node_modules/has-proto
3685 silly ADD node_modules/globalthis
3686 silly ADD node_modules/get-symbol-description
3687 silly ADD node_modules/get-proto
3688 silly ADD node_modules/function.prototype.name
3689 silly ADD node_modules/es-to-primitive
3690 silly ADD node_modules/es-set-tostringtag
3691 silly ADD node_modules/data-view-byte-offset
3692 silly ADD node_modules/data-view-byte-length
3693 silly ADD node_modules/data-view-buffer
3694 silly ADD node_modules/available-typed-arrays
3695 silly ADD node_modules/arraybuffer.prototype.slice
3696 silly ADD node_modules/array-buffer-byte-length
3697 silly ADD node_modules/gopd
3698 silly ADD node_modules/object-keys
3699 silly ADD node_modules/has-property-descriptors
3700 silly ADD node_modules/define-data-property
3701 silly ADD node_modules/function-bind
3702 silly ADD node_modules/set-function-length
3703 silly ADD node_modules/es-define-property
3704 silly ADD node_modules/call-bind-apply-helpers
3705 silly ADD node_modules/es-shim-unscopables
3706 silly ADD node_modules/es-errors
3707 silly ADD node_modules/math-intrinsics
3708 silly ADD node_modules/is-string
3709 silly ADD node_modules/get-intrinsic
3710 silly ADD node_modules/es-object-atoms
3711 silly ADD node_modules/es-abstract
3712 silly ADD node_modules/define-properties
3713 silly ADD node_modules/call-bound
3714 silly ADD node_modules/call-bind
3715 silly ADD node_modules/tsconfig-paths
3716 silly ADD node_modules/string.prototype.trimend
3717 silly ADD node_modules/object.values
3718 silly ADD node_modules/object.groupby
3719 silly ADD node_modules/object.fromentries
3720 silly ADD node_modules/hasown
3721 silly ADD node_modules/eslint-module-utils
3722 silly ADD node_modules/eslint-module-utils/node_modules/debug
3723 silly ADD node_modules/array.prototype.flatmap
3724 silly ADD node_modules/array.prototype.flat
3725 silly ADD node_modules/array.prototype.findlastindex
3726 silly ADD node_modules/array-includes
3727 silly ADD node_modules/@rtsao/scc
3728 silly ADD node_modules/unrs-resolver
3729 silly ADD node_modules/tinyglobby
3730 silly ADD node_modules/tinyglobby/node_modules/picomatch
3731 silly ADD node_modules/tinyglobby/node_modules/fdir
3732 silly ADD node_modules/stable-hash
3733 silly ADD node_modules/is-bun-module
3734 silly ADD node_modules/get-tsconfig
3735 silly ADD node_modules/@nolyfill/is-core-module
3736 silly ADD node_modules/resolve
3737 silly ADD node_modules/is-core-module
3738 silly ADD node_modules/ts-api-utils
3739 silly ADD node_modules/semver
3740 silly ADD node_modules/globby
3741 silly ADD node_modules/@typescript-eslint/visitor-keys
3742 silly ADD node_modules/@typescript-eslint/typescript-estree
3743 silly ADD node_modules/@typescript-eslint/typescript-estree/node_modules/brace-expansion
3744 silly ADD node_modules/@typescript-eslint/typescript-estree/node_modules/minimatch
3745 silly ADD node_modules/@typescript-eslint/types
3746 silly ADD node_modules/@typescript-eslint/scope-manager
3747 silly ADD node_modules/glob
3748 silly ADD node_modules/glob/node_modules/brace-expansion
3749 silly ADD node_modules/glob/node_modules/minimatch
3750 silly ADD node_modules/eslint-plugin-react-hooks
3751 silly ADD node_modules/eslint-plugin-react
3752 silly ADD node_modules/eslint-plugin-react/node_modules/semver
3753 silly ADD node_modules/eslint-plugin-react/node_modules/resolve
3754 silly ADD node_modules/eslint-plugin-react/node_modules/doctrine
3755 silly ADD node_modules/eslint-plugin-jsx-a11y
3756 silly ADD node_modules/eslint-plugin-import
3757 silly ADD node_modules/eslint-plugin-import/node_modules/semver
3758 silly ADD node_modules/eslint-plugin-import/node_modules/doctrine
3759 silly ADD node_modules/eslint-plugin-import/node_modules/debug
3760 silly ADD node_modules/eslint-import-resolver-typescript
3761 silly ADD node_modules/eslint-import-resolver-node
3762 silly ADD node_modules/eslint-import-resolver-node/node_modules/debug
3763 silly ADD node_modules/@typescript-eslint/parser
3764 silly ADD node_modules/@rushstack/eslint-patch
3765 silly ADD node_modules/@next/eslint-plugin-next
3766 silly ADD node_modules/ms
3767 silly ADD node_modules/which
3768 silly ADD node_modules/shebang-command
3769 silly ADD node_modules/path-key
3770 silly ADD node_modules/color-name
3771 silly ADD node_modules/color-convert
3772 silly ADD node_modules/supports-color
3773 silly ADD node_modules/ansi-styles
3774 silly ADD node_modules/uri-js
3775 silly ADD node_modules/json-schema-traverse
3776 silly ADD node_modules/fast-json-stable-stringify
3777 silly ADD node_modules/run-parallel
3778 silly ADD node_modules/@nodelib/fs.stat
3779 silly ADD node_modules/fastq
3780 silly ADD node_modules/@nodelib/fs.scandir
3781 silly ADD node_modules/@humanwhocodes/object-schema
3782 silly ADD node_modules/strip-json-comments
3783 silly ADD node_modules/import-fresh
3784 silly ADD node_modules/text-table
3785 silly ADD node_modules/strip-ansi
3786 silly ADD node_modules/optionator
3787 silly ADD node_modules/natural-compare
3788 silly ADD node_modules/minimatch
3789 silly ADD node_modules/lodash.merge
3790 silly ADD node_modules/levn
3791 silly ADD node_modules/json-stable-stringify-without-jsonify
3792 silly ADD node_modules/js-yaml
3793 silly ADD node_modules/is-path-inside
3794 silly ADD node_modules/is-glob
3795 silly ADD node_modules/imurmurhash
3796 silly ADD node_modules/ignore
3797 silly ADD node_modules/graphemer
3798 silly ADD node_modules/globals
3799 silly ADD node_modules/glob-parent
3800 silly ADD node_modules/find-up
3801 silly ADD node_modules/file-entry-cache
3802 silly ADD node_modules/fast-deep-equal
3803 silly ADD node_modules/esutils
3804 silly ADD node_modules/esquery
3805 silly ADD node_modules/espree
3806 silly ADD node_modules/eslint-visitor-keys
3807 silly ADD node_modules/eslint-scope
3808 silly ADD node_modules/escape-string-regexp
3809 silly ADD node_modules/doctrine
3810 silly ADD node_modules/debug
3811 silly ADD node_modules/cross-spawn
3812 silly ADD node_modules/chalk
3813 silly ADD node_modules/ajv
3814 silly ADD node_modules/@ungap/structured-clone
3815 silly ADD node_modules/@nodelib/fs.walk
3816 silly ADD node_modules/@humanwhocodes/module-importer
3817 silly ADD node_modules/@humanwhocodes/config-array
3818 silly ADD node_modules/@eslint/js
3819 silly ADD node_modules/@eslint/eslintrc
3820 silly ADD node_modules/@eslint-community/regexpp
3821 silly ADD node_modules/@eslint-community/eslint-utils
3822 silly ADD node_modules/csstype
3823 silly ADD node_modules/@types/prop-types
3824 silly ADD node_modules/undici-types
3825 silly ADD node_modules/iceberg-js
3826 silly ADD node_modules/ws
3827 silly ADD node_modules/@types/ws
3828 silly ADD node_modules/@types/phoenix
3829 silly ADD node_modules/tslib
3830 silly ADD node_modules/@supabase/storage-js
3831 silly ADD node_modules/@supabase/realtime-js
3832 silly ADD node_modules/@supabase/postgrest-js
3833 silly ADD node_modules/@supabase/functions-js
3834 silly ADD node_modules/@supabase/auth-js
3835 silly ADD node_modules/ramda
3836 silly ADD node_modules/cookie
3837 silly ADD node_modules/typescript
3838 silly ADD node_modules/react-dom
3839 silly ADD node_modules/react
3840 silly ADD node_modules/next
3841 silly ADD node_modules/eslint-config-next
3842 silly ADD node_modules/eslint
3843 silly ADD node_modules/@types/react-dom
3844 silly ADD node_modules/@types/react
3845 silly ADD node_modules/@types/node
3846 silly ADD node_modules/@supabase/supabase-js
3847 silly ADD node_modules/@supabase/ssr
3848 verbose cwd /Users/murilovieira/Documents/Projeto-Hexis
3849 verbose os Darwin 25.1.0
3850 verbose node v22.19.0
3851 verbose npm  v10.9.3
3852 notice
3852 notice New major version of npm available! 10.9.3 -> 11.7.0
3852 notice Changelog: https://github.com/npm/cli/releases/tag/v11.7.0
3852 notice To update run: npm install -g npm@11.7.0
3852 notice  { force: true, [Symbol(proc-log.meta)]: true }
3853 verbose exit 0
3854 info ok
