0 verbose cli /usr/local/bin/node /usr/local/bin/npm
1 info using npm@10.9.3
2 info using node@v22.19.0
3 silly config load:file:/usr/local/lib/node_modules/npm/npmrc
4 silly config load:file:/Users/murilovieira/Documents/Projeto-Hexis/.npmrc
5 silly config load:file:/Users/murilovieira/.npmrc
6 silly config load:file:/Users/murilovieira/.npm-global/etc/npmrc
7 verbose title npm install eslint@^8 eslint-config-next@latest
8 verbose argv "install" "eslint@^8" "eslint-config-next@latest" "--legacy-peer-deps" "--cache" "./.npm-cache"
9 verbose logfile logs-max:10 dir:/Users/murilovieira/Documents/Projeto-Hexis/.npm-cache/_logs/2026-01-12T20_29_26_975Z-
10 verbose logfile /Users/murilovieira/Documents/Projeto-Hexis/.npm-cache/_logs/2026-01-12T20_29_26_975Z-debug-0.log
11 silly logfile done cleaning log files
12 silly packumentCache heap:2197815296 maxSize:549453824 maxEntrySize:274726912
13 silly packumentCache corgi:https://registry.npmjs.org/eslint-config-next cache-miss
14 http cache https://registry.npmjs.org/eslint-config-next 48ms (cache hit)
15 silly packumentCache corgi:https://registry.npmjs.org/eslint-config-next set size:3602879 disposed:false
16 silly idealTree buildDeps
17 silly fetch manifest eslint@^8
18 silly packumentCache full:https://registry.npmjs.org/eslint cache-miss
19 http cache https://registry.npmjs.org/eslint 5ms (cache hit)
20 silly packumentCache full:https://registry.npmjs.org/eslint set size:1886875 disposed:false
21 silly fetch manifest eslint-config-next@16.1.1
22 silly packumentCache full:https://registry.npmjs.org/eslint-config-next cache-miss
23 http cache https://registry.npmjs.org/eslint-config-next 13ms (cache hit)
24 silly packumentCache full:https://registry.npmjs.org/eslint-config-next set size:6086276 disposed:false
25 silly placeDep ROOT eslint@8.57.1 REPLACE for: projeto-hexis@0.1.0 want: ^8
26 silly placeDep ROOT eslint-config-next@16.1.1 REPLACE for: projeto-hexis@0.1.0 want: 16.1.1
27 silly fetch manifest globals@16.4.0
28 silly packumentCache full:https://registry.npmjs.org/globals cache-miss
29 silly fetch manifest typescript-eslint@^8.46.0
30 silly packumentCache full:https://registry.npmjs.org/typescript-eslint cache-miss
31 silly fetch manifest @next/eslint-plugin-next@16.1.1
32 silly packumentCache full:https://registry.npmjs.org/@next%2feslint-plugin-next cache-miss
33 silly fetch manifest eslint-plugin-react-hooks@^7.0.0
34 silly packumentCache full:https://registry.npmjs.org/eslint-plugin-react-hooks cache-miss
35 http cache https://registry.npmjs.org/@next%2feslint-plugin-next 39ms (cache hit)
36 silly packumentCache full:https://registry.npmjs.org/@next%2feslint-plugin-next set size:6298847 disposed:false
37 http cache https://registry.npmjs.org/globals 61ms (cache hit)
38 silly packumentCache full:https://registry.npmjs.org/globals set size:293859 disposed:false
39 http cache https://registry.npmjs.org/eslint-plugin-react-hooks 72ms (cache hit)
40 silly packumentCache full:https://registry.npmjs.org/eslint-plugin-react-hooks set size:6982916 disposed:false
41 http fetch GET 200 https://registry.npmjs.org/typescript-eslint 447ms (cache miss)
42 silly packumentCache full:https://registry.npmjs.org/typescript-eslint set size:undefined disposed:false
43 silly placeDep ROOT @next/eslint-plugin-next@16.1.1 OK for: eslint-config-next@16.1.1 want: 16.1.1
44 silly placeDep ROOT eslint-plugin-react-hooks@7.0.1 OK for: eslint-config-next@16.1.1 want: ^7.0.0
45 silly placeDep node_modules/eslint-config-next globals@16.4.0 OK for: eslint-config-next@16.1.1 want: 16.4.0
46 silly placeDep ROOT typescript-eslint@8.53.0 OK for: eslint-config-next@16.1.1 want: ^8.46.0
47 silly fetch manifest fast-glob@3.3.1
48 silly packumentCache full:https://registry.npmjs.org/fast-glob cache-miss
49 silly fetch manifest zod@^3.25.0 || ^4.0.0
50 silly packumentCache full:https://registry.npmjs.org/zod cache-miss
51 silly fetch manifest @babel/core@^7.24.4
52 silly packumentCache full:https://registry.npmjs.org/@babel%2fcore cache-miss
53 silly fetch manifest @babel/parser@^7.24.4
54 silly packumentCache full:https://registry.npmjs.org/@babel%2fparser cache-miss
55 silly fetch manifest hermes-parser@^0.25.1
56 silly packumentCache full:https://registry.npmjs.org/hermes-parser cache-miss
57 silly fetch manifest zod-validation-error@^3.5.0 || ^4.0.0
58 silly packumentCache full:https://registry.npmjs.org/zod-validation-error cache-miss
59 silly fetch manifest @typescript-eslint/eslint-plugin@8.53.0
60 silly packumentCache full:https://registry.npmjs.org/@typescript-eslint%2feslint-plugin cache-miss
61 http cache https://registry.npmjs.org/fast-glob 12ms (cache hit)
62 silly packumentCache full:https://registry.npmjs.org/fast-glob set size:220556 disposed:false
63 silly fetch manifest @typescript-eslint/parser@8.53.0
64 silly packumentCache full:https://registry.npmjs.org/@typescript-eslint%2fparser cache-miss
65 http cache https://registry.npmjs.org/@typescript-eslint%2fparser 23ms (cache hit)
66 silly packumentCache full:https://registry.npmjs.org/@typescript-eslint%2fparser set size:14724171 disposed:false
67 silly fetch manifest @typescript-eslint/typescript-estree@8.53.0
68 silly packumentCache full:https://registry.npmjs.org/@typescript-eslint%2ftypescript-estree cache-miss
69 http cache https://registry.npmjs.org/@typescript-eslint%2ftypescript-estree 28ms (cache hit)
70 silly packumentCache full:https://registry.npmjs.org/@typescript-eslint%2ftypescript-estree set size:15874274 disposed:false
71 silly fetch manifest @typescript-eslint/utils@8.53.0
72 silly packumentCache full:https://registry.npmjs.org/@typescript-eslint%2futils cache-miss
73 http cache https://registry.npmjs.org/@typescript-eslint%2futils 26ms (cache hit)
74 silly packumentCache full:https://registry.npmjs.org/@typescript-eslint%2futils set size:9618671 disposed:false
75 http fetch GET 200 https://registry.npmjs.org/zod 325ms (cache miss)
76 silly packumentCache full:https://registry.npmjs.org/zod set size:undefined disposed:false
77 http fetch GET 200 https://registry.npmjs.org/zod-validation-error 376ms (cache miss)
78 silly packumentCache full:https://registry.npmjs.org/zod-validation-error set size:undefined disposed:false
79 http fetch GET 200 https://registry.npmjs.org/hermes-parser 388ms (cache miss)
80 silly packumentCache full:https://registry.npmjs.org/hermes-parser set size:undefined disposed:false
81 http fetch GET 200 https://registry.npmjs.org/@babel%2fcore 434ms (cache miss)
82 silly packumentCache full:https://registry.npmjs.org/@babel%2fcore set size:undefined disposed:false
83 http fetch GET 200 https://registry.npmjs.org/@babel%2fparser 504ms (cache miss)
84 silly packumentCache full:https://registry.npmjs.org/@babel%2fparser set size:undefined disposed:false
85 http fetch GET 200 https://registry.npmjs.org/@typescript-eslint%2feslint-plugin 971ms (cache miss)
86 silly packumentCache full:https://registry.npmjs.org/@typescript-eslint%2feslint-plugin set size:undefined disposed:false
87 silly placeDep ROOT fast-glob@3.3.1 OK for: @next/eslint-plugin-next@16.1.1 want: 3.3.1
88 silly fetch manifest merge2@^1.3.0
89 silly packumentCache full:https://registry.npmjs.org/merge2 cache-miss
90 silly fetch manifest micromatch@^4.0.4
91 silly packumentCache full:https://registry.npmjs.org/micromatch cache-miss
92 silly fetch manifest glob-parent@^5.1.2
93 silly packumentCache full:https://registry.npmjs.org/glob-parent cache-miss
94 http cache https://registry.npmjs.org/merge2 3ms (cache hit)
95 silly packumentCache full:https://registry.npmjs.org/merge2 set size:46159 disposed:false
96 http cache https://registry.npmjs.org/micromatch 4ms (cache hit)
97 silly packumentCache full:https://registry.npmjs.org/micromatch set size:240630 disposed:false
98 http cache https://registry.npmjs.org/glob-parent 4ms (cache hit)
99 silly packumentCache full:https://registry.npmjs.org/glob-parent set size:42445 disposed:false
100 silly placeDep ROOT @babel/core@7.28.6 OK for: eslint-plugin-react-hooks@7.0.1 want: ^7.24.4
101 silly placeDep ROOT @babel/parser@7.28.6 OK for: eslint-plugin-react-hooks@7.0.1 want: ^7.24.4
102 silly placeDep ROOT hermes-parser@0.25.1 OK for: eslint-plugin-react-hooks@7.0.1 want: ^0.25.1
103 silly placeDep ROOT zod@4.3.5 OK for: eslint-plugin-react-hooks@7.0.1 want: ^3.25.0 || ^4.0.0
104 silly placeDep ROOT zod-validation-error@4.0.2 OK for: eslint-plugin-react-hooks@7.0.1 want: ^3.5.0 || ^4.0.0
105 silly fetch manifest @babel/code-frame@^7.28.6
106 silly packumentCache full:https://registry.npmjs.org/@babel%2fcode-frame cache-miss
107 silly fetch manifest @babel/generator@^7.28.6
108 silly packumentCache full:https://registry.npmjs.org/@babel%2fgenerator cache-miss
109 silly fetch manifest @babel/helper-compilation-targets@^7.28.6
110 silly packumentCache full:https://registry.npmjs.org/@babel%2fhelper-compilation-targets cache-miss
111 silly fetch manifest @babel/helper-module-transforms@^7.28.6
112 silly packumentCache full:https://registry.npmjs.org/@babel%2fhelper-module-transforms cache-miss
113 silly fetch manifest @babel/helpers@^7.28.6
114 silly packumentCache full:https://registry.npmjs.org/@babel%2fhelpers cache-miss
115 silly fetch manifest @babel/parser@^7.28.6
116 silly packumentCache full:https://registry.npmjs.org/@babel%2fparser cache-miss
117 silly fetch manifest @babel/template@^7.28.6
118 silly packumentCache full:https://registry.npmjs.org/@babel%2ftemplate cache-miss
119 http cache https://registry.npmjs.org/@babel%2fparser 6ms (cache hit)
120 silly packumentCache full:https://registry.npmjs.org/@babel%2fparser set size:707345 disposed:false
121 silly fetch manifest @babel/traverse@^7.28.6
122 silly packumentCache full:https://registry.npmjs.org/@babel%2ftraverse cache-miss
123 http fetch GET 200 https://registry.npmjs.org/@babel%2fcode-frame 72ms (cache miss)
124 silly packumentCache full:https://registry.npmjs.org/@babel%2fcode-frame set size:undefined disposed:false
125 silly fetch manifest @babel/types@^7.28.6
126 silly packumentCache full:https://registry.npmjs.org/@babel%2ftypes cache-miss
127 http fetch GET 200 https://registry.npmjs.org/@babel%2fhelper-compilation-targets 78ms (cache miss)
128 silly packumentCache full:https://registry.npmjs.org/@babel%2fhelper-compilation-targets set size:undefined disposed:false
129 silly fetch manifest @jridgewell/remapping@^2.3.5
130 silly packumentCache full:https://registry.npmjs.org/@jridgewell%2fremapping cache-miss
131 http fetch GET 200 https://registry.npmjs.org/@babel%2fhelpers 81ms (cache miss)
132 silly packumentCache full:https://registry.npmjs.org/@babel%2fhelpers set size:undefined disposed:false
133 silly fetch manifest convert-source-map@^2.0.0
134 silly packumentCache full:https://registry.npmjs.org/convert-source-map cache-miss
135 http fetch GET 200 https://registry.npmjs.org/@babel%2fhelper-module-transforms 89ms (cache miss)
136 silly packumentCache full:https://registry.npmjs.org/@babel%2fhelper-module-transforms set size:undefined disposed:false
137 silly fetch manifest gensync@^1.0.0-beta.2
138 silly packumentCache full:https://registry.npmjs.org/gensync cache-miss
139 http fetch GET 200 https://registry.npmjs.org/@babel%2fgenerator 97ms (cache miss)
140 silly packumentCache full:https://registry.npmjs.org/@babel%2fgenerator set size:undefined disposed:false
141 silly fetch manifest json5@^2.2.3
142 silly packumentCache full:https://registry.npmjs.org/json5 cache-miss
143 http fetch GET 200 https://registry.npmjs.org/@babel%2ftemplate 104ms (cache miss)
144 silly packumentCache full:https://registry.npmjs.org/@babel%2ftemplate set size:undefined disposed:false
145 silly fetch manifest semver@^6.3.1
146 silly packumentCache full:https://registry.npmjs.org/semver cache-miss
147 http cache https://registry.npmjs.org/json5 9ms (cache hit)
148 silly packumentCache full:https://registry.npmjs.org/json5 set size:86136 disposed:false
149 silly fetch manifest @babel/types@^7.28.6
150 silly packumentCache full:https://registry.npmjs.org/@babel%2ftypes cache-miss
151 http cache https://registry.npmjs.org/semver 7ms (cache hit)
152 silly packumentCache full:https://registry.npmjs.org/semver set size:226907 disposed:false
153 silly fetch manifest hermes-estree@0.25.1
154 silly packumentCache full:https://registry.npmjs.org/hermes-estree cache-miss
155 http fetch GET 200 https://registry.npmjs.org/@babel%2ftraverse 109ms (cache miss)
156 silly packumentCache full:https://registry.npmjs.org/@babel%2ftraverse set size:undefined disposed:false
157 http fetch GET 200 https://registry.npmjs.org/gensync 43ms (cache miss)
158 silly packumentCache full:https://registry.npmjs.org/gensync set size:undefined disposed:false
159 http fetch GET 200 https://registry.npmjs.org/@babel%2ftypes 76ms (cache miss)
160 silly packumentCache full:https://registry.npmjs.org/@babel%2ftypes set size:undefined disposed:false
161 http fetch GET 200 https://registry.npmjs.org/convert-source-map 68ms (cache miss)
162 silly packumentCache full:https://registry.npmjs.org/convert-source-map set size:undefined disposed:false
163 http fetch GET 200 https://registry.npmjs.org/@jridgewell%2fremapping 79ms (cache miss)
164 silly packumentCache full:https://registry.npmjs.org/@jridgewell%2fremapping set size:undefined disposed:false
165 http fetch GET 200 https://registry.npmjs.org/@babel%2ftypes 62ms (cache miss)
166 silly packumentCache full:https://registry.npmjs.org/@babel%2ftypes set size:undefined disposed:false
167 http fetch GET 200 https://registry.npmjs.org/hermes-estree 61ms (cache miss)
168 silly packumentCache full:https://registry.npmjs.org/hermes-estree set size:undefined disposed:false
169 silly placeDep ROOT @babel/code-frame@7.28.6 OK for: @babel/core@7.28.6 want: ^7.28.6
170 silly placeDep ROOT @babel/generator@7.28.6 OK for: @babel/core@7.28.6 want: ^7.28.6
171 silly placeDep ROOT @babel/helper-compilation-targets@7.28.6 OK for: @babel/core@7.28.6 want: ^7.28.6
172 silly placeDep ROOT @babel/helper-module-transforms@7.28.6 OK for: @babel/core@7.28.6 want: ^7.28.6
173 silly placeDep ROOT @babel/helpers@7.28.6 OK for: @babel/core@7.28.6 want: ^7.28.6
174 silly placeDep ROOT @babel/template@7.28.6 OK for: @babel/core@7.28.6 want: ^7.28.6
175 silly placeDep ROOT @babel/traverse@7.28.6 OK for: @babel/core@7.28.6 want: ^7.28.6
176 silly placeDep ROOT @babel/types@7.28.6 OK for: @babel/core@7.28.6 want: ^7.28.6
177 silly placeDep ROOT @jridgewell/remapping@2.3.5 OK for: @babel/core@7.28.6 want: ^2.3.5
178 silly placeDep ROOT convert-source-map@2.0.0 OK for: @babel/core@7.28.6 want: ^2.0.0
179 silly placeDep ROOT gensync@1.0.0-beta.2 OK for: @babel/core@7.28.6 want: ^1.0.0-beta.2
180 silly placeDep node_modules/@babel/core json5@2.2.3 OK for: @babel/core@7.28.6 want: ^2.2.3
181 silly placeDep node_modules/@babel/core semver@6.3.1 OK for: @babel/core@7.28.6 want: ^6.3.1
182 silly fetch manifest @babel/helper-validator-identifier@^7.28.5
183 silly packumentCache full:https://registry.npmjs.org/@babel%2fhelper-validator-identifier cache-miss
184 silly fetch manifest @jridgewell/gen-mapping@^0.3.12
185 silly packumentCache full:https://registry.npmjs.org/@jridgewell%2fgen-mapping cache-miss
186 silly fetch manifest @jridgewell/trace-mapping@^0.3.28
187 silly packumentCache full:https://registry.npmjs.org/@jridgewell%2ftrace-mapping cache-miss
188 silly fetch manifest jsesc@^3.0.2
189 silly packumentCache full:https://registry.npmjs.org/jsesc cache-miss
190 silly fetch manifest @babel/compat-data@^7.28.6
191 silly packumentCache full:https://registry.npmjs.org/@babel%2fcompat-data cache-miss
192 silly fetch manifest @babel/helper-validator-option@^7.27.1
193 silly packumentCache full:https://registry.npmjs.org/@babel%2fhelper-validator-option cache-miss
194 silly fetch manifest browserslist@^4.24.0
195 silly packumentCache full:https://registry.npmjs.org/browserslist cache-miss
196 http fetch GET 200 https://registry.npmjs.org/jsesc 55ms (cache miss)
197 silly packumentCache full:https://registry.npmjs.org/jsesc set size:undefined disposed:false
198 silly fetch manifest lru-cache@^5.1.1
199 silly packumentCache full:https://registry.npmjs.org/lru-cache cache-miss
200 http fetch GET 200 https://registry.npmjs.org/@babel%2fhelper-validator-identifier 59ms (cache miss)
201 silly packumentCache full:https://registry.npmjs.org/@babel%2fhelper-validator-identifier set size:undefined disposed:false
202 silly fetch manifest @babel/helper-module-imports@^7.28.6
203 silly packumentCache full:https://registry.npmjs.org/@babel%2fhelper-module-imports cache-miss
204 http cache https://registry.npmjs.org/lru-cache 4ms (cache hit)
205 silly packumentCache full:https://registry.npmjs.org/lru-cache set size:406394 disposed:false
206 silly fetch manifest @babel/helper-globals@^7.28.0
207 silly packumentCache full:https://registry.npmjs.org/@babel%2fhelper-globals cache-miss
208 http fetch GET 200 https://registry.npmjs.org/@jridgewell%2ftrace-mapping 72ms (cache miss)
209 silly packumentCache full:https://registry.npmjs.org/@jridgewell%2ftrace-mapping set size:undefined disposed:false
210 silly fetch manifest @babel/helper-string-parser@^7.27.1
211 silly packumentCache full:https://registry.npmjs.org/@babel%2fhelper-string-parser cache-miss
212 http fetch GET 200 https://registry.npmjs.org/@jridgewell%2fgen-mapping 76ms (cache miss)
213 silly packumentCache full:https://registry.npmjs.org/@jridgewell%2fgen-mapping set size:undefined disposed:false
214 silly fetch manifest @jridgewell/gen-mapping@^0.3.5
215 silly packumentCache full:https://registry.npmjs.org/@jridgewell%2fgen-mapping cache-miss
216 http cache https://registry.npmjs.org/@jridgewell%2fgen-mapping 2ms (cache hit)
217 silly packumentCache full:https://registry.npmjs.org/@jridgewell%2fgen-mapping set size:80719 disposed:false
218 silly fetch manifest @jridgewell/trace-mapping@^0.3.24
219 silly packumentCache full:https://registry.npmjs.org/@jridgewell%2ftrace-mapping cache-miss
220 http cache https://registry.npmjs.org/@jridgewell%2ftrace-mapping 10ms (cache hit)
221 silly packumentCache full:https://registry.npmjs.org/@jridgewell%2ftrace-mapping set size:170909 disposed:false
222 http fetch GET 200 https://registry.npmjs.org/@babel%2fhelper-validator-option 92ms (cache miss)
223 silly packumentCache full:https://registry.npmjs.org/@babel%2fhelper-validator-option set size:undefined disposed:false
224 http fetch GET 200 https://registry.npmjs.org/browserslist 93ms (cache miss)
225 silly packumentCache full:https://registry.npmjs.org/browserslist set size:undefined disposed:false
226 http fetch GET 200 https://registry.npmjs.org/@babel%2fcompat-data 104ms (cache miss)
227 silly packumentCache full:https://registry.npmjs.org/@babel%2fcompat-data set size:undefined disposed:false
228 http fetch GET 200 https://registry.npmjs.org/@babel%2fhelper-module-imports 49ms (cache miss)
229 silly packumentCache full:https://registry.npmjs.org/@babel%2fhelper-module-imports set size:undefined disposed:false
230 http fetch GET 200 https://registry.npmjs.org/@babel%2fhelper-string-parser 44ms (cache miss)
231 silly packumentCache full:https://registry.npmjs.org/@babel%2fhelper-string-parser set size:undefined disposed:false
232 http fetch GET 200 https://registry.npmjs.org/@babel%2fhelper-globals 54ms (cache miss)
233 silly packumentCache full:https://registry.npmjs.org/@babel%2fhelper-globals set size:undefined disposed:false
234 silly placeDep ROOT @babel/helper-validator-identifier@7.28.5 OK for: @babel/code-frame@7.28.6 want: ^7.28.5
235 silly placeDep ROOT @jridgewell/gen-mapping@0.3.13 OK for: @babel/generator@7.28.6 want: ^0.3.12
236 silly placeDep ROOT @jridgewell/trace-mapping@0.3.31 OK for: @babel/generator@7.28.6 want: ^0.3.28
237 silly placeDep ROOT jsesc@3.1.0 OK for: @babel/generator@7.28.6 want: ^3.0.2
238 silly fetch manifest @jridgewell/sourcemap-codec@^1.5.0
239 silly packumentCache full:https://registry.npmjs.org/@jridgewell%2fsourcemap-codec cache-miss
240 silly fetch manifest @jridgewell/resolve-uri@^3.1.0
241 silly packumentCache full:https://registry.npmjs.org/@jridgewell%2fresolve-uri cache-miss
242 silly fetch manifest @jridgewell/sourcemap-codec@^1.4.14
243 silly packumentCache full:https://registry.npmjs.org/@jridgewell%2fsourcemap-codec cache-miss
244 http fetch GET 200 https://registry.npmjs.org/@jridgewell%2fresolve-uri 60ms (cache miss)
245 silly packumentCache full:https://registry.npmjs.org/@jridgewell%2fresolve-uri set size:undefined disposed:false
246 http fetch GET 200 https://registry.npmjs.org/@jridgewell%2fsourcemap-codec 254ms (cache miss)
247 silly packumentCache full:https://registry.npmjs.org/@jridgewell%2fsourcemap-codec set size:undefined disposed:false
248 http fetch GET 200 https://registry.npmjs.org/@jridgewell%2fsourcemap-codec 257ms (cache miss)
249 silly packumentCache full:https://registry.npmjs.org/@jridgewell%2fsourcemap-codec set size:undefined disposed:false
250 silly placeDep ROOT @babel/compat-data@7.28.6 OK for: @babel/helper-compilation-targets@7.28.6 want: ^7.28.6
251 silly placeDep ROOT @babel/helper-validator-option@7.27.1 OK for: @babel/helper-compilation-targets@7.28.6 want: ^7.27.1
252 silly placeDep ROOT browserslist@4.28.1 OK for: @babel/helper-compilation-targets@7.28.6 want: ^4.24.0
253 silly placeDep ROOT lru-cache@5.1.1 OK for: @babel/helper-compilation-targets@7.28.6 want: ^5.1.1
254 silly placeDep node_modules/@babel/helper-compilation-targets semver@6.3.1 OK for: @babel/helper-compilation-targets@7.28.6 want: ^6.3.1
255 silly fetch manifest electron-to-chromium@^1.5.263
256 silly packumentCache full:https://registry.npmjs.org/electron-to-chromium cache-miss
257 silly fetch manifest node-releases@^2.0.27
258 silly packumentCache full:https://registry.npmjs.org/node-releases cache-miss
259 silly fetch manifest update-browserslist-db@^1.2.0
260 silly packumentCache full:https://registry.npmjs.org/update-browserslist-db cache-miss
261 silly fetch manifest yallist@^3.0.2
262 silly packumentCache full:https://registry.npmjs.org/yallist cache-miss
263 http fetch GET 200 https://registry.npmjs.org/yallist 57ms (cache miss)
264 silly packumentCache full:https://registry.npmjs.org/yallist set size:undefined disposed:false
265 http fetch GET 200 https://registry.npmjs.org/update-browserslist-db 58ms (cache miss)
266 silly packumentCache full:https://registry.npmjs.org/update-browserslist-db set size:undefined disposed:false
267 http fetch GET 200 https://registry.npmjs.org/node-releases 147ms (cache miss)
268 silly packumentCache full:https://registry.npmjs.org/node-releases set size:undefined disposed:false
269 http fetch GET 200 https://registry.npmjs.org/electron-to-chromium 166ms (cache miss)
270 silly packumentCache full:https://registry.npmjs.org/electron-to-chromium set size:undefined disposed:false
271 silly placeDep ROOT @babel/helper-module-imports@7.28.6 OK for: @babel/helper-module-transforms@7.28.6 want: ^7.28.6
272 silly placeDep ROOT @babel/helper-globals@7.28.0 OK for: @babel/traverse@7.28.6 want: ^7.28.0
273 silly placeDep ROOT @babel/helper-string-parser@7.27.1 OK for: @babel/types@7.28.6 want: ^7.27.1
274 silly placeDep ROOT @jridgewell/sourcemap-codec@1.5.5 OK for: @jridgewell/gen-mapping@0.3.13 want: ^1.5.0
275 silly placeDep ROOT @jridgewell/resolve-uri@3.1.2 OK for: @jridgewell/trace-mapping@0.3.31 want: ^3.1.0
276 silly placeDep ROOT electron-to-chromium@1.5.267 OK for: browserslist@4.28.1 want: ^1.5.263
277 silly placeDep ROOT node-releases@2.0.27 OK for: browserslist@4.28.1 want: ^2.0.27
278 silly placeDep ROOT update-browserslist-db@1.2.3 OK for: browserslist@4.28.1 want: ^1.2.0
279 silly fetch manifest escalade@^3.2.0
280 silly packumentCache full:https://registry.npmjs.org/escalade cache-miss
281 http fetch GET 200 https://registry.npmjs.org/escalade 41ms (cache miss)
282 silly packumentCache full:https://registry.npmjs.org/escalade set size:undefined disposed:false
283 silly placeDep node_modules/fast-glob glob-parent@5.1.2 OK for: fast-glob@3.3.1 want: ^5.1.2
284 silly placeDep ROOT merge2@1.4.1 OK for: fast-glob@3.3.1 want: ^1.3.0
285 silly placeDep ROOT micromatch@4.0.8 OK for: fast-glob@3.3.1 want: ^4.0.4
286 silly fetch manifest braces@^3.0.3
287 silly packumentCache full:https://registry.npmjs.org/braces cache-miss
288 silly fetch manifest picomatch@^2.3.1
289 silly packumentCache full:https://registry.npmjs.org/picomatch cache-miss
290 http cache https://registry.npmjs.org/braces 2ms (cache hit)
291 silly packumentCache full:https://registry.npmjs.org/braces set size:114529 disposed:false
292 http cache https://registry.npmjs.org/picomatch 3ms (cache hit)
293 silly packumentCache full:https://registry.npmjs.org/picomatch set size:118818 disposed:false
294 silly placeDep ROOT hermes-estree@0.25.1 OK for: hermes-parser@0.25.1 want: 0.25.1
295 silly placeDep ROOT yallist@3.1.1 OK for: lru-cache@5.1.1 want: ^3.0.2
296 silly placeDep ROOT braces@3.0.3 OK for: micromatch@4.0.8 want: ^3.0.3
297 silly placeDep ROOT picomatch@2.3.1 OK for: micromatch@4.0.8 want: ^2.3.1
298 silly fetch manifest fill-range@^7.1.1
299 silly packumentCache full:https://registry.npmjs.org/fill-range cache-miss
300 http cache https://registry.npmjs.org/fill-range 2ms (cache hit)
301 silly packumentCache full:https://registry.npmjs.org/fill-range set size:90212 disposed:false
302 silly placeDep ROOT fill-range@7.1.1 OK for: braces@3.0.3 want: ^7.1.1
303 silly fetch manifest to-regex-range@^5.0.1
304 silly packumentCache full:https://registry.npmjs.org/to-regex-range cache-miss
305 http cache https://registry.npmjs.org/to-regex-range 3ms (cache hit)
306 silly packumentCache full:https://registry.npmjs.org/to-regex-range set size:61569 disposed:false
307 silly placeDep ROOT to-regex-range@5.0.1 OK for: fill-range@7.1.1 want: ^5.0.1
308 silly fetch manifest is-number@^7.0.0
309 silly packumentCache full:https://registry.npmjs.org/is-number cache-miss
310 http cache https://registry.npmjs.org/is-number 5ms (cache hit)
311 silly packumentCache full:https://registry.npmjs.org/is-number set size:36183 disposed:false
312 silly placeDep ROOT is-number@7.0.0 OK for: to-regex-range@5.0.1 want: ^7.0.0
313 silly placeDep ROOT @typescript-eslint/eslint-plugin@8.53.0 OK for: typescript-eslint@8.53.0 want: 8.53.0
314 silly placeDep ROOT @typescript-eslint/parser@8.53.0 OK for: typescript-eslint@8.53.0 want: 8.53.0
315 silly placeDep ROOT @typescript-eslint/typescript-estree@8.53.0 OK for: typescript-eslint@8.53.0 want: 8.53.0
316 silly placeDep ROOT @typescript-eslint/utils@8.53.0 OK for: typescript-eslint@8.53.0 want: 8.53.0
317 silly fetch manifest @typescript-eslint/scope-manager@8.53.0
318 silly packumentCache full:https://registry.npmjs.org/@typescript-eslint%2fscope-manager cache-miss
319 silly fetch manifest @typescript-eslint/type-utils@8.53.0
320 silly packumentCache full:https://registry.npmjs.org/@typescript-eslint%2ftype-utils cache-miss
321 silly fetch manifest @typescript-eslint/visitor-keys@8.53.0
322 silly packumentCache full:https://registry.npmjs.org/@typescript-eslint%2fvisitor-keys cache-miss
323 silly fetch manifest ignore@^7.0.5
324 silly packumentCache full:https://registry.npmjs.org/ignore cache-miss
325 silly fetch manifest ts-api-utils@^2.4.0
326 silly packumentCache full:https://registry.npmjs.org/ts-api-utils cache-miss
327 silly fetch manifest @typescript-eslint/scope-manager@8.53.0
328 silly packumentCache full:https://registry.npmjs.org/@typescript-eslint%2fscope-manager cache-miss
329 silly fetch manifest @typescript-eslint/types@8.53.0
330 silly packumentCache full:https://registry.npmjs.org/@typescript-eslint%2ftypes cache-miss
331 http cache https://registry.npmjs.org/ignore 14ms (cache hit)
332 silly packumentCache full:https://registry.npmjs.org/ignore set size:237380 disposed:false
333 silly fetch manifest @typescript-eslint/visitor-keys@8.53.0
334 silly packumentCache full:https://registry.npmjs.org/@typescript-eslint%2fvisitor-keys cache-miss
335 http cache https://registry.npmjs.org/ts-api-utils 26ms (cache hit)
336 silly packumentCache full:https://registry.npmjs.org/ts-api-utils set size:220519 disposed:false
337 silly fetch manifest @typescript-eslint/project-service@8.53.0
338 silly packumentCache full:https://registry.npmjs.org/@typescript-eslint%2fproject-service cache-miss
339 http cache https://registry.npmjs.org/@typescript-eslint%2ftypes 44ms (cache hit)
340 silly packumentCache full:https://registry.npmjs.org/@typescript-eslint%2ftypes set size:11766860 disposed:false
341 silly fetch manifest @typescript-eslint/tsconfig-utils@8.53.0
342 silly packumentCache full:https://registry.npmjs.org/@typescript-eslint%2ftsconfig-utils cache-miss
343 http cache https://registry.npmjs.org/@typescript-eslint%2fscope-manager 165ms (cache hit)
344 silly packumentCache full:https://registry.npmjs.org/@typescript-eslint%2fscope-manager set size:11962699 disposed:false
345 silly fetch manifest @typescript-eslint/visitor-keys@8.53.0
346 silly packumentCache full:https://registry.npmjs.org/@typescript-eslint%2fvisitor-keys cache-miss
347 http cache https://registry.npmjs.org/@typescript-eslint%2fvisitor-keys 236ms (cache hit)
348 silly packumentCache full:https://registry.npmjs.org/@typescript-eslint%2fvisitor-keys set size:11404999 disposed:false
349 silly fetch manifest minimatch@^9.0.5
350 silly packumentCache full:https://registry.npmjs.org/minimatch cache-miss
351 http cache https://registry.npmjs.org/@typescript-eslint%2fscope-manager 308ms (cache hit)
352 silly packumentCache full:https://registry.npmjs.org/@typescript-eslint%2fscope-manager set size:11962699 disposed:false
353 http cache https://registry.npmjs.org/@typescript-eslint%2fvisitor-keys 175ms (cache hit)
354 silly packumentCache full:https://registry.npmjs.org/@typescript-eslint%2fvisitor-keys set size:11404999 disposed:false
355 http cache https://registry.npmjs.org/@typescript-eslint%2fvisitor-keys 439ms (cache hit)
356 silly packumentCache full:https://registry.npmjs.org/@typescript-eslint%2fvisitor-keys set size:11404999 disposed:false
357 http cache https://registry.npmjs.org/minimatch 205ms (cache hit)
358 silly packumentCache full:https://registry.npmjs.org/minimatch set size:303959 disposed:false
359 http fetch GET 200 https://registry.npmjs.org/@typescript-eslint%2fproject-service 490ms (cache miss)
360 silly packumentCache full:https://registry.npmjs.org/@typescript-eslint%2fproject-service set size:undefined disposed:false
361 http fetch GET 200 https://registry.npmjs.org/@typescript-eslint%2ftype-utils 557ms (cache miss)
362 silly packumentCache full:https://registry.npmjs.org/@typescript-eslint%2ftype-utils set size:undefined disposed:false
363 http fetch GET 200 https://registry.npmjs.org/@typescript-eslint%2ftsconfig-utils 471ms (cache miss)
364 silly packumentCache full:https://registry.npmjs.org/@typescript-eslint%2ftsconfig-utils set size:undefined disposed:false
365 silly placeDep ROOT @typescript-eslint/scope-manager@8.53.0 OK for: @typescript-eslint/eslint-plugin@8.53.0 want: 8.53.0
366 silly placeDep ROOT @typescript-eslint/type-utils@8.53.0 OK for: @typescript-eslint/eslint-plugin@8.53.0 want: 8.53.0
367 silly placeDep ROOT @typescript-eslint/visitor-keys@8.53.0 OK for: @typescript-eslint/eslint-plugin@8.53.0 want: 8.53.0
368 silly placeDep node_modules/@typescript-eslint/eslint-plugin ignore@7.0.5 OK for: @typescript-eslint/eslint-plugin@8.53.0 want: ^7.0.5
369 silly placeDep ROOT ts-api-utils@2.4.0 OK for: @typescript-eslint/eslint-plugin@8.53.0 want: ^2.4.0
370 silly fetch manifest eslint-visitor-keys@^4.2.1
371 silly packumentCache full:https://registry.npmjs.org/eslint-visitor-keys cache-miss
372 http cache https://registry.npmjs.org/eslint-visitor-keys 4ms (cache hit)
373 silly packumentCache full:https://registry.npmjs.org/eslint-visitor-keys set size:67352 disposed:false
374 silly placeDep ROOT @typescript-eslint/types@8.53.0 OK for: @typescript-eslint/parser@8.53.0 want: 8.53.0
375 silly placeDep ROOT @typescript-eslint/project-service@8.53.0 OK for: @typescript-eslint/typescript-estree@8.53.0 want: 8.53.0
376 silly placeDep ROOT @typescript-eslint/tsconfig-utils@8.53.0 OK for: @typescript-eslint/typescript-estree@8.53.0 want: 8.53.0
377 silly placeDep node_modules/@typescript-eslint/typescript-estree minimatch@9.0.5 OK for: @typescript-eslint/typescript-estree@8.53.0 want: ^9.0.5
378 silly fetch manifest @typescript-eslint/tsconfig-utils@^8.53.0
379 silly packumentCache full:https://registry.npmjs.org/@typescript-eslint%2ftsconfig-utils cache-miss
380 silly fetch manifest brace-expansion@^2.0.1
381 silly packumentCache full:https://registry.npmjs.org/brace-expansion cache-miss
382 http cache https://registry.npmjs.org/@typescript-eslint%2ftsconfig-utils 3ms (cache hit)
383 silly packumentCache full:https://registry.npmjs.org/@typescript-eslint%2ftsconfig-utils set size:810590 disposed:false
384 http cache https://registry.npmjs.org/brace-expansion 6ms (cache hit)
385 silly packumentCache full:https://registry.npmjs.org/brace-expansion set size:46250 disposed:false
386 silly placeDep node_modules/@typescript-eslint/visitor-keys eslint-visitor-keys@4.2.1 OK for: @typescript-eslint/visitor-keys@8.53.0 want: ^4.2.1
387 silly placeDep ROOT escalade@3.2.0 OK for: update-browserslist-db@1.2.3 want: ^3.2.0
388 silly placeDep node_modules/@typescript-eslint/typescript-estree brace-expansion@2.0.2 OK for: minimatch@9.0.5 want: ^2.0.1
389 silly reify mark retired [
389 silly reify   '/Users/murilovieira/Documents/Projeto-Hexis/node_modules/@isaacs/cliui'
389 silly reify ]
390 silly reify mark retired [
390 silly reify   '/Users/murilovieira/Documents/Projeto-Hexis/node_modules/@next/eslint-plugin-next'
390 silly reify ]
391 silly reify mark retired [
391 silly reify   '/Users/murilovieira/Documents/Projeto-Hexis/node_modules/@pkgjs/parseargs'
391 silly reify ]
392 silly reify mark retired [
392 silly reify   '/Users/murilovieira/Documents/Projeto-Hexis/node_modules/@rushstack/eslint-patch'
392 silly reify ]
393 silly reify mark retired [
393 silly reify   '/Users/murilovieira/Documents/Projeto-Hexis/node_modules/@typescript-eslint/parser'
393 silly reify ]
394 silly reify mark retired [
394 silly reify   '/Users/murilovieira/Documents/Projeto-Hexis/node_modules/@typescript-eslint/scope-manager'
394 silly reify ]
395 silly reify mark retired [
395 silly reify   '/Users/murilovieira/Documents/Projeto-Hexis/node_modules/@typescript-eslint/types'
395 silly reify ]
396 silly reify mark retired [
396 silly reify   '/Users/murilovieira/Documents/Projeto-Hexis/node_modules/@typescript-eslint/typescript-estree'
396 silly reify ]
397 silly reify mark retired [
397 silly reify   '/Users/murilovieira/Documents/Projeto-Hexis/node_modules/@typescript-eslint/visitor-keys'
397 silly reify ]
398 silly reify mark retired [
398 silly reify   '/Users/murilovieira/Documents/Projeto-Hexis/node_modules/array-union'
398 silly reify ]
399 silly reify mark retired [ '/Users/murilovieira/Documents/Projeto-Hexis/node_modules/dir-glob' ]
400 silly reify mark retired [
400 silly reify   '/Users/murilovieira/Documents/Projeto-Hexis/node_modules/eastasianwidth'
400 silly reify ]
401 silly reify mark retired [
401 silly reify   '/Users/murilovieira/Documents/Projeto-Hexis/node_modules/eslint-config-next'
401 silly reify ]
402 silly reify mark retired [
402 silly reify   '/Users/murilovieira/Documents/Projeto-Hexis/node_modules/eslint-plugin-react-hooks'
402 silly reify ]
403 silly reify mark retired [
403 silly reify   '/Users/murilovieira/Documents/Projeto-Hexis/node_modules/fast-glob'
403 silly reify ]
404 silly reify mark retired [
404 silly reify   '/Users/murilovieira/Documents/Projeto-Hexis/node_modules/foreground-child'
404 silly reify ]
405 silly reify mark retired [
405 silly reify   '/Users/murilovieira/Documents/Projeto-Hexis/node_modules/glob',
405 silly reify   '/Users/murilovieira/Documents/Projeto-Hexis/node_modules/.bin/glob'
405 silly reify ]
406 silly reify mark retired [ '/Users/murilovieira/Documents/Projeto-Hexis/node_modules/globby' ]
407 silly reify mark retired [
407 silly reify   '/Users/murilovieira/Documents/Projeto-Hexis/node_modules/is-fullwidth-code-point'
407 silly reify ]
408 silly reify mark retired [
408 silly reify   '/Users/murilovieira/Documents/Projeto-Hexis/node_modules/jackspeak'
408 silly reify ]
409 silly reify mark retired [
409 silly reify   '/Users/murilovieira/Documents/Projeto-Hexis/node_modules/lru-cache'
409 silly reify ]
410 silly reify mark retired [ '/Users/murilovieira/Documents/Projeto-Hexis/node_modules/minipass' ]
411 silly reify mark retired [
411 silly reify   '/Users/murilovieira/Documents/Projeto-Hexis/node_modules/path-scurry'
411 silly reify ]
412 silly reify mark retired [
412 silly reify   '/Users/murilovieira/Documents/Projeto-Hexis/node_modules/path-type'
412 silly reify ]
413 silly reify mark retired [
413 silly reify   '/Users/murilovieira/Documents/Projeto-Hexis/node_modules/signal-exit'
413 silly reify ]
414 silly reify mark retired [ '/Users/murilovieira/Documents/Projeto-Hexis/node_modules/slash' ]
415 silly reify mark retired [
415 silly reify   '/Users/murilovieira/Documents/Projeto-Hexis/node_modules/string-width'
415 silly reify ]
416 silly reify mark retired [
416 silly reify   '/Users/murilovieira/Documents/Projeto-Hexis/node_modules/string-width-cjs'
416 silly reify ]
417 silly reify mark retired [
417 silly reify   '/Users/murilovieira/Documents/Projeto-Hexis/node_modules/strip-ansi-cjs'
417 silly reify ]
418 silly reify mark retired [
418 silly reify   '/Users/murilovieira/Documents/Projeto-Hexis/node_modules/ts-api-utils'
418 silly reify ]
419 silly reify mark retired [
419 silly reify   '/Users/murilovieira/Documents/Projeto-Hexis/node_modules/wrap-ansi'
419 silly reify ]
420 silly reify mark retired [
420 silly reify   '/Users/murilovieira/Documents/Projeto-Hexis/node_modules/wrap-ansi-cjs'
420 silly reify ]
421 silly reify moves {
421 silly reify   '/Users/murilovieira/Documents/Projeto-Hexis/node_modules/@isaacs/cliui': '/Users/murilovieira/Documents/Projeto-Hexis/node_modules/@isaacs/.cliui-YiD5sMsP',
421 silly reify   '/Users/murilovieira/Documents/Projeto-Hexis/node_modules/@next/eslint-plugin-next': '/Users/murilovieira/Documents/Projeto-Hexis/node_modules/@next/.eslint-plugin-next-6OzxMiq6',
421 silly reify   '/Users/murilovieira/Documents/Projeto-Hexis/node_modules/@pkgjs/parseargs': '/Users/murilovieira/Documents/Projeto-Hexis/node_modules/@pkgjs/.parseargs-ctjVVAye',
421 silly reify   '/Users/murilovieira/Documents/Projeto-Hexis/node_modules/@rushstack/eslint-patch': '/Users/murilovieira/Documents/Projeto-Hexis/node_modules/@rushstack/.eslint-patch-3n5b2eUf',
421 silly reify   '/Users/murilovieira/Documents/Projeto-Hexis/node_modules/@typescript-eslint/parser': '/Users/murilovieira/Documents/Projeto-Hexis/node_modules/@typescript-eslint/.parser-GtzObhqo',
421 silly reify   '/Users/murilovieira/Documents/Projeto-Hexis/node_modules/@typescript-eslint/scope-manager': '/Users/murilovieira/Documents/Projeto-Hexis/node_modules/@typescript-eslint/.scope-manager-TuiaRp83',
421 silly reify   '/Users/murilovieira/Documents/Projeto-Hexis/node_modules/@typescript-eslint/types': '/Users/murilovieira/Documents/Projeto-Hexis/node_modules/@typescript-eslint/.types-SBTbeO7X',
421 silly reify   '/Users/murilovieira/Documents/Projeto-Hexis/node_modules/@typescript-eslint/typescript-estree': '/Users/murilovieira/Documents/Projeto-Hexis/node_modules/@typescript-eslint/.typescript-estree-X1aSlxD7',
421 silly reify   '/Users/murilovieira/Documents/Projeto-Hexis/node_modules/@typescript-eslint/visitor-keys': '/Users/murilovieira/Documents/Projeto-Hexis/node_modules/@typescript-eslint/.visitor-keys-7CfdzS52',
421 silly reify   '/Users/murilovieira/Documents/Projeto-Hexis/node_modules/array-union': '/Users/murilovieira/Documents/Projeto-Hexis/node_modules/.array-union-XyjA1Y77',
421 silly reify   '/Users/murilovieira/Documents/Projeto-Hexis/node_modules/dir-glob': '/Users/murilovieira/Documents/Projeto-Hexis/node_modules/.dir-glob-hxJwwq81',
421 silly reify   '/Users/murilovieira/Documents/Projeto-Hexis/node_modules/eastasianwidth': '/Users/murilovieira/Documents/Projeto-Hexis/node_modules/.eastasianwidth-dxlaPziw',
421 silly reify   '/Users/murilovieira/Documents/Projeto-Hexis/node_modules/eslint-config-next': '/Users/murilovieira/Documents/Projeto-Hexis/node_modules/.eslint-config-next-ujPvhWcO',
421 silly reify   '/Users/murilovieira/Documents/Projeto-Hexis/node_modules/eslint-plugin-react-hooks': '/Users/murilovieira/Documents/Projeto-Hexis/node_modules/.eslint-plugin-react-hooks-jTo8KbKV',
421 silly reify   '/Users/murilovieira/Documents/Projeto-Hexis/node_modules/fast-glob': '/Users/murilovieira/Documents/Projeto-Hexis/node_modules/.fast-glob-rDXFDqxZ',
421 silly reify   '/Users/murilovieira/Documents/Projeto-Hexis/node_modules/foreground-child': '/Users/murilovieira/Documents/Projeto-Hexis/node_modules/.foreground-child-w1mXcemj',
421 silly reify   '/Users/murilovieira/Documents/Projeto-Hexis/node_modules/glob': '/Users/murilovieira/Documents/Projeto-Hexis/node_modules/.glob-uoozNsgl',
421 silly reify   '/Users/murilovieira/Documents/Projeto-Hexis/node_modules/.bin/glob': '/Users/murilovieira/Documents/Projeto-Hexis/node_modules/.bin/.glob-HNOJidE4',
421 silly reify   '/Users/murilovieira/Documents/Projeto-Hexis/node_modules/globby': '/Users/murilovieira/Documents/Projeto-Hexis/node_modules/.globby-agQf2Uvg',
421 silly reify   '/Users/murilovieira/Documents/Projeto-Hexis/node_modules/is-fullwidth-code-point': '/Users/murilovieira/Documents/Projeto-Hexis/node_modules/.is-fullwidth-code-point-CRn3M026',
421 silly reify   '/Users/murilovieira/Documents/Projeto-Hexis/node_modules/jackspeak': '/Users/murilovieira/Documents/Projeto-Hexis/node_modules/.jackspeak-kwIByyAX',
421 silly reify   '/Users/murilovieira/Documents/Projeto-Hexis/node_modules/lru-cache': '/Users/murilovieira/Documents/Projeto-Hexis/node_modules/.lru-cache-qbcuciYd',
421 silly reify   '/Users/murilovieira/Documents/Projeto-Hexis/node_modules/minipass': '/Users/murilovieira/Documents/Projeto-Hexis/node_modules/.minipass-sPT5JxeS',
421 silly reify   '/Users/murilovieira/Documents/Projeto-Hexis/node_modules/path-scurry': '/Users/murilovieira/Documents/Projeto-Hexis/node_modules/.path-scurry-zRN88ajm',
421 silly reify   '/Users/murilovieira/Documents/Projeto-Hexis/node_modules/path-type': '/Users/murilovieira/Documents/Projeto-Hexis/node_modules/.path-type-Z1zomUXX',
421 silly reify   '/Users/murilovieira/Documents/Projeto-Hexis/node_modules/signal-exit': '/Users/murilovieira/Documents/Projeto-Hexis/node_modules/.signal-exit-Ii9gQ4v0',
421 silly reify   '/Users/murilovieira/Documents/Projeto-Hexis/node_modules/slash': '/Users/murilovieira/Documents/Projeto-Hexis/node_modules/.slash-YlTkGyxV',
421 silly reify   '/Users/murilovieira/Documents/Projeto-Hexis/node_modules/string-width': '/Users/murilovieira/Documents/Projeto-Hexis/node_modules/.string-width-wRYNS3lW',
421 silly reify   '/Users/murilovieira/Documents/Projeto-Hexis/node_modules/string-width-cjs': '/Users/murilovieira/Documents/Projeto-Hexis/node_modules/.string-width-cjs-6a7hcPOA',
421 silly reify   '/Users/murilovieira/Documents/Projeto-Hexis/node_modules/strip-ansi-cjs': '/Users/murilovieira/Documents/Projeto-Hexis/node_modules/.strip-ansi-cjs-iU20cDCK',
421 silly reify   '/Users/murilovieira/Documents/Projeto-Hexis/node_modules/ts-api-utils': '/Users/murilovieira/Documents/Projeto-Hexis/node_modules/.ts-api-utils-TuKmH1xn',
421 silly reify   '/Users/murilovieira/Documents/Projeto-Hexis/node_modules/wrap-ansi': '/Users/murilovieira/Documents/Projeto-Hexis/node_modules/.wrap-ansi-bH82jn3z',
421 silly reify   '/Users/murilovieira/Documents/Projeto-Hexis/node_modules/wrap-ansi-cjs': '/Users/murilovieira/Documents/Projeto-Hexis/node_modules/.wrap-ansi-cjs-pitVIfVI'
421 silly reify }
422 silly audit bulk request {
422 silly audit   '@emnapi/core': [ '1.8.1' ],
422 silly audit   '@emnapi/runtime': [ '1.8.1' ],
422 silly audit   '@emnapi/wasi-threads': [ '1.1.0' ],
422 silly audit   '@eslint-community/eslint-utils': [ '4.9.1' ],
422 silly audit   '@eslint-community/regexpp': [ '4.12.2' ],
422 silly audit   '@eslint/eslintrc': [ '2.1.4' ],
422 silly audit   '@eslint/js': [ '8.57.1' ],
422 silly audit   '@humanwhocodes/config-array': [ '0.13.0' ],
422 silly audit   '@humanwhocodes/module-importer': [ '1.0.1' ],
422 silly audit   '@humanwhocodes/object-schema': [ '2.0.3' ],
422 silly audit   '@img/colour': [ '1.0.0' ],
422 silly audit   '@img/sharp-darwin-arm64': [ '0.34.5' ],
422 silly audit   '@img/sharp-darwin-x64': [ '0.34.5' ],
422 silly audit   '@img/sharp-libvips-darwin-arm64': [ '1.2.4' ],
422 silly audit   '@img/sharp-libvips-darwin-x64': [ '1.2.4' ],
422 silly audit   '@img/sharp-libvips-linux-arm': [ '1.2.4' ],
422 silly audit   '@img/sharp-libvips-linux-arm64': [ '1.2.4' ],
422 silly audit   '@img/sharp-libvips-linux-ppc64': [ '1.2.4' ],
422 silly audit   '@img/sharp-libvips-linux-riscv64': [ '1.2.4' ],
422 silly audit   '@img/sharp-libvips-linux-s390x': [ '1.2.4' ],
422 silly audit   '@img/sharp-libvips-linux-x64': [ '1.2.4' ],
422 silly audit   '@img/sharp-libvips-linuxmusl-arm64': [ '1.2.4' ],
422 silly audit   '@img/sharp-libvips-linuxmusl-x64': [ '1.2.4' ],
422 silly audit   '@img/sharp-linux-arm': [ '0.34.5' ],
422 silly audit   '@img/sharp-linux-arm64': [ '0.34.5' ],
422 silly audit   '@img/sharp-linux-ppc64': [ '0.34.5' ],
422 silly audit   '@img/sharp-linux-riscv64': [ '0.34.5' ],
422 silly audit   '@img/sharp-linux-s390x': [ '0.34.5' ],
422 silly audit   '@img/sharp-linux-x64': [ '0.34.5' ],
422 silly audit   '@img/sharp-linuxmusl-arm64': [ '0.34.5' ],
422 silly audit   '@img/sharp-linuxmusl-x64': [ '0.34.5' ],
422 silly audit   '@img/sharp-wasm32': [ '0.34.5' ],
422 silly audit   '@img/sharp-win32-arm64': [ '0.34.5' ],
422 silly audit   '@img/sharp-win32-ia32': [ '0.34.5' ],
422 silly audit   '@img/sharp-win32-x64': [ '0.34.5' ],
422 silly audit   'ansi-regex': [ '5.0.1' ],
422 silly audit   'strip-ansi': [ '6.0.1' ],
422 silly audit   '@napi-rs/wasm-runtime': [ '0.2.12' ],
422 silly audit   '@next/env': [ '16.1.1' ],
422 silly audit   '@next/swc-darwin-arm64': [ '16.1.1' ],
422 silly audit   '@next/swc-darwin-x64': [ '16.1.1' ],
422 silly audit   '@next/swc-linux-arm64-gnu': [ '16.1.1' ],
422 silly audit   '@next/swc-linux-arm64-musl': [ '16.1.1' ],
422 silly audit   '@next/swc-linux-x64-gnu': [ '16.1.1' ],
422 silly audit   '@next/swc-linux-x64-musl': [ '16.1.1' ],
422 silly audit   '@next/swc-win32-arm64-msvc': [ '16.1.1' ],
422 silly audit   '@next/swc-win32-x64-msvc': [ '16.1.1' ],
422 silly audit   '@nodelib/fs.scandir': [ '2.1.5' ],
422 silly audit   '@nodelib/fs.stat': [ '2.0.5' ],
422 silly audit   '@nodelib/fs.walk': [ '1.2.8' ],
422 silly audit   '@nolyfill/is-core-module': [ '1.0.39' ],
422 silly audit   '@rtsao/scc': [ '1.1.0' ],
422 silly audit   '@supabase/auth-js': [ '2.90.1' ],
422 silly audit   '@supabase/functions-js': [ '2.90.1' ],
422 silly audit   '@supabase/postgrest-js': [ '2.90.1' ],
422 silly audit   '@supabase/realtime-js': [ '2.90.1' ],
422 silly audit   '@supabase/ssr': [ '0.8.0' ],
422 silly audit   '@supabase/storage-js': [ '2.90.1' ],
422 silly audit   '@supabase/supabase-js': [ '2.90.1' ],
422 silly audit   '@swc/helpers': [ '0.5.15' ],
422 silly audit   '@tybys/wasm-util': [ '0.10.1' ],
422 silly audit   '@types/json5': [ '0.0.29' ],
422 silly audit   '@types/node': [ '25.0.6' ],
422 silly audit   '@types/phoenix': [ '1.6.7' ],
422 silly audit   '@types/react': [ '19.2.8' ],
422 silly audit   '@types/react-dom': [ '19.2.3' ],
422 silly audit   '@types/ws': [ '8.18.1' ],
422 silly audit   'brace-expansion': [ '1.1.12', '2.0.2' ],
422 silly audit   minimatch: [ '3.1.2', '9.0.5' ],
422 silly audit   '@ungap/structured-clone': [ '1.3.0' ],
422 silly audit   '@unrs/resolver-binding-android-arm-eabi': [ '1.11.1' ],
422 silly audit   '@unrs/resolver-binding-android-arm64': [ '1.11.1' ],
422 silly audit   '@unrs/resolver-binding-darwin-arm64': [ '1.11.1' ],
422 silly audit   '@unrs/resolver-binding-darwin-x64': [ '1.11.1' ],
422 silly audit   '@unrs/resolver-binding-freebsd-x64': [ '1.11.1' ],
422 silly audit   '@unrs/resolver-binding-linux-arm-gnueabihf': [ '1.11.1' ],
422 silly audit   '@unrs/resolver-binding-linux-arm-musleabihf': [ '1.11.1' ],
422 silly audit   '@unrs/resolver-binding-linux-arm64-gnu': [ '1.11.1' ],
422 silly audit   '@unrs/resolver-binding-linux-arm64-musl': [ '1.11.1' ],
422 silly audit   '@unrs/resolver-binding-linux-ppc64-gnu': [ '1.11.1' ],
422 silly audit   '@unrs/resolver-binding-linux-riscv64-gnu': [ '1.11.1' ],
422 silly audit   '@unrs/resolver-binding-linux-riscv64-musl': [ '1.11.1' ],
422 silly audit   '@unrs/resolver-binding-linux-s390x-gnu': [ '1.11.1' ],
422 silly audit   '@unrs/resolver-binding-linux-x64-gnu': [ '1.11.1' ],
422 silly audit   '@unrs/resolver-binding-linux-x64-musl': [ '1.11.1' ],
422 silly audit   '@unrs/resolver-binding-wasm32-wasi': [ '1.11.1' ],
422 silly audit   '@unrs/resolver-binding-win32-arm64-msvc': [ '1.11.1' ],
422 silly audit   '@unrs/resolver-binding-win32-ia32-msvc': [ '1.11.1' ],
422 silly audit   '@unrs/resolver-binding-win32-x64-msvc': [ '1.11.1' ],
422 silly audit   acorn: [ '8.15.0' ],
422 silly audit   'acorn-jsx': [ '5.3.2' ],
422 silly audit   ajv: [ '6.12.6' ],
422 silly audit   'ansi-styles': [ '4.3.0' ],
422 silly audit   argparse: [ '2.0.1' ],
422 silly audit   'aria-query': [ '5.3.2' ],
422 silly audit   'array-buffer-byte-length': [ '1.0.2' ],
422 silly audit   'array-includes': [ '3.1.9' ],
422 silly audit   'array.prototype.findlast': [ '1.2.5' ],
422 silly audit   'array.prototype.findlastindex': [ '1.2.6' ],
422 silly audit   'array.prototype.flat': [ '1.3.3' ],
422 silly audit   'array.prototype.flatmap': [ '1.3.3' ],
422 silly audit   'array.prototype.tosorted': [ '1.1.4' ],
422 silly audit   'arraybuffer.prototype.slice': [ '1.0.4' ],
422 silly audit   'ast-types-flow': [ '0.0.8' ],
422 silly audit   'async-function': [ '1.0.0' ],
422 silly audit   'available-typed-arrays': [ '1.0.7' ],
422 silly audit   'axe-core': [ '4.11.1' ],
422 silly audit   'axobject-query': [ '4.1.0' ],
422 silly audit   'balanced-match': [ '1.0.2' ],
422 silly audit   'baseline-browser-mapping': [ '2.9.14' ],
422 silly audit   'call-bind': [ '1.0.8' ],
422 silly audit   'call-bind-apply-helpers': [ '1.0.2' ],
422 silly audit   'call-bound': [ '1.0.4' ],
422 silly audit   callsites: [ '3.1.0' ],
422 silly audit   'caniuse-lite': [ '1.0.30001764' ],
422 silly audit   chalk: [ '4.1.2' ],
422 silly audit   'client-only': [ '0.0.1' ],
422 silly audit   'color-convert': [ '2.0.1' ],
422 silly audit   'color-name': [ '1.1.4' ],
422 silly audit   'concat-map': [ '0.0.1' ],
422 silly audit   cookie: [ '1.1.1' ],
422 silly audit   'cross-spawn': [ '7.0.6' ],
422 silly audit   csstype: [ '3.2.3' ],
422 silly audit   'damerau-levenshtein': [ '1.0.8' ],
422 silly audit   'data-view-buffer': [ '1.0.2' ],
422 silly audit   'data-view-byte-length': [ '1.0.2' ],
422 silly audit   'data-view-byte-offset': [ '1.0.1' ],
422 silly audit   debug: [ '4.4.3', '3.2.7' ],
422 silly audit   'deep-is': [ '0.1.4' ],
422 silly audit   'define-data-property': [ '1.1.4' ],
422 silly audit   'define-properties': [ '1.2.1' ],
422 silly audit   'detect-libc': [ '2.1.2' ],
422 silly audit   doctrine: [ '3.0.0', '2.1.0' ],
422 silly audit   'dunder-proto': [ '1.0.1' ],
422 silly audit   'emoji-regex': [ '9.2.2' ],
422 silly audit   'es-abstract': [ '1.24.1' ],
422 silly audit   'es-define-property': [ '1.0.1' ],
422 silly audit   'es-errors': [ '1.3.0' ],
422 silly audit   'es-iterator-helpers': [ '1.2.2' ],
422 silly audit   'es-object-atoms': [ '1.1.1' ],
422 silly audit   'es-set-tostringtag': [ '2.1.0' ],
422 silly audit   'es-shim-unscopables': [ '1.1.0' ],
422 silly audit   'es-to-primitive': [ '1.3.0' ],
422 silly audit   'escape-string-regexp': [ '4.0.0' ],
422 silly audit   'eslint-import-resolver-node': [ '0.3.9' ],
422 silly audit   'eslint-import-resolver-typescript': [ '3.10.1' ],
422 silly audit   'eslint-module-utils': [ '2.12.1' ],
422 silly audit   'eslint-plugin-import': [ '2.32.0' ],
422 silly audit   semver: [ '6.3.1', '7.7.3' ],
422 silly audit   'eslint-plugin-jsx-a11y': [ '6.10.2' ],
422 silly audit   'eslint-plugin-react': [ '7.37.5' ],
422 silly audit   resolve: [ '2.0.0-next.5', '1.22.11' ],
422 silly audit   'eslint-scope': [ '7.2.2' ],
422 silly audit   'eslint-visitor-keys': [ '3.4.3', '4.2.1' ],
422 silly audit   espree: [ '9.6.1' ],
422 silly audit   esquery: [ '1.7.0' ],
422 silly audit   esrecurse: [ '4.3.0' ],
422 silly audit   estraverse: [ '5.3.0' ],
422 silly audit   esutils: [ '2.0.3' ],
422 silly audit   'fast-deep-equal': [ '3.1.3' ],
422 silly audit   'glob-parent': [ '6.0.2', '5.1.2' ],
422 silly audit   'fast-json-stable-stringify': [ '2.1.0' ],
422 silly audit   'fast-levenshtein': [ '2.0.6' ],
422 silly audit   fastq: [ '1.20.1' ],
422 silly audit   'file-entry-cache': [ '6.0.1' ],
422 silly audit   'find-up': [ '5.0.0' ],
422 silly audit   'flat-cache': [ '3.2.0' ],
422 silly audit   flatted: [ '3.3.3' ],
422 silly audit   'for-each': [ '0.3.5' ],
422 silly audit   'fs.realpath': [ '1.0.0' ],
422 silly audit   'function-bind': [ '1.1.2' ],
422 silly audit   'function.prototype.name': [ '1.1.8' ],
422 silly audit   'functions-have-names': [ '1.2.3' ],
422 silly audit   'generator-function': [ '2.0.1' ],
422 silly audit   'get-intrinsic': [ '1.3.0' ],
422 silly audit   'get-proto': [ '1.0.1' ],
422 silly audit   'get-symbol-description': [ '1.1.0' ],
422 silly audit   'get-tsconfig': [ '4.13.0' ],
422 silly audit   glob: [ '7.2.3' ],
422 silly audit   globals: [ '13.24.0', '16.4.0' ],
422 silly audit   globalthis: [ '1.0.4' ],
422 silly audit   gopd: [ '1.2.0' ],
422 silly audit   graphemer: [ '1.4.0' ],
422 silly audit   'has-bigints': [ '1.1.0' ],
422 silly audit   'has-flag': [ '4.0.0' ],
422 silly audit   'has-property-descriptors': [ '1.0.2' ],
422 silly audit   'has-proto': [ '1.2.0' ],
422 silly audit   'has-symbols': [ '1.1.0' ],
422 silly audit   'has-tostringtag': [ '1.0.2' ],
422 silly audit   hasown: [ '2.0.2' ],
422 silly audit   'iceberg-js': [ '0.8.1' ],
422 silly audit   ignore: [ '5.3.2', '7.0.5' ],
422 silly audit   'import-fresh': [ '3.3.1' ],
422 silly audit   imurmurhash: [ '0.1.4' ],
422 silly audit   inflight: [ '1.0.6' ],
422 silly audit   inherits: [ '2.0.4' ],
422 silly audit   'internal-slot': [ '1.1.0' ],
422 silly audit   'is-array-buffer': [ '3.0.5' ],
422 silly audit   'is-async-function': [ '2.1.1' ],
422 silly audit   'is-bigint': [ '1.1.0' ],
422 silly audit   'is-boolean-object': [ '1.2.2' ],
422 silly audit   'is-bun-module': [ '2.0.0' ],
422 silly audit   'is-callable': [ '1.2.7' ],
422 silly audit   'is-core-module': [ '2.16.1' ],
422 silly audit   'is-data-view': [ '1.0.2' ],
422 silly audit   'is-date-object': [ '1.1.0' ],
422 silly audit   'is-extglob': [ '2.1.1' ],
422 silly audit   'is-finalizationregistry': [ '1.1.1' ],
422 silly audit   'is-generator-function': [ '1.1.2' ],
422 silly audit   'is-glob': [ '4.0.3' ],
422 silly audit   'is-map': [ '2.0.3' ],
422 silly audit   'is-negative-zero': [ '2.0.3' ],
422 silly audit   'is-number-object': [ '1.1.1' ],
422 silly audit   'is-path-inside': [ '3.0.3' ],
422 silly audit   'is-regex': [ '1.2.1' ],
422 silly audit   'is-set': [ '2.0.3' ],
422 silly audit   'is-shared-array-buffer': [ '1.0.4' ],
422 silly audit   'is-string': [ '1.1.1' ],
422 silly audit   'is-symbol': [ '1.1.1' ],
422 silly audit   'is-typed-array': [ '1.1.15' ],
422 silly audit   'is-weakmap': [ '2.0.2' ],
422 silly audit   'is-weakref': [ '1.1.1' ],
422 silly audit   'is-weakset': [ '2.0.4' ],
422 silly audit   isarray: [ '2.0.5' ],
422 silly audit   isexe: [ '2.0.0' ],
422 silly audit   'iterator.prototype': [ '1.1.5' ],
422 silly audit   'js-tokens': [ '4.0.0' ],
422 silly audit   'js-yaml': [ '4.1.1' ],
422 silly audit   'json-buffer': [ '3.0.1' ],
422 silly audit   'json-schema-traverse': [ '0.4.1' ],
422 silly audit   'json-stable-stringify-without-jsonify': [ '1.0.1' ],
422 silly audit   json5: [ '1.0.2', '2.2.3' ],
422 silly audit   'jsx-ast-utils': [ '3.3.5' ],
422 silly audit   keyv: [ '4.5.4' ],
422 silly audit   'language-subtag-registry': [ '0.3.23' ],
422 silly audit   'language-tags': [ '1.0.9' ],
422 silly audit   levn: [ '0.4.1' ],
422 silly audit   'locate-path': [ '6.0.0' ],
422 silly audit   'lodash.merge': [ '4.6.2' ],
422 silly audit   'loose-envify': [ '1.4.0' ],
422 silly audit   'math-intrinsics': [ '1.1.0' ],
422 silly audit   minimist: [ '1.2.8' ],
422 silly audit   ms: [ '2.1.3' ],
422 silly audit   nanoid: [ '3.3.11' ],
422 silly audit   'napi-postinstall': [ '0.3.4' ],
422 silly audit   'natural-compare': [ '1.4.0' ],
422 silly audit   next: [ '16.1.1' ],
422 silly audit   'object-assign': [ '4.1.1' ],
422 silly audit   'object-inspect': [ '1.13.4' ],
422 silly audit   'object-keys': [ '1.1.1' ],
422 silly audit   'object.assign': [ '4.1.7' ],
422 silly audit   'object.entries': [ '1.1.9' ],
422 silly audit   'object.fromentries': [ '2.0.8' ],
422 silly audit   'object.groupby': [ '1.0.3' ],
422 silly audit   'object.values': [ '1.2.1' ],
422 silly audit   once: [ '1.4.0' ],
422 silly audit   optionator: [ '0.9.4' ],
422 silly audit   'own-keys': [ '1.0.1' ],
422 silly audit   'p-limit': [ '3.1.0' ],
422 silly audit   'p-locate': [ '5.0.0' ],
422 silly audit   'parent-module': [ '1.0.1' ],
422 silly audit   'path-exists': [ '4.0.0' ],
422 silly audit   'path-is-absolute': [ '1.0.1' ],
422 silly audit   'path-key': [ '3.1.1' ],
422 silly audit   'path-parse': [ '1.0.7' ],
422 silly audit   picocolors: [ '1.1.1' ],
422 silly audit   picomatch: [ '4.0.3', '2.3.1' ],
422 silly audit   'possible-typed-array-names': [ '1.1.0' ],
422 silly audit   postcss: [ '8.4.31' ],
422 silly audit   'prelude-ls': [ '1.2.1' ],
422 silly audit   'prop-types': [ '15.8.1' ],
422 silly audit   punycode: [ '2.3.1' ],
422 silly audit   'queue-microtask': [ '1.2.3' ],
422 silly audit   react: [ '19.2.3' ],
422 silly audit   'react-dom': [ '19.2.3' ],
422 silly audit   'react-is': [ '16.13.1' ],
422 silly audit   'reflect.getprototypeof': [ '1.0.10' ],
422 silly audit   'regexp.prototype.flags': [ '1.5.4' ],
422 silly audit   'resolve-from': [ '4.0.0' ],
422 silly audit   'resolve-pkg-maps': [ '1.0.0' ],
422 silly audit   reusify: [ '1.1.0' ],
422 silly audit   rimraf: [ '3.0.2' ],
422 silly audit   'run-parallel': [ '1.2.0' ],
422 silly audit   'safe-array-concat': [ '1.1.3' ],
422 silly audit   'safe-push-apply': [ '1.0.0' ],
422 silly audit   'safe-regex-test': [ '1.1.0' ],
422 silly audit   scheduler: [ '0.27.0' ],
422 silly audit   'set-function-length': [ '1.2.2' ],
422 silly audit   'set-function-name': [ '2.0.2' ],
422 silly audit   'set-proto': [ '1.0.0' ],
422 silly audit   sharp: [ '0.34.5' ],
422 silly audit   'shebang-command': [ '2.0.0' ],
422 silly audit   'shebang-regex': [ '3.0.0' ],
422 silly audit   'side-channel': [ '1.1.0' ],
422 silly audit   'side-channel-list': [ '1.0.0' ],
422 silly audit   'side-channel-map': [ '1.0.1' ],
422 silly audit   'side-channel-weakmap': [ '1.0.2' ],
422 silly audit   'source-map-js': [ '1.2.1' ],
422 silly audit   'stable-hash': [ '0.0.5' ],
422 silly audit   'stop-iteration-iterator': [ '1.1.0' ],
422 silly audit   'string.prototype.includes': [ '2.0.1' ],
422 silly audit   'string.prototype.matchall': [ '4.0.12' ],
422 silly audit   'string.prototype.repeat': [ '1.0.0' ],
422 silly audit   'string.prototype.trim': [ '1.2.10' ],
422 silly audit   'string.prototype.trimend': [ '1.0.9' ],
422 silly audit   'string.prototype.trimstart': [ '1.0.8' ],
422 silly audit   'strip-bom': [ '3.0.0' ],
422 silly audit   'strip-json-comments': [ '3.1.1' ],
422 silly audit   'styled-jsx': [ '5.1.6' ],
422 silly audit   'supports-color': [ '7.2.0' ],
422 silly audit   'supports-preserve-symlinks-flag': [ '1.0.0' ],
422 silly audit   'text-table': [ '0.2.0' ],
422 silly audit   tinyglobby: [ '0.2.15' ],
422 silly audit   fdir: [ '6.5.0' ],
422 silly audit   'tsconfig-paths': [ '3.15.0' ],
422 silly audit   tslib: [ '2.8.1' ],
422 silly audit   'type-check': [ '0.4.0' ],
422 silly audit   'type-fest': [ '0.20.2' ],
422 silly audit   'typed-array-buffer': [ '1.0.3' ],
422 silly audit   'typed-array-byte-length': [ '1.0.3' ],
422 silly audit   'typed-array-byte-offset': [ '1.0.4' ],
422 silly audit   'typed-array-length': [ '1.0.7' ],
422 silly audit   typescript: [ '5.9.3' ],
422 silly audit   'unbox-primitive': [ '1.1.0' ],
422 silly audit   'undici-types': [ '7.16.0' ],
422 silly audit   'unrs-resolver': [ '1.11.1' ],
422 silly audit   'uri-js': [ '4.4.1' ],
422 silly audit   which: [ '2.0.2' ],
422 silly audit   'which-boxed-primitive': [ '1.1.1' ],
422 silly audit   'which-builtin-type': [ '1.2.1' ],
422 silly audit   'which-collection': [ '1.0.2' ],
422 silly audit   'which-typed-array': [ '1.1.19' ],
422 silly audit   'word-wrap': [ '1.2.5' ],
422 silly audit   wrappy: [ '1.0.2' ],
422 silly audit   ws: [ '8.19.0' ],
422 silly audit   'yocto-queue': [ '0.1.0' ],
422 silly audit   eslint: [ '8.57.1' ],
422 silly audit   'eslint-config-next': [ '16.1.1' ],
422 silly audit   '@next/eslint-plugin-next': [ '16.1.1' ],
422 silly audit   'eslint-plugin-react-hooks': [ '7.0.1' ],
422 silly audit   'typescript-eslint': [ '8.53.0' ],
422 silly audit   'fast-glob': [ '3.3.1' ],
422 silly audit   '@babel/core': [ '7.28.6' ],
422 silly audit   '@babel/parser': [ '7.28.6' ],
422 silly audit   'hermes-parser': [ '0.25.1' ],
422 silly audit   zod: [ '4.3.5' ],
422 silly audit   'zod-validation-error': [ '4.0.2' ],
422 silly audit   '@babel/code-frame': [ '7.28.6' ],
422 silly audit   '@babel/generator': [ '7.28.6' ],
422 silly audit   '@babel/helper-compilation-targets': [ '7.28.6' ],
422 silly audit   '@babel/helper-module-transforms': [ '7.28.6' ],
422 silly audit   '@babel/helpers': [ '7.28.6' ],
422 silly audit   '@babel/template': [ '7.28.6' ],
422 silly audit   '@babel/traverse': [ '7.28.6' ],
422 silly audit   '@babel/types': [ '7.28.6' ],
422 silly audit   '@jridgewell/remapping': [ '2.3.5' ],
422 silly audit   'convert-source-map': [ '2.0.0' ],
422 silly audit   gensync: [ '1.0.0-beta.2' ],
422 silly audit   '@babel/helper-validator-identifier': [ '7.28.5' ],
422 silly audit   '@jridgewell/gen-mapping': [ '0.3.13' ],
422 silly audit   '@jridgewell/trace-mapping': [ '0.3.31' ],
422 silly audit   jsesc: [ '3.1.0' ],
422 silly audit   '@babel/compat-data': [ '7.28.6' ],
422 silly audit   '@babel/helper-validator-option': [ '7.27.1' ],
422 silly audit   browserslist: [ '4.28.1' ],
422 silly audit   'lru-cache': [ '5.1.1' ],
422 silly audit   '@babel/helper-module-imports': [ '7.28.6' ],
422 silly audit   '@babel/helper-globals': [ '7.28.0' ],
422 silly audit   '@babel/helper-string-parser': [ '7.27.1' ],
422 silly audit   '@jridgewell/sourcemap-codec': [ '1.5.5' ],
422 silly audit   '@jridgewell/resolve-uri': [ '3.1.2' ],
422 silly audit   'electron-to-chromium': [ '1.5.267' ],
422 silly audit   'node-releases': [ '2.0.27' ],
422 silly audit   'update-browserslist-db': [ '1.2.3' ],
422 silly audit   merge2: [ '1.4.1' ],
422 silly audit   micromatch: [ '4.0.8' ],
422 silly audit   'hermes-estree': [ '0.25.1' ],
422 silly audit   yallist: [ '3.1.1' ],
422 silly audit   braces: [ '3.0.3' ],
422 silly audit   'fill-range': [ '7.1.1' ],
422 silly audit   'to-regex-range': [ '5.0.1' ],
422 silly audit   'is-number': [ '7.0.0' ],
422 silly audit   '@typescript-eslint/eslint-plugin': [ '8.53.0' ],
422 silly audit   '@typescript-eslint/parser': [ '8.53.0' ],
422 silly audit   '@typescript-eslint/typescript-estree': [ '8.53.0' ],
422 silly audit   '@typescript-eslint/utils': [ '8.53.0' ],
422 silly audit   '@typescript-eslint/scope-manager': [ '8.53.0' ],
422 silly audit   '@typescript-eslint/type-utils': [ '8.53.0' ],
422 silly audit   '@typescript-eslint/visitor-keys': [ '8.53.0' ],
422 silly audit   'ts-api-utils': [ '2.4.0' ],
422 silly audit   '@typescript-eslint/types': [ '8.53.0' ],
422 silly audit   '@typescript-eslint/project-service': [ '8.53.0' ],
422 silly audit   '@typescript-eslint/tsconfig-utils': [ '8.53.0' ],
422 silly audit   escalade: [ '3.2.0' ]
422 silly audit }
423 verbose reify failed optional dependency /Users/murilovieira/Documents/Projeto-Hexis/node_modules/@unrs/resolver-binding-win32-x64-msvc
424 silly reify mark deleted [
424 silly reify   '/Users/murilovieira/Documents/Projeto-Hexis/node_modules/@unrs/resolver-binding-win32-x64-msvc'
424 silly reify ]
425 verbose reify failed optional dependency /Users/murilovieira/Documents/Projeto-Hexis/node_modules/@unrs/resolver-binding-win32-ia32-msvc
426 silly reify mark deleted [
426 silly reify   '/Users/murilovieira/Documents/Projeto-Hexis/node_modules/@unrs/resolver-binding-win32-ia32-msvc'
426 silly reify ]
427 verbose reify failed optional dependency /Users/murilovieira/Documents/Projeto-Hexis/node_modules/@unrs/resolver-binding-win32-arm64-msvc
428 silly reify mark deleted [
428 silly reify   '/Users/murilovieira/Documents/Projeto-Hexis/node_modules/@unrs/resolver-binding-win32-arm64-msvc'
428 silly reify ]
429 verbose reify failed optional dependency /Users/murilovieira/Documents/Projeto-Hexis/node_modules/@unrs/resolver-binding-wasm32-wasi
430 silly reify mark deleted [
430 silly reify   '/Users/murilovieira/Documents/Projeto-Hexis/node_modules/@unrs/resolver-binding-wasm32-wasi'
430 silly reify ]
431 verbose reify failed optional dependency /Users/murilovieira/Documents/Projeto-Hexis/node_modules/@napi-rs/wasm-runtime
432 silly reify mark deleted [
432 silly reify   '/Users/murilovieira/Documents/Projeto-Hexis/node_modules/@napi-rs/wasm-runtime'
432 silly reify ]
433 verbose reify failed optional dependency /Users/murilovieira/Documents/Projeto-Hexis/node_modules/@emnapi/core
434 silly reify mark deleted [
434 silly reify   '/Users/murilovieira/Documents/Projeto-Hexis/node_modules/@emnapi/core'
434 silly reify ]
435 verbose reify failed optional dependency /Users/murilovieira/Documents/Projeto-Hexis/node_modules/@tybys/wasm-util
436 silly reify mark deleted [
436 silly reify   '/Users/murilovieira/Documents/Projeto-Hexis/node_modules/@tybys/wasm-util'
436 silly reify ]
437 verbose reify failed optional dependency /Users/murilovieira/Documents/Projeto-Hexis/node_modules/@emnapi/wasi-threads
438 silly reify mark deleted [
438 silly reify   '/Users/murilovieira/Documents/Projeto-Hexis/node_modules/@emnapi/wasi-threads'
438 silly reify ]
439 verbose reify failed optional dependency /Users/murilovieira/Documents/Projeto-Hexis/node_modules/@unrs/resolver-binding-linux-x64-musl
440 silly reify mark deleted [
440 silly reify   '/Users/murilovieira/Documents/Projeto-Hexis/node_modules/@unrs/resolver-binding-linux-x64-musl'
440 silly reify ]
441 verbose reify failed optional dependency /Users/murilovieira/Documents/Projeto-Hexis/node_modules/@unrs/resolver-binding-linux-x64-gnu
442 silly reify mark deleted [
442 silly reify   '/Users/murilovieira/Documents/Projeto-Hexis/node_modules/@unrs/resolver-binding-linux-x64-gnu'
442 silly reify ]
443 verbose reify failed optional dependency /Users/murilovieira/Documents/Projeto-Hexis/node_modules/@unrs/resolver-binding-linux-s390x-gnu
444 silly reify mark deleted [
444 silly reify   '/Users/murilovieira/Documents/Projeto-Hexis/node_modules/@unrs/resolver-binding-linux-s390x-gnu'
444 silly reify ]
445 verbose reify failed optional dependency /Users/murilovieira/Documents/Projeto-Hexis/node_modules/@unrs/resolver-binding-linux-riscv64-musl
446 silly reify mark deleted [
446 silly reify   '/Users/murilovieira/Documents/Projeto-Hexis/node_modules/@unrs/resolver-binding-linux-riscv64-musl'
446 silly reify ]
447 verbose reify failed optional dependency /Users/murilovieira/Documents/Projeto-Hexis/node_modules/@unrs/resolver-binding-linux-riscv64-gnu
448 silly reify mark deleted [
448 silly reify   '/Users/murilovieira/Documents/Projeto-Hexis/node_modules/@unrs/resolver-binding-linux-riscv64-gnu'
448 silly reify ]
449 verbose reify failed optional dependency /Users/murilovieira/Documents/Projeto-Hexis/node_modules/@unrs/resolver-binding-linux-ppc64-gnu
450 silly reify mark deleted [
450 silly reify   '/Users/murilovieira/Documents/Projeto-Hexis/node_modules/@unrs/resolver-binding-linux-ppc64-gnu'
450 silly reify ]
451 verbose reify failed optional dependency /Users/murilovieira/Documents/Projeto-Hexis/node_modules/@unrs/resolver-binding-linux-arm64-musl
452 silly reify mark deleted [
452 silly reify   '/Users/murilovieira/Documents/Projeto-Hexis/node_modules/@unrs/resolver-binding-linux-arm64-musl'
452 silly reify ]
453 verbose reify failed optional dependency /Users/murilovieira/Documents/Projeto-Hexis/node_modules/@unrs/resolver-binding-linux-arm64-gnu
454 silly reify mark deleted [
454 silly reify   '/Users/murilovieira/Documents/Projeto-Hexis/node_modules/@unrs/resolver-binding-linux-arm64-gnu'
454 silly reify ]
455 verbose reify failed optional dependency /Users/murilovieira/Documents/Projeto-Hexis/node_modules/@unrs/resolver-binding-linux-arm-musleabihf
456 silly reify mark deleted [
456 silly reify   '/Users/murilovieira/Documents/Projeto-Hexis/node_modules/@unrs/resolver-binding-linux-arm-musleabihf'
456 silly reify ]
457 verbose reify failed optional dependency /Users/murilovieira/Documents/Projeto-Hexis/node_modules/@unrs/resolver-binding-linux-arm-gnueabihf
458 silly reify mark deleted [
458 silly reify   '/Users/murilovieira/Documents/Projeto-Hexis/node_modules/@unrs/resolver-binding-linux-arm-gnueabihf'
458 silly reify ]
459 verbose reify failed optional dependency /Users/murilovieira/Documents/Projeto-Hexis/node_modules/@unrs/resolver-binding-freebsd-x64
460 silly reify mark deleted [
460 silly reify   '/Users/murilovieira/Documents/Projeto-Hexis/node_modules/@unrs/resolver-binding-freebsd-x64'
460 silly reify ]
461 verbose reify failed optional dependency /Users/murilovieira/Documents/Projeto-Hexis/node_modules/@unrs/resolver-binding-darwin-x64
462 silly reify mark deleted [
462 silly reify   '/Users/murilovieira/Documents/Projeto-Hexis/node_modules/@unrs/resolver-binding-darwin-x64'
462 silly reify ]
463 verbose reify failed optional dependency /Users/murilovieira/Documents/Projeto-Hexis/node_modules/@unrs/resolver-binding-android-arm64
464 silly reify mark deleted [
464 silly reify   '/Users/murilovieira/Documents/Projeto-Hexis/node_modules/@unrs/resolver-binding-android-arm64'
464 silly reify ]
465 verbose reify failed optional dependency /Users/murilovieira/Documents/Projeto-Hexis/node_modules/@unrs/resolver-binding-android-arm-eabi
466 silly reify mark deleted [
466 silly reify   '/Users/murilovieira/Documents/Projeto-Hexis/node_modules/@unrs/resolver-binding-android-arm-eabi'
466 silly reify ]
467 verbose reify failed optional dependency /Users/murilovieira/Documents/Projeto-Hexis/node_modules/@next/swc-win32-x64-msvc
468 silly reify mark deleted [
468 silly reify   '/Users/murilovieira/Documents/Projeto-Hexis/node_modules/@next/swc-win32-x64-msvc'
468 silly reify ]
469 verbose reify failed optional dependency /Users/murilovieira/Documents/Projeto-Hexis/node_modules/@next/swc-win32-arm64-msvc
470 silly reify mark deleted [
470 silly reify   '/Users/murilovieira/Documents/Projeto-Hexis/node_modules/@next/swc-win32-arm64-msvc'
470 silly reify ]
471 verbose reify failed optional dependency /Users/murilovieira/Documents/Projeto-Hexis/node_modules/@next/swc-linux-x64-musl
472 silly reify mark deleted [
472 silly reify   '/Users/murilovieira/Documents/Projeto-Hexis/node_modules/@next/swc-linux-x64-musl'
472 silly reify ]
473 verbose reify failed optional dependency /Users/murilovieira/Documents/Projeto-Hexis/node_modules/@next/swc-linux-x64-gnu
474 silly reify mark deleted [
474 silly reify   '/Users/murilovieira/Documents/Projeto-Hexis/node_modules/@next/swc-linux-x64-gnu'
474 silly reify ]
475 verbose reify failed optional dependency /Users/murilovieira/Documents/Projeto-Hexis/node_modules/@next/swc-linux-arm64-musl
476 silly reify mark deleted [
476 silly reify   '/Users/murilovieira/Documents/Projeto-Hexis/node_modules/@next/swc-linux-arm64-musl'
476 silly reify ]
477 verbose reify failed optional dependency /Users/murilovieira/Documents/Projeto-Hexis/node_modules/@next/swc-linux-arm64-gnu
478 silly reify mark deleted [
478 silly reify   '/Users/murilovieira/Documents/Projeto-Hexis/node_modules/@next/swc-linux-arm64-gnu'
478 silly reify ]
479 verbose reify failed optional dependency /Users/murilovieira/Documents/Projeto-Hexis/node_modules/@next/swc-darwin-x64
480 silly reify mark deleted [
480 silly reify   '/Users/murilovieira/Documents/Projeto-Hexis/node_modules/@next/swc-darwin-x64'
480 silly reify ]
481 verbose reify failed optional dependency /Users/murilovieira/Documents/Projeto-Hexis/node_modules/@img/sharp-win32-x64
482 silly reify mark deleted [
482 silly reify   '/Users/murilovieira/Documents/Projeto-Hexis/node_modules/@img/sharp-win32-x64'
482 silly reify ]
483 verbose reify failed optional dependency /Users/murilovieira/Documents/Projeto-Hexis/node_modules/@img/sharp-win32-ia32
484 silly reify mark deleted [
484 silly reify   '/Users/murilovieira/Documents/Projeto-Hexis/node_modules/@img/sharp-win32-ia32'
484 silly reify ]
485 verbose reify failed optional dependency /Users/murilovieira/Documents/Projeto-Hexis/node_modules/@img/sharp-win32-arm64
486 silly reify mark deleted [
486 silly reify   '/Users/murilovieira/Documents/Projeto-Hexis/node_modules/@img/sharp-win32-arm64'
486 silly reify ]
487 verbose reify failed optional dependency /Users/murilovieira/Documents/Projeto-Hexis/node_modules/@img/sharp-wasm32
488 silly reify mark deleted [
488 silly reify   '/Users/murilovieira/Documents/Projeto-Hexis/node_modules/@img/sharp-wasm32'
488 silly reify ]
489 verbose reify failed optional dependency /Users/murilovieira/Documents/Projeto-Hexis/node_modules/@img/sharp-linuxmusl-x64
490 silly reify mark deleted [
490 silly reify   '/Users/murilovieira/Documents/Projeto-Hexis/node_modules/@img/sharp-linuxmusl-x64'
490 silly reify ]
491 verbose reify failed optional dependency /Users/murilovieira/Documents/Projeto-Hexis/node_modules/@img/sharp-linuxmusl-arm64
492 silly reify mark deleted [
492 silly reify   '/Users/murilovieira/Documents/Projeto-Hexis/node_modules/@img/sharp-linuxmusl-arm64'
492 silly reify ]
493 verbose reify failed optional dependency /Users/murilovieira/Documents/Projeto-Hexis/node_modules/@img/sharp-linux-x64
494 silly reify mark deleted [
494 silly reify   '/Users/murilovieira/Documents/Projeto-Hexis/node_modules/@img/sharp-linux-x64'
494 silly reify ]
495 verbose reify failed optional dependency /Users/murilovieira/Documents/Projeto-Hexis/node_modules/@img/sharp-linux-s390x
496 silly reify mark deleted [
496 silly reify   '/Users/murilovieira/Documents/Projeto-Hexis/node_modules/@img/sharp-linux-s390x'
496 silly reify ]
497 verbose reify failed optional dependency /Users/murilovieira/Documents/Projeto-Hexis/node_modules/@img/sharp-linux-riscv64
498 silly reify mark deleted [
498 silly reify   '/Users/murilovieira/Documents/Projeto-Hexis/node_modules/@img/sharp-linux-riscv64'
498 silly reify ]
499 verbose reify failed optional dependency /Users/murilovieira/Documents/Projeto-Hexis/node_modules/@img/sharp-linux-ppc64
500 silly reify mark deleted [
500 silly reify   '/Users/murilovieira/Documents/Projeto-Hexis/node_modules/@img/sharp-linux-ppc64'
500 silly reify ]
501 verbose reify failed optional dependency /Users/murilovieira/Documents/Projeto-Hexis/node_modules/@img/sharp-linux-arm64
502 silly reify mark deleted [
502 silly reify   '/Users/murilovieira/Documents/Projeto-Hexis/node_modules/@img/sharp-linux-arm64'
502 silly reify ]
503 verbose reify failed optional dependency /Users/murilovieira/Documents/Projeto-Hexis/node_modules/@img/sharp-linux-arm
504 silly reify mark deleted [
504 silly reify   '/Users/murilovieira/Documents/Projeto-Hexis/node_modules/@img/sharp-linux-arm'
504 silly reify ]
505 verbose reify failed optional dependency /Users/murilovieira/Documents/Projeto-Hexis/node_modules/@img/sharp-libvips-linuxmusl-x64
506 silly reify mark deleted [
506 silly reify   '/Users/murilovieira/Documents/Projeto-Hexis/node_modules/@img/sharp-libvips-linuxmusl-x64'
506 silly reify ]
507 verbose reify failed optional dependency /Users/murilovieira/Documents/Projeto-Hexis/node_modules/@img/sharp-libvips-linuxmusl-arm64
508 silly reify mark deleted [
508 silly reify   '/Users/murilovieira/Documents/Projeto-Hexis/node_modules/@img/sharp-libvips-linuxmusl-arm64'
508 silly reify ]
509 verbose reify failed optional dependency /Users/murilovieira/Documents/Projeto-Hexis/node_modules/@img/sharp-libvips-linux-x64
510 silly reify mark deleted [
510 silly reify   '/Users/murilovieira/Documents/Projeto-Hexis/node_modules/@img/sharp-libvips-linux-x64'
510 silly reify ]
511 verbose reify failed optional dependency /Users/murilovieira/Documents/Projeto-Hexis/node_modules/@img/sharp-libvips-linux-s390x
512 silly reify mark deleted [
512 silly reify   '/Users/murilovieira/Documents/Projeto-Hexis/node_modules/@img/sharp-libvips-linux-s390x'
512 silly reify ]
513 verbose reify failed optional dependency /Users/murilovieira/Documents/Projeto-Hexis/node_modules/@img/sharp-libvips-linux-riscv64
514 silly reify mark deleted [
514 silly reify   '/Users/murilovieira/Documents/Projeto-Hexis/node_modules/@img/sharp-libvips-linux-riscv64'
514 silly reify ]
515 verbose reify failed optional dependency /Users/murilovieira/Documents/Projeto-Hexis/node_modules/@img/sharp-libvips-linux-ppc64
516 silly reify mark deleted [
516 silly reify   '/Users/murilovieira/Documents/Projeto-Hexis/node_modules/@img/sharp-libvips-linux-ppc64'
516 silly reify ]
517 verbose reify failed optional dependency /Users/murilovieira/Documents/Projeto-Hexis/node_modules/@img/sharp-libvips-linux-arm64
518 silly reify mark deleted [
518 silly reify   '/Users/murilovieira/Documents/Projeto-Hexis/node_modules/@img/sharp-libvips-linux-arm64'
518 silly reify ]
519 verbose reify failed optional dependency /Users/murilovieira/Documents/Projeto-Hexis/node_modules/@img/sharp-libvips-linux-arm
520 silly reify mark deleted [
520 silly reify   '/Users/murilovieira/Documents/Projeto-Hexis/node_modules/@img/sharp-libvips-linux-arm'
520 silly reify ]
521 verbose reify failed optional dependency /Users/murilovieira/Documents/Projeto-Hexis/node_modules/@img/sharp-libvips-darwin-x64
522 silly reify mark deleted [
522 silly reify   '/Users/murilovieira/Documents/Projeto-Hexis/node_modules/@img/sharp-libvips-darwin-x64'
522 silly reify ]
523 verbose reify failed optional dependency /Users/murilovieira/Documents/Projeto-Hexis/node_modules/@img/sharp-darwin-x64
524 silly reify mark deleted [
524 silly reify   '/Users/murilovieira/Documents/Projeto-Hexis/node_modules/@img/sharp-darwin-x64'
524 silly reify ]
525 http cache escalade@https://registry.npmjs.org/escalade/-/escalade-3.2.0.tgz 0ms (cache hit)
526 http cache @typescript-eslint/tsconfig-utils@https://registry.npmjs.org/@typescript-eslint/tsconfig-utils/-/tsconfig-utils-8.53.0.tgz 0ms (cache hit)
527 http cache yallist@https://registry.npmjs.org/yallist/-/yallist-3.1.1.tgz 0ms (cache hit)
528 http cache @typescript-eslint/eslint-plugin@https://registry.npmjs.org/@typescript-eslint/eslint-plugin/-/eslint-plugin-8.53.0.tgz 0ms (cache hit)
529 http cache @typescript-eslint/utils@https://registry.npmjs.org/@typescript-eslint/utils/-/utils-8.53.0.tgz 0ms (cache hit)
530 http cache hermes-estree@https://registry.npmjs.org/hermes-estree/-/hermes-estree-0.25.1.tgz 0ms (cache hit)
531 http cache update-browserslist-db@https://registry.npmjs.org/update-browserslist-db/-/update-browserslist-db-1.2.3.tgz 0ms (cache hit)
532 http cache @typescript-eslint/project-service@https://registry.npmjs.org/@typescript-eslint/project-service/-/project-service-8.53.0.tgz 0ms (cache hit)
533 http cache electron-to-chromium@https://registry.npmjs.org/electron-to-chromium/-/electron-to-chromium-1.5.267.tgz 0ms (cache hit)
534 http cache @typescript-eslint/type-utils@https://registry.npmjs.org/@typescript-eslint/type-utils/-/type-utils-8.53.0.tgz 0ms (cache hit)
535 http cache @jridgewell/sourcemap-codec@https://registry.npmjs.org/@jridgewell/sourcemap-codec/-/sourcemap-codec-1.5.5.tgz 0ms (cache hit)
536 http cache @babel/helper-module-imports@https://registry.npmjs.org/@babel/helper-module-imports/-/helper-module-imports-7.28.6.tgz 0ms (cache hit)
537 http cache @babel/helper-globals@https://registry.npmjs.org/@babel/helper-globals/-/helper-globals-7.28.0.tgz 0ms (cache hit)
538 http cache @jridgewell/resolve-uri@https://registry.npmjs.org/@jridgewell/resolve-uri/-/resolve-uri-3.1.2.tgz 0ms (cache hit)
539 http cache browserslist@https://registry.npmjs.org/browserslist/-/browserslist-4.28.1.tgz 0ms (cache hit)
540 http cache @babel/helper-validator-option@https://registry.npmjs.org/@babel/helper-validator-option/-/helper-validator-option-7.27.1.tgz 0ms (cache hit)
541 http cache jsesc@https://registry.npmjs.org/jsesc/-/jsesc-3.1.0.tgz 0ms (cache hit)
542 http cache @jridgewell/trace-mapping@https://registry.npmjs.org/@jridgewell/trace-mapping/-/trace-mapping-0.3.31.tgz 0ms (cache hit)
543 http cache @jridgewell/gen-mapping@https://registry.npmjs.org/@jridgewell/gen-mapping/-/gen-mapping-0.3.13.tgz 0ms (cache hit)
544 http cache @babel/helper-string-parser@https://registry.npmjs.org/@babel/helper-string-parser/-/helper-string-parser-7.27.1.tgz 0ms (cache hit)
545 http cache @babel/compat-data@https://registry.npmjs.org/@babel/compat-data/-/compat-data-7.28.6.tgz 0ms (cache hit)
546 http cache node-releases@https://registry.npmjs.org/node-releases/-/node-releases-2.0.27.tgz 0ms (cache hit)
547 http cache convert-source-map@https://registry.npmjs.org/convert-source-map/-/convert-source-map-2.0.0.tgz 0ms (cache hit)
548 http cache gensync@https://registry.npmjs.org/gensync/-/gensync-1.0.0-beta.2.tgz 0ms (cache hit)
549 http cache @jridgewell/remapping@https://registry.npmjs.org/@jridgewell/remapping/-/remapping-2.3.5.tgz 0ms (cache hit)
550 http cache @babel/types@https://registry.npmjs.org/@babel/types/-/types-7.28.6.tgz 0ms (cache hit)
551 http cache @babel/traverse@https://registry.npmjs.org/@babel/traverse/-/traverse-7.28.6.tgz 0ms (cache hit)
552 http cache @babel/helpers@https://registry.npmjs.org/@babel/helpers/-/helpers-7.28.6.tgz 0ms (cache hit)
553 http cache @babel/generator@https://registry.npmjs.org/@babel/generator/-/generator-7.28.6.tgz 0ms (cache hit)
554 http cache @babel/helper-module-transforms@https://registry.npmjs.org/@babel/helper-module-transforms/-/helper-module-transforms-7.28.6.tgz 0ms (cache hit)
555 http cache @babel/helper-compilation-targets@https://registry.npmjs.org/@babel/helper-compilation-targets/-/helper-compilation-targets-7.28.6.tgz 0ms (cache hit)
556 http cache @babel/template@https://registry.npmjs.org/@babel/template/-/template-7.28.6.tgz 0ms (cache hit)
557 http cache zod-validation-error@https://registry.npmjs.org/zod-validation-error/-/zod-validation-error-4.0.2.tgz 0ms (cache hit)
558 http cache @babel/code-frame@https://registry.npmjs.org/@babel/code-frame/-/code-frame-7.28.6.tgz 0ms (cache hit)
559 http cache zod@https://registry.npmjs.org/zod/-/zod-4.3.5.tgz 0ms (cache hit)
560 http cache @babel/parser@https://registry.npmjs.org/@babel/parser/-/parser-7.28.6.tgz 0ms (cache hit)
561 http cache @babel/helper-validator-identifier@https://registry.npmjs.org/@babel/helper-validator-identifier/-/helper-validator-identifier-7.28.5.tgz 0ms (cache hit)
562 http cache hermes-parser@https://registry.npmjs.org/hermes-parser/-/hermes-parser-0.25.1.tgz 0ms (cache hit)
563 http cache @tybys/wasm-util@https://registry.npmjs.org/@tybys/wasm-util/-/wasm-util-0.10.1.tgz 0ms (cache hit)
564 http cache @emnapi/core@https://registry.npmjs.org/@emnapi/core/-/core-1.8.1.tgz 0ms (cache hit)
565 http cache ts-api-utils@https://registry.npmjs.org/ts-api-utils/-/ts-api-utils-2.4.0.tgz 0ms (cache hit)
566 http cache typescript-eslint@https://registry.npmjs.org/typescript-eslint/-/typescript-eslint-8.53.0.tgz 0ms (cache hit)
567 http cache lru-cache@https://registry.npmjs.org/lru-cache/-/lru-cache-5.1.1.tgz 0ms (cache hit)
568 http cache @babel/core@https://registry.npmjs.org/@babel/core/-/core-7.28.6.tgz 0ms (cache hit)
569 http cache fast-glob@https://registry.npmjs.org/fast-glob/-/fast-glob-3.3.1.tgz 0ms (cache hit)
570 http cache @napi-rs/wasm-runtime@https://registry.npmjs.org/@napi-rs/wasm-runtime/-/wasm-runtime-0.2.12.tgz 0ms (cache hit)
571 http cache eslint-plugin-react-hooks@https://registry.npmjs.org/eslint-plugin-react-hooks/-/eslint-plugin-react-hooks-7.0.1.tgz 0ms (cache hit)
572 http cache @typescript-eslint/visitor-keys@https://registry.npmjs.org/@typescript-eslint/visitor-keys/-/visitor-keys-8.53.0.tgz 0ms (cache hit)
573 http cache @emnapi/wasi-threads@https://registry.npmjs.org/@emnapi/wasi-threads/-/wasi-threads-1.1.0.tgz 0ms (cache hit)
574 http cache @typescript-eslint/types@https://registry.npmjs.org/@typescript-eslint/types/-/types-8.53.0.tgz 0ms (cache hit)
575 http cache eslint-config-next@https://registry.npmjs.org/eslint-config-next/-/eslint-config-next-16.1.1.tgz 0ms (cache hit)
576 http cache @typescript-eslint/parser@https://registry.npmjs.org/@typescript-eslint/parser/-/parser-8.53.0.tgz 0ms (cache hit)
577 http cache @next/eslint-plugin-next@https://registry.npmjs.org/@next/eslint-plugin-next/-/eslint-plugin-next-16.1.1.tgz 0ms (cache hit)
578 http cache @typescript-eslint/scope-manager@https://registry.npmjs.org/@typescript-eslint/scope-manager/-/scope-manager-8.53.0.tgz 0ms (cache hit)
579 http cache ignore@https://registry.npmjs.org/ignore/-/ignore-7.0.5.tgz 0ms (cache hit)
580 http cache json5@https://registry.npmjs.org/json5/-/json5-2.2.3.tgz 0ms (cache hit)
581 http cache semver@https://registry.npmjs.org/semver/-/semver-6.3.1.tgz 0ms (cache hit)
582 http cache @typescript-eslint/typescript-estree@https://registry.npmjs.org/@typescript-eslint/typescript-estree/-/typescript-estree-8.53.0.tgz 0ms (cache hit)
583 http cache semver@https://registry.npmjs.org/semver/-/semver-6.3.1.tgz 0ms (cache hit)
584 http cache globals@https://registry.npmjs.org/globals/-/globals-16.4.0.tgz 0ms (cache hit)
585 silly tarball no local data for escalade@https://registry.npmjs.org/escalade/-/escalade-3.2.0.tgz. Extracting by manifest.
586 http cache minimatch@https://registry.npmjs.org/minimatch/-/minimatch-9.0.5.tgz 0ms (cache hit)
587 http cache eslint-visitor-keys@https://registry.npmjs.org/eslint-visitor-keys/-/eslint-visitor-keys-4.2.1.tgz 0ms (cache hit)
588 silly tarball no local data for @typescript-eslint/tsconfig-utils@https://registry.npmjs.org/@typescript-eslint/tsconfig-utils/-/tsconfig-utils-8.53.0.tgz. Extracting by manifest.
589 silly tarball no local data for yallist@https://registry.npmjs.org/yallist/-/yallist-3.1.1.tgz. Extracting by manifest.
590 silly tarball no local data for @typescript-eslint/eslint-plugin@https://registry.npmjs.org/@typescript-eslint/eslint-plugin/-/eslint-plugin-8.53.0.tgz. Extracting by manifest.
591 silly tarball no local data for @typescript-eslint/utils@https://registry.npmjs.org/@typescript-eslint/utils/-/utils-8.53.0.tgz. Extracting by manifest.
592 silly tarball no local data for hermes-estree@https://registry.npmjs.org/hermes-estree/-/hermes-estree-0.25.1.tgz. Extracting by manifest.
593 silly tarball no local data for update-browserslist-db@https://registry.npmjs.org/update-browserslist-db/-/update-browserslist-db-1.2.3.tgz. Extracting by manifest.
594 silly tarball no local data for @typescript-eslint/project-service@https://registry.npmjs.org/@typescript-eslint/project-service/-/project-service-8.53.0.tgz. Extracting by manifest.
595 silly tarball no local data for electron-to-chromium@https://registry.npmjs.org/electron-to-chromium/-/electron-to-chromium-1.5.267.tgz. Extracting by manifest.
596 silly tarball no local data for @typescript-eslint/type-utils@https://registry.npmjs.org/@typescript-eslint/type-utils/-/type-utils-8.53.0.tgz. Extracting by manifest.
597 silly tarball no local data for @jridgewell/sourcemap-codec@https://registry.npmjs.org/@jridgewell/sourcemap-codec/-/sourcemap-codec-1.5.5.tgz. Extracting by manifest.
598 silly tarball no local data for @babel/helper-module-imports@https://registry.npmjs.org/@babel/helper-module-imports/-/helper-module-imports-7.28.6.tgz. Extracting by manifest.
599 silly tarball no local data for @babel/helper-globals@https://registry.npmjs.org/@babel/helper-globals/-/helper-globals-7.28.0.tgz. Extracting by manifest.
600 silly tarball no local data for browserslist@https://registry.npmjs.org/browserslist/-/browserslist-4.28.1.tgz. Extracting by manifest.
601 silly tarball no local data for @jridgewell/resolve-uri@https://registry.npmjs.org/@jridgewell/resolve-uri/-/resolve-uri-3.1.2.tgz. Extracting by manifest.
602 silly tarball no local data for @babel/helper-validator-option@https://registry.npmjs.org/@babel/helper-validator-option/-/helper-validator-option-7.27.1.tgz. Extracting by manifest.
603 silly tarball no local data for jsesc@https://registry.npmjs.org/jsesc/-/jsesc-3.1.0.tgz. Extracting by manifest.
604 silly tarball no local data for @jridgewell/trace-mapping@https://registry.npmjs.org/@jridgewell/trace-mapping/-/trace-mapping-0.3.31.tgz. Extracting by manifest.
605 silly tarball no local data for @jridgewell/gen-mapping@https://registry.npmjs.org/@jridgewell/gen-mapping/-/gen-mapping-0.3.13.tgz. Extracting by manifest.
606 silly tarball no local data for @babel/compat-data@https://registry.npmjs.org/@babel/compat-data/-/compat-data-7.28.6.tgz. Extracting by manifest.
607 silly tarball no local data for @babel/helper-string-parser@https://registry.npmjs.org/@babel/helper-string-parser/-/helper-string-parser-7.27.1.tgz. Extracting by manifest.
608 silly tarball no local data for node-releases@https://registry.npmjs.org/node-releases/-/node-releases-2.0.27.tgz. Extracting by manifest.
609 silly tarball no local data for convert-source-map@https://registry.npmjs.org/convert-source-map/-/convert-source-map-2.0.0.tgz. Extracting by manifest.
610 silly tarball no local data for @jridgewell/remapping@https://registry.npmjs.org/@jridgewell/remapping/-/remapping-2.3.5.tgz. Extracting by manifest.
611 silly tarball no local data for gensync@https://registry.npmjs.org/gensync/-/gensync-1.0.0-beta.2.tgz. Extracting by manifest.
612 silly tarball no local data for @babel/types@https://registry.npmjs.org/@babel/types/-/types-7.28.6.tgz. Extracting by manifest.
613 silly tarball no local data for @babel/traverse@https://registry.npmjs.org/@babel/traverse/-/traverse-7.28.6.tgz. Extracting by manifest.
614 silly tarball no local data for @babel/helpers@https://registry.npmjs.org/@babel/helpers/-/helpers-7.28.6.tgz. Extracting by manifest.
615 silly tarball no local data for @babel/helper-module-transforms@https://registry.npmjs.org/@babel/helper-module-transforms/-/helper-module-transforms-7.28.6.tgz. Extracting by manifest.
616 silly tarball no local data for @babel/generator@https://registry.npmjs.org/@babel/generator/-/generator-7.28.6.tgz. Extracting by manifest.
617 silly tarball no local data for @babel/helper-compilation-targets@https://registry.npmjs.org/@babel/helper-compilation-targets/-/helper-compilation-targets-7.28.6.tgz. Extracting by manifest.
618 silly tarball no local data for @babel/template@https://registry.npmjs.org/@babel/template/-/template-7.28.6.tgz. Extracting by manifest.
619 silly tarball no local data for @babel/code-frame@https://registry.npmjs.org/@babel/code-frame/-/code-frame-7.28.6.tgz. Extracting by manifest.
620 silly tarball no local data for zod@https://registry.npmjs.org/zod/-/zod-4.3.5.tgz. Extracting by manifest.
621 silly tarball no local data for zod-validation-error@https://registry.npmjs.org/zod-validation-error/-/zod-validation-error-4.0.2.tgz. Extracting by manifest.
622 silly tarball no local data for @babel/parser@https://registry.npmjs.org/@babel/parser/-/parser-7.28.6.tgz. Extracting by manifest.
623 silly tarball no local data for @babel/helper-validator-identifier@https://registry.npmjs.org/@babel/helper-validator-identifier/-/helper-validator-identifier-7.28.5.tgz. Extracting by manifest.
624 silly tarball no local data for hermes-parser@https://registry.npmjs.org/hermes-parser/-/hermes-parser-0.25.1.tgz. Extracting by manifest.
625 silly tarball no local data for ts-api-utils@https://registry.npmjs.org/ts-api-utils/-/ts-api-utils-2.4.0.tgz. Extracting by manifest.
626 silly tarball no local data for typescript-eslint@https://registry.npmjs.org/typescript-eslint/-/typescript-eslint-8.53.0.tgz. Extracting by manifest.
627 silly tarball no local data for lru-cache@https://registry.npmjs.org/lru-cache/-/lru-cache-5.1.1.tgz. Extracting by manifest.
628 silly tarball no local data for @babel/core@https://registry.npmjs.org/@babel/core/-/core-7.28.6.tgz. Extracting by manifest.
629 silly tarball no local data for fast-glob@https://registry.npmjs.org/fast-glob/-/fast-glob-3.3.1.tgz. Extracting by manifest.
630 silly tarball no local data for eslint-plugin-react-hooks@https://registry.npmjs.org/eslint-plugin-react-hooks/-/eslint-plugin-react-hooks-7.0.1.tgz. Extracting by manifest.
631 silly tarball no local data for @typescript-eslint/visitor-keys@https://registry.npmjs.org/@typescript-eslint/visitor-keys/-/visitor-keys-8.53.0.tgz. Extracting by manifest.
632 silly tarball no local data for @typescript-eslint/types@https://registry.npmjs.org/@typescript-eslint/types/-/types-8.53.0.tgz. Extracting by manifest.
633 silly tarball no local data for eslint-config-next@https://registry.npmjs.org/eslint-config-next/-/eslint-config-next-16.1.1.tgz. Extracting by manifest.
634 silly tarball no local data for @typescript-eslint/parser@https://registry.npmjs.org/@typescript-eslint/parser/-/parser-8.53.0.tgz. Extracting by manifest.
635 silly tarball no local data for @next/eslint-plugin-next@https://registry.npmjs.org/@next/eslint-plugin-next/-/eslint-plugin-next-16.1.1.tgz. Extracting by manifest.
636 silly tarball no local data for @typescript-eslint/scope-manager@https://registry.npmjs.org/@typescript-eslint/scope-manager/-/scope-manager-8.53.0.tgz. Extracting by manifest.
637 silly tarball no local data for ignore@https://registry.npmjs.org/ignore/-/ignore-7.0.5.tgz. Extracting by manifest.
638 silly tarball no local data for json5@https://registry.npmjs.org/json5/-/json5-2.2.3.tgz. Extracting by manifest.
639 silly tarball no local data for @typescript-eslint/typescript-estree@https://registry.npmjs.org/@typescript-eslint/typescript-estree/-/typescript-estree-8.53.0.tgz. Extracting by manifest.
640 silly tarball no local data for globals@https://registry.npmjs.org/globals/-/globals-16.4.0.tgz. Extracting by manifest.
641 silly tarball no local data for eslint-visitor-keys@https://registry.npmjs.org/eslint-visitor-keys/-/eslint-visitor-keys-4.2.1.tgz. Extracting by manifest.
642 http fetch GET 200 https://registry.npmjs.org/yallist/-/yallist-3.1.1.tgz 74ms (cache miss)
643 http fetch GET 200 https://registry.npmjs.org/escalade/-/escalade-3.2.0.tgz 75ms (cache miss)
644 http fetch GET 200 https://registry.npmjs.org/@typescript-eslint/tsconfig-utils/-/tsconfig-utils-8.53.0.tgz 79ms (cache miss)
645 http fetch GET 200 https://registry.npmjs.org/hermes-estree/-/hermes-estree-0.25.1.tgz 99ms (cache miss)
646 http fetch GET 200 https://registry.npmjs.org/@jridgewell/resolve-uri/-/resolve-uri-3.1.2.tgz 108ms (cache miss)
647 http fetch GET 200 https://registry.npmjs.org/jsesc/-/jsesc-3.1.0.tgz 109ms (cache miss)
648 http fetch GET 200 https://registry.npmjs.org/@babel/helper-validator-option/-/helper-validator-option-7.27.1.tgz 121ms (cache miss)
649 http fetch POST 200 https://registry.npmjs.org/-/npm/v1/security/advisories/bulk 286ms
650 silly audit report {}
651 http fetch GET 200 https://registry.npmjs.org/@typescript-eslint/utils/-/utils-8.53.0.tgz 290ms (cache miss)
652 http fetch GET 200 https://registry.npmjs.org/@babel/compat-data/-/compat-data-7.28.6.tgz 298ms (cache miss)
653 http fetch GET 200 https://registry.npmjs.org/node-releases/-/node-releases-2.0.27.tgz 311ms (cache miss)
654 http fetch GET 200 https://registry.npmjs.org/convert-source-map/-/convert-source-map-2.0.0.tgz 316ms (cache miss)
655 http fetch GET 200 https://registry.npmjs.org/@typescript-eslint/project-service/-/project-service-8.53.0.tgz 323ms (cache miss)
656 http fetch GET 200 https://registry.npmjs.org/update-browserslist-db/-/update-browserslist-db-1.2.3.tgz 323ms (cache miss)
657 http fetch GET 200 https://registry.npmjs.org/gensync/-/gensync-1.0.0-beta.2.tgz 342ms (cache miss)
658 http fetch GET 200 https://registry.npmjs.org/@babel/helper-globals/-/helper-globals-7.28.0.tgz 345ms (cache miss)
659 http fetch GET 200 https://registry.npmjs.org/browserslist/-/browserslist-4.28.1.tgz 362ms (cache miss)
660 http fetch GET 200 https://registry.npmjs.org/@babel/helper-module-imports/-/helper-module-imports-7.28.6.tgz 367ms (cache miss)
661 http fetch GET 200 https://registry.npmjs.org/lru-cache/-/lru-cache-5.1.1.tgz 365ms (cache miss)
662 http fetch GET 200 https://registry.npmjs.org/@babel/code-frame/-/code-frame-7.28.6.tgz 370ms (cache miss)
663 http fetch GET 200 https://registry.npmjs.org/@jridgewell/gen-mapping/-/gen-mapping-0.3.13.tgz 389ms (cache miss)
664 http fetch GET 200 https://registry.npmjs.org/@jridgewell/remapping/-/remapping-2.3.5.tgz 389ms (cache miss)
665 http fetch GET 200 https://registry.npmjs.org/electron-to-chromium/-/electron-to-chromium-1.5.267.tgz 401ms (cache miss)
666 http fetch GET 200 https://registry.npmjs.org/zod-validation-error/-/zod-validation-error-4.0.2.tgz 399ms (cache miss)
667 http fetch GET 200 https://registry.npmjs.org/@jridgewell/sourcemap-codec/-/sourcemap-codec-1.5.5.tgz 403ms (cache miss)
668 http fetch GET 200 https://registry.npmjs.org/@babel/template/-/template-7.28.6.tgz 404ms (cache miss)
669 http fetch GET 200 https://registry.npmjs.org/@babel/helper-validator-identifier/-/helper-validator-identifier-7.28.5.tgz 409ms (cache miss)
670 http fetch GET 200 https://registry.npmjs.org/@babel/helper-module-transforms/-/helper-module-transforms-7.28.6.tgz 411ms (cache miss)
671 http fetch GET 200 https://registry.npmjs.org/@jridgewell/trace-mapping/-/trace-mapping-0.3.31.tgz 415ms (cache miss)
672 http fetch GET 200 https://registry.npmjs.org/@typescript-eslint/parser/-/parser-8.53.0.tgz 413ms (cache miss)
673 http fetch GET 200 https://registry.npmjs.org/@typescript-eslint/visitor-keys/-/visitor-keys-8.53.0.tgz 414ms (cache miss)
674 http fetch GET 200 https://registry.npmjs.org/@babel/helper-compilation-targets/-/helper-compilation-targets-7.28.6.tgz 416ms (cache miss)
675 http fetch GET 200 https://registry.npmjs.org/eslint-config-next/-/eslint-config-next-16.1.1.tgz 416ms (cache miss)
676 http fetch GET 200 https://registry.npmjs.org/typescript-eslint/-/typescript-eslint-8.53.0.tgz 420ms (cache miss)
677 http fetch GET 200 https://registry.npmjs.org/@typescript-eslint/type-utils/-/type-utils-8.53.0.tgz 425ms (cache miss)
678 http fetch GET 200 https://registry.npmjs.org/@babel/helper-string-parser/-/helper-string-parser-7.27.1.tgz 447ms (cache miss)
679 http fetch GET 200 https://registry.npmjs.org/@typescript-eslint/types/-/types-8.53.0.tgz 454ms (cache miss)
680 http fetch GET 200 https://registry.npmjs.org/ts-api-utils/-/ts-api-utils-2.4.0.tgz 509ms (cache miss)
681 http fetch GET 200 https://registry.npmjs.org/fast-glob/-/fast-glob-3.3.1.tgz 527ms (cache miss)
682 http fetch GET 200 https://registry.npmjs.org/json5/-/json5-2.2.3.tgz 532ms (cache miss)
683 http fetch GET 200 https://registry.npmjs.org/@next/eslint-plugin-next/-/eslint-plugin-next-16.1.1.tgz 548ms (cache miss)
684 http fetch GET 200 https://registry.npmjs.org/@babel/traverse/-/traverse-7.28.6.tgz 580ms (cache miss)
685 http fetch GET 200 https://registry.npmjs.org/globals/-/globals-16.4.0.tgz 578ms (cache miss)
686 http fetch GET 200 https://registry.npmjs.org/@babel/generator/-/generator-7.28.6.tgz 582ms (cache miss)
687 http fetch GET 200 https://registry.npmjs.org/ignore/-/ignore-7.0.5.tgz 584ms (cache miss)
688 http fetch GET 200 https://registry.npmjs.org/hermes-parser/-/hermes-parser-0.25.1.tgz 610ms (cache miss)
689 http fetch GET 200 https://registry.npmjs.org/eslint-visitor-keys/-/eslint-visitor-keys-4.2.1.tgz 899ms (cache miss)
690 http fetch GET 200 https://registry.npmjs.org/@babel/parser/-/parser-7.28.6.tgz 910ms (cache miss)
691 http fetch GET 200 https://registry.npmjs.org/@typescript-eslint/typescript-estree/-/typescript-estree-8.53.0.tgz 927ms (cache miss)
692 http fetch GET 200 https://registry.npmjs.org/@babel/core/-/core-7.28.6.tgz 953ms (cache miss)
693 http fetch GET 200 https://registry.npmjs.org/eslint-plugin-react-hooks/-/eslint-plugin-react-hooks-7.0.1.tgz 999ms (cache miss)
694 http fetch GET 200 https://registry.npmjs.org/@babel/helpers/-/helpers-7.28.6.tgz 1002ms (cache miss)
695 http fetch GET 200 https://registry.npmjs.org/@babel/types/-/types-7.28.6.tgz 1079ms (cache miss)
696 http fetch GET 200 https://registry.npmjs.org/@typescript-eslint/scope-manager/-/scope-manager-8.53.0.tgz 1076ms (cache miss)
697 http fetch GET 200 https://registry.npmjs.org/@typescript-eslint/eslint-plugin/-/eslint-plugin-8.53.0.tgz 1120ms (cache miss)
698 http fetch GET 200 https://registry.npmjs.org/zod/-/zod-4.3.5.tgz 1193ms (cache miss)
699 silly ADD node_modules/escalade
700 silly ADD node_modules/@typescript-eslint/tsconfig-utils
701 silly ADD node_modules/@typescript-eslint/project-service
702 silly ADD node_modules/@typescript-eslint/type-utils
703 silly ADD node_modules/@typescript-eslint/utils
704 silly ADD node_modules/@typescript-eslint/eslint-plugin
705 silly ADD node_modules/@typescript-eslint/eslint-plugin/node_modules/ignore
706 silly ADD node_modules/yallist
707 silly ADD node_modules/hermes-estree
708 silly ADD node_modules/update-browserslist-db
709 silly ADD node_modules/node-releases
710 silly ADD node_modules/electron-to-chromium
711 silly ADD node_modules/@jridgewell/resolve-uri
712 silly ADD node_modules/@jridgewell/sourcemap-codec
713 silly ADD node_modules/@babel/helper-string-parser
714 silly ADD node_modules/@babel/helper-globals
715 silly ADD node_modules/@babel/helper-module-imports
716 silly ADD node_modules/browserslist
717 silly ADD node_modules/@babel/helper-validator-option
718 silly ADD node_modules/@babel/compat-data
719 silly ADD node_modules/jsesc
720 silly ADD node_modules/@jridgewell/trace-mapping
721 silly ADD node_modules/@jridgewell/gen-mapping
722 silly ADD node_modules/@babel/helper-validator-identifier
723 silly ADD node_modules/gensync
724 silly ADD node_modules/convert-source-map
725 silly ADD node_modules/@jridgewell/remapping
726 silly ADD node_modules/@babel/types
727 silly ADD node_modules/@babel/traverse
728 silly ADD node_modules/@babel/template
729 silly ADD node_modules/@babel/helpers
730 silly ADD node_modules/@babel/helper-module-transforms
731 silly ADD node_modules/@babel/helper-compilation-targets
732 silly ADD node_modules/@babel/helper-compilation-targets/node_modules/semver
733 silly ADD node_modules/@babel/generator
734 silly ADD node_modules/@babel/code-frame
735 silly ADD node_modules/zod-validation-error
736 silly ADD node_modules/zod
737 silly ADD node_modules/hermes-parser
738 silly ADD node_modules/@babel/parser
739 silly ADD node_modules/@babel/core
740 silly ADD node_modules/@babel/core/node_modules/semver
741 silly ADD node_modules/@babel/core/node_modules/json5
742 silly ADD node_modules/typescript-eslint
743 silly ADD
744 silly ADD
745 silly ADD
746 silly ADD
747 silly ADD
748 silly ADD
749 silly ADD
750 silly ADD
751 silly ADD
752 silly ADD
753 silly ADD
754 silly ADD
755 silly ADD
756 silly ADD
757 silly ADD
758 silly ADD
759 silly ADD
760 silly ADD
761 silly ADD
762 silly ADD
763 silly ADD
764 silly ADD
765 silly ADD
766 silly ADD
767 silly ADD
768 silly ADD
769 silly ADD
770 silly ADD
771 silly ADD
772 silly ADD
773 silly ADD
774 silly ADD
775 silly ADD
776 silly ADD
777 silly ADD
778 silly ADD
779 silly ADD
780 silly ADD
781 silly ADD
782 silly ADD
783 silly ADD
784 silly ADD
785 silly ADD
786 silly ADD
787 silly ADD
788 silly ADD
789 silly ADD
790 silly ADD
791 silly ADD
792 silly ADD
793 silly ADD
794 silly REMOVE node_modules/wrap-ansi-cjs
795 silly REMOVE node_modules/wrap-ansi-cjs/node_modules/string-width
796 silly REMOVE node_modules/wrap-ansi-cjs/node_modules/emoji-regex
797 silly REMOVE node_modules/wrap-ansi
798 silly REMOVE node_modules/wrap-ansi/node_modules/strip-ansi
799 silly REMOVE node_modules/wrap-ansi/node_modules/ansi-styles
800 silly REMOVE node_modules/wrap-ansi/node_modules/ansi-regex
801 silly CHANGE node_modules/ts-api-utils
802 silly REMOVE node_modules/strip-ansi-cjs
803 silly REMOVE node_modules/string-width-cjs
804 silly REMOVE node_modules/string-width-cjs/node_modules/emoji-regex
805 silly REMOVE node_modules/string-width
806 silly REMOVE node_modules/string-width/node_modules/strip-ansi
807 silly REMOVE node_modules/string-width/node_modules/ansi-regex
808 silly REMOVE node_modules/slash
809 silly REMOVE node_modules/signal-exit
810 silly REMOVE node_modules/path-type
811 silly REMOVE node_modules/path-scurry
812 silly REMOVE node_modules/minipass
813 silly CHANGE node_modules/lru-cache
814 silly REMOVE node_modules/jackspeak
815 silly REMOVE node_modules/is-fullwidth-code-point
816 silly REMOVE node_modules/globby
817 silly REMOVE node_modules/glob
818 silly REMOVE node_modules/glob/node_modules/minimatch
819 silly REMOVE node_modules/glob/node_modules/brace-expansion
820 silly REMOVE node_modules/foreground-child
821 silly CHANGE node_modules/fast-glob
822 silly CHANGE node_modules/eslint-plugin-react-hooks
823 silly CHANGE node_modules/eslint-config-next
824 silly ADD node_modules/eslint-config-next/node_modules/globals
825 silly REMOVE node_modules/eastasianwidth
826 silly REMOVE node_modules/dir-glob
827 silly REMOVE node_modules/array-union
828 silly CHANGE node_modules/@typescript-eslint/visitor-keys
829 silly ADD node_modules/@typescript-eslint/visitor-keys/node_modules/eslint-visitor-keys
830 silly CHANGE node_modules/@typescript-eslint/typescript-estree
831 silly CHANGE node_modules/@typescript-eslint/typescript-estree/node_modules/minimatch
832 silly CHANGE node_modules/@typescript-eslint/types
833 silly CHANGE node_modules/@typescript-eslint/scope-manager
834 silly CHANGE node_modules/@typescript-eslint/parser
835 silly REMOVE node_modules/@rushstack/eslint-patch
836 silly REMOVE node_modules/@pkgjs/parseargs
837 silly CHANGE node_modules/@next/eslint-plugin-next
838 silly REMOVE node_modules/@isaacs/cliui
839 silly REMOVE node_modules/@isaacs/cliui/node_modules/strip-ansi
840 silly REMOVE node_modules/@isaacs/cliui/node_modules/ansi-regex
841 verbose cwd /Users/murilovieira/Documents/Projeto-Hexis
842 verbose os Darwin 25.1.0
843 verbose node v22.19.0
844 verbose npm  v10.9.3
845 verbose exit 0
846 info ok
